dataset,sequence,camera,frame_id,image_path,timestamp_seconds,x,y,z
KITTI_odometry,05,image_0,000000,sequences/05/image_0/000000.png,0.0,1.110223e-16,0.0,2.220446e-16
KITTI_odometry,05,image_0,000001,sequences/05/image_0/000001.png,0.1042283,0.003499723,-0.009789328,0.5653511
KITTI_odometry,05,image_0,000002,sequences/05/image_0/000002.png,0.2084765,0.001173954,-0.02241474,1.127607
KITTI_odometry,05,image_0,000003,sequences/05/image_0/000003.png,0.3127291,-0.007831705,-0.04141091,1.689225
KITTI_odometry,05,image_0,000004,sequences/05/image_0/000004.png,0.4169786,-0.01508128,-0.0592272,2.251296
KITTI_odometry,05,image_0,000005,sequences/05/image_0/000005.png,0.5212271,-0.02040073,-0.07423248,2.816072
KITTI_odometry,05,image_0,000006,sequences/05/image_0/000006.png,0.6254761,-0.02969353,-0.09078265,3.390281
KITTI_odometry,05,image_0,000007,sequences/05/image_0/000007.png,0.729727,-0.04152744,-0.1098544,3.969489
KITTI_odometry,05,image_0,000008,sequences/05/image_0/000008.png,0.833976,-0.05593704,-0.1348021,4.556204
KITTI_odometry,05,image_0,000009,sequences/05/image_0/000009.png,0.9383588,-0.07008098,-0.1575514,5.150463
KITTI_odometry,05,image_0,000010,sequences/05/image_0/000010.png,1.042605,-0.08798198,-0.1803479,5.751285
KITTI_odometry,05,image_0,000011,sequences/05/image_0/000011.png,1.146853,-0.1054713,-0.1996581,6.363942
KITTI_odometry,05,image_0,000012,sequences/05/image_0/000012.png,1.251125,-0.1238576,-0.2187844,6.989627
KITTI_odometry,05,image_0,000013,sequences/05/image_0/000013.png,1.355354,-0.1444743,-0.2366165,7.637602
KITTI_odometry,05,image_0,000014,sequences/05/image_0/000014.png,1.459603,-0.1645124,-0.2542635,8.302111
KITTI_odometry,05,image_0,000015,sequences/05/image_0/000015.png,1.563854,-0.1844755,-0.2738044,8.978383
KITTI_odometry,05,image_0,000016,sequences/05/image_0/000016.png,1.668106,-0.2077191,-0.2924369,9.661917
KITTI_odometry,05,image_0,000017,sequences/05/image_0/000017.png,1.772352,-0.2329992,-0.3035717,10.35368
KITTI_odometry,05,image_0,000018,sequences/05/image_0/000018.png,1.876603,-0.253794,-0.3091782,11.06423
KITTI_odometry,05,image_0,000019,sequences/05/image_0/000019.png,1.980855,-0.270128,-0.3152238,11.79839
KITTI_odometry,05,image_0,000020,sequences/05/image_0/000020.png,2.085105,-0.2821162,-0.3207015,12.5587
KITTI_odometry,05,image_0,000021,sequences/05/image_0/000021.png,2.189354,-0.2962122,-0.3252216,13.3352
KITTI_odometry,05,image_0,000022,sequences/05/image_0/000022.png,2.293607,-0.3128296,-0.3292075,14.12399
KITTI_odometry,05,image_0,000023,sequences/05/image_0/000023.png,2.397855,-0.3270868,-0.3300205,14.92763
KITTI_odometry,05,image_0,000024,sequences/05/image_0/000024.png,2.502107,-0.3451203,-0.32986,15.74882
KITTI_odometry,05,image_0,000025,sequences/05/image_0/000025.png,2.606377,-0.3585571,-0.3310784,16.58175
KITTI_odometry,05,image_0,000026,sequences/05/image_0/000026.png,2.710606,-0.3661096,-0.3374209,17.4281
KITTI_odometry,05,image_0,000027,sequences/05/image_0/000027.png,2.814856,-0.3686442,-0.3506532,18.28806
KITTI_odometry,05,image_0,000028,sequences/05/image_0/000028.png,2.919104,-0.3812873,-0.3643232,19.16967
KITTI_odometry,05,image_0,000029,sequences/05/image_0/000029.png,3.023358,-0.3931436,-0.383628,20.0706
KITTI_odometry,05,image_0,000030,sequences/05/image_0/000030.png,3.127481,-0.4065575,-0.4078809,20.99062
KITTI_odometry,05,image_0,000031,sequences/05/image_0/000031.png,3.231728,-0.419658,-0.4350658,21.92489
KITTI_odometry,05,image_0,000032,sequences/05/image_0/000032.png,3.335979,-0.4375606,-0.463143,22.87774
KITTI_odometry,05,image_0,000033,sequences/05/image_0/000033.png,3.440232,-0.4507315,-0.4913797,23.84921
KITTI_odometry,05,image_0,000034,sequences/05/image_0/000034.png,3.544357,-0.46864,-0.5208191,24.82497
KITTI_odometry,05,image_0,000035,sequences/05/image_0/000035.png,3.648605,-0.4870736,-0.5504866,25.80752
KITTI_odometry,05,image_0,000036,sequences/05/image_0/000036.png,3.752729,-0.5055765,-0.5806979,26.79489
KITTI_odometry,05,image_0,000037,sequences/05/image_0/000037.png,3.856982,-0.5258752,-0.6123111,27.7959
KITTI_odometry,05,image_0,000038,sequences/05/image_0/000038.png,3.961233,-0.5464848,-0.6430976,28.8031
KITTI_odometry,05,image_0,000039,sequences/05/image_0/000039.png,4.065354,-0.5679163,-0.673845,29.8173
KITTI_odometry,05,image_0,000040,sequences/05/image_0/000040.png,4.169606,-0.5884758,-0.7048065,30.8382
KITTI_odometry,05,image_0,000041,sequences/05/image_0/000041.png,4.273854,-0.6113853,-0.7344817,31.86663
KITTI_odometry,05,image_0,000042,sequences/05/image_0/000042.png,4.377982,-0.6341856,-0.765854,32.9025
KITTI_odometry,05,image_0,000043,sequences/05/image_0/000043.png,4.482232,-0.6562571,-0.7960953,33.94945
KITTI_odometry,05,image_0,000044,sequences/05/image_0/000044.png,4.586357,-0.6799668,-0.8250696,35.00439
KITTI_odometry,05,image_0,000045,sequences/05/image_0/000045.png,4.690605,-0.7046294,-0.852128,36.06726
KITTI_odometry,05,image_0,000046,sequences/05/image_0/000046.png,4.794755,-0.7318157,-0.8792448,37.12992
KITTI_odometry,05,image_0,000047,sequences/05/image_0/000047.png,4.898858,-0.7509456,-0.8999454,38.20156
KITTI_odometry,05,image_0,000048,sequences/05/image_0/000048.png,5.003109,-0.763742,-0.9173898,39.27699
KITTI_odometry,05,image_0,000049,sequences/05/image_0/000049.png,5.107234,-0.7861115,-0.9426008,40.35358
KITTI_odometry,05,image_0,000050,sequences/05/image_0/000050.png,5.211513,-0.8119808,-0.9707248,41.43101
KITTI_odometry,05,image_0,000051,sequences/05/image_0/000051.png,5.315611,-0.8405589,-0.9983507,42.50646
KITTI_odometry,05,image_0,000052,sequences/05/image_0/000052.png,5.419858,-0.8709114,-1.026979,43.58049
KITTI_odometry,05,image_0,000053,sequences/05/image_0/000053.png,5.523983,-0.9059963,-1.04797,44.64539
KITTI_odometry,05,image_0,000054,sequences/05/image_0/000054.png,5.628235,-0.9448054,-1.065232,45.70729
KITTI_odometry,05,image_0,000055,sequences/05/image_0/000055.png,5.73248,-0.9815092,-1.088166,46.77981
KITTI_odometry,05,image_0,000056,sequences/05/image_0/000056.png,5.836733,-1.015604,-1.110851,47.8582
KITTI_odometry,05,image_0,000057,sequences/05/image_0/000057.png,5.940858,-1.050114,-1.131381,48.93463
KITTI_odometry,05,image_0,000058,sequences/05/image_0/000058.png,6.045107,-1.079496,-1.149441,50.01065
KITTI_odometry,05,image_0,000059,sequences/05/image_0/000059.png,6.149354,-1.112505,-1.168837,51.08922
KITTI_odometry,05,image_0,000060,sequences/05/image_0/000060.png,6.253481,-1.142897,-1.184929,52.15954
KITTI_odometry,05,image_0,000061,sequences/05/image_0/000061.png,6.357731,-1.177502,-1.200275,53.23263
KITTI_odometry,05,image_0,000062,sequences/05/image_0/000062.png,6.461983,-1.210486,-1.22123,54.30647
KITTI_odometry,05,image_0,000063,sequences/05/image_0/000063.png,6.566109,-1.24879,-1.24431,55.37246
KITTI_odometry,05,image_0,000064,sequences/05/image_0/000064.png,6.670359,-1.282228,-1.272192,56.44378
KITTI_odometry,05,image_0,000065,sequences/05/image_0/000065.png,6.774485,-1.319412,-1.300079,57.51446
KITTI_odometry,05,image_0,000066,sequences/05/image_0/000066.png,6.878731,-1.352181,-1.322688,58.60062
KITTI_odometry,05,image_0,000067,sequences/05/image_0/000067.png,6.982859,-1.387176,-1.339024,59.6858
KITTI_odometry,05,image_0,000068,sequences/05/image_0/000068.png,7.086981,-1.418009,-1.354327,60.76851
KITTI_odometry,05,image_0,000069,sequences/05/image_0/000069.png,7.191236,-1.444555,-1.364859,61.84743
KITTI_odometry,05,image_0,000070,sequences/05/image_0/000070.png,7.295357,-1.469495,-1.377471,62.92513
KITTI_odometry,05,image_0,000071,sequences/05/image_0/000071.png,7.399507,-1.499917,-1.3958,64.00399
KITTI_odometry,05,image_0,000072,sequences/05/image_0/000072.png,7.503734,-1.528092,-1.415207,65.08527
KITTI_odometry,05,image_0,000073,sequences/05/image_0/000073.png,7.607858,-1.558768,-1.436238,66.16971
KITTI_odometry,05,image_0,000074,sequences/05/image_0/000074.png,7.712108,-1.593317,-1.460636,67.26138
KITTI_odometry,05,image_0,000075,sequences/05/image_0/000075.png,7.816232,-1.623511,-1.483749,68.34968
KITTI_odometry,05,image_0,000076,sequences/05/image_0/000076.png,7.920378,-1.649241,-1.501927,69.43492
KITTI_odometry,05,image_0,000077,sequences/05/image_0/000077.png,8.024607,-1.673162,-1.522851,70.52233
KITTI_odometry,05,image_0,000078,sequences/05/image_0/000078.png,8.128736,-1.69757,-1.542287,71.60597
KITTI_odometry,05,image_0,000079,sequences/05/image_0/000079.png,8.232862,-1.724041,-1.56643,72.68959
KITTI_odometry,05,image_0,000080,sequences/05/image_0/000080.png,8.336986,-1.754602,-1.593458,73.76891
KITTI_odometry,05,image_0,000081,sequences/05/image_0/000081.png,8.441112,-1.784427,-1.618953,74.84293
KITTI_odometry,05,image_0,000082,sequences/05/image_0/000082.png,8.545359,-1.818016,-1.644073,75.91173
KITTI_odometry,05,image_0,000083,sequences/05/image_0/000083.png,8.649487,-1.852271,-1.670698,76.98007
KITTI_odometry,05,image_0,000084,sequences/05/image_0/000084.png,8.753612,-1.892754,-1.702097,78.04464
KITTI_odometry,05,image_0,000085,sequences/05/image_0/000085.png,8.857735,-1.931694,-1.731655,79.11497
KITTI_odometry,05,image_0,000086,sequences/05/image_0/000086.png,8.96186,-1.971601,-1.759353,80.18037
KITTI_odometry,05,image_0,000087,sequences/05/image_0/000087.png,9.065987,-2.009246,-1.780033,81.241
KITTI_odometry,05,image_0,000088,sequences/05/image_0/000088.png,9.170238,-2.046091,-1.79845,82.29562
KITTI_odometry,05,image_0,000089,sequences/05/image_0/000089.png,9.27436,-2.082196,-1.819154,83.3426
KITTI_odometry,05,image_0,000090,sequences/05/image_0/000090.png,9.378487,-2.118145,-1.83635,84.38146
KITTI_odometry,05,image_0,000091,sequences/05/image_0/000091.png,9.48261,-2.152257,-1.854735,85.40636
KITTI_odometry,05,image_0,000092,sequences/05/image_0/000092.png,9.586735,-2.187213,-1.871238,86.41716
KITTI_odometry,05,image_0,000093,sequences/05/image_0/000093.png,9.690863,-2.224921,-1.889129,87.4107
KITTI_odometry,05,image_0,000094,sequences/05/image_0/000094.png,9.794986,-2.262425,-1.90777,88.38264
KITTI_odometry,05,image_0,000095,sequences/05/image_0/000095.png,9.899109,-2.303693,-1.929486,89.33531
KITTI_odometry,05,image_0,000096,sequences/05/image_0/000096.png,10.00337,-2.344772,-1.950966,90.26556
KITTI_odometry,05,image_0,000097,sequences/05/image_0/000097.png,10.10749,-2.390135,-1.972736,91.17072
KITTI_odometry,05,image_0,000098,sequences/05/image_0/000098.png,10.21161,-2.434745,-1.993637,92.05518
KITTI_odometry,05,image_0,000099,sequences/05/image_0/000099.png,10.31574,-2.486719,-2.021957,92.91577
KITTI_odometry,05,image_0,000100,sequences/05/image_0/000100.png,10.41989,-2.538278,-2.044394,93.75397
KITTI_odometry,05,image_0,000101,sequences/05/image_0/000101.png,10.52411,-2.594376,-2.066115,94.56706
KITTI_odometry,05,image_0,000102,sequences/05/image_0/000102.png,10.62824,-2.649588,-2.083333,95.35206
KITTI_odometry,05,image_0,000103,sequences/05/image_0/000103.png,10.73249,-2.709824,-2.104835,96.1106
KITTI_odometry,05,image_0,000104,sequences/05/image_0/000104.png,10.83661,-2.76931,-2.127247,96.83647
KITTI_odometry,05,image_0,000105,sequences/05/image_0/000105.png,10.94086,-2.827593,-2.149905,97.53308
KITTI_odometry,05,image_0,000106,sequences/05/image_0/000106.png,11.04501,-2.885302,-2.169614,98.19683
KITTI_odometry,05,image_0,000107,sequences/05/image_0/000107.png,11.14924,-2.940577,-2.192789,98.83274
KITTI_odometry,05,image_0,000108,sequences/05/image_0/000108.png,11.25349,-2.992555,-2.21765,99.43737
KITTI_odometry,05,image_0,000109,sequences/05/image_0/000109.png,11.35776,-3.043655,-2.242127,100.02
KITTI_odometry,05,image_0,000110,sequences/05/image_0/000110.png,11.46211,-3.092267,-2.268333,100.5818
KITTI_odometry,05,image_0,000111,sequences/05/image_0/000111.png,11.56636,-3.132396,-2.291455,101.1196
KITTI_odometry,05,image_0,000112,sequences/05/image_0/000112.png,11.67074,-3.162399,-2.311035,101.6363
KITTI_odometry,05,image_0,000113,sequences/05/image_0/000113.png,11.77511,-3.182492,-2.327168,102.1306
KITTI_odometry,05,image_0,000114,sequences/05/image_0/000114.png,11.87937,-3.196722,-2.349063,102.6043
KITTI_odometry,05,image_0,000115,sequences/05/image_0/000115.png,11.98386,-3.201967,-2.369031,103.0549
KITTI_odometry,05,image_0,000116,sequences/05/image_0/000116.png,12.08824,-3.198184,-2.391847,103.4865
KITTI_odometry,05,image_0,000117,sequences/05/image_0/000117.png,12.19274,-3.182672,-2.410045,103.9074
KITTI_odometry,05,image_0,000118,sequences/05/image_0/000118.png,12.29711,-3.156876,-2.43259,104.3189
KITTI_odometry,05,image_0,000119,sequences/05/image_0/000119.png,12.40164,-3.116159,-2.449486,104.719
KITTI_odometry,05,image_0,000120,sequences/05/image_0/000120.png,12.50612,-3.061832,-2.472039,105.1162
KITTI_odometry,05,image_0,000121,sequences/05/image_0/000121.png,12.61074,-2.993908,-2.487673,105.4984
KITTI_odometry,05,image_0,000122,sequences/05/image_0/000122.png,12.71524,-2.911418,-2.507487,105.8778
KITTI_odometry,05,image_0,000123,sequences/05/image_0/000123.png,12.81986,-2.813888,-2.526594,106.2405
KITTI_odometry,05,image_0,000124,sequences/05/image_0/000124.png,12.92437,-2.699437,-2.548585,106.6027
KITTI_odometry,05,image_0,000125,sequences/05/image_0/000125.png,13.02886,-2.570785,-2.565421,106.9444
KITTI_odometry,05,image_0,000126,sequences/05/image_0/000126.png,13.13336,-2.431748,-2.585374,107.2854
KITTI_odometry,05,image_0,000127,sequences/05/image_0/000127.png,13.23788,-2.279365,-2.60108,107.6167
KITTI_odometry,05,image_0,000128,sequences/05/image_0/000128.png,13.34237,-2.109387,-2.615943,107.9269
KITTI_odometry,05,image_0,000129,sequences/05/image_0/000129.png,13.44674,-1.921488,-2.628863,108.2346
KITTI_odometry,05,image_0,000130,sequences/05/image_0/000130.png,13.55124,-1.720225,-2.64191,108.5153
KITTI_odometry,05,image_0,000131,sequences/05/image_0/000131.png,13.65561,-1.50675,-2.655967,108.7943
KITTI_odometry,05,image_0,000132,sequences/05/image_0/000132.png,13.76001,-1.282825,-2.670469,109.0496
KITTI_odometry,05,image_0,000133,sequences/05/image_0/000133.png,13.86436,-1.047012,-2.682863,109.3104
KITTI_odometry,05,image_0,000134,sequences/05/image_0/000134.png,13.96874,-0.7972273,-2.691906,109.5491
KITTI_odometry,05,image_0,000135,sequences/05/image_0/000135.png,14.07312,-0.5307156,-2.699185,109.791
KITTI_odometry,05,image_0,000136,sequences/05/image_0/000136.png,14.17749,-0.2466359,-2.712112,110.0156
KITTI_odometry,05,image_0,000137,sequences/05/image_0/000137.png,14.28178,0.05578371,-2.723636,110.2064
KITTI_odometry,05,image_0,000138,sequences/05/image_0/000138.png,14.38612,0.3744581,-2.732922,110.404
KITTI_odometry,05,image_0,000139,sequences/05/image_0/000139.png,14.49049,0.7051086,-2.741477,110.5684
KITTI_odometry,05,image_0,000140,sequences/05/image_0/000140.png,14.59474,1.049532,-2.753607,110.7304
KITTI_odometry,05,image_0,000141,sequences/05/image_0/000141.png,14.69911,1.408134,-2.764267,110.8567
KITTI_odometry,05,image_0,000142,sequences/05/image_0/000142.png,14.80337,1.774099,-2.777327,110.9879
KITTI_odometry,05,image_0,000143,sequences/05/image_0/000143.png,14.90761,2.148919,-2.788461,111.1029
KITTI_odometry,05,image_0,000144,sequences/05/image_0/000144.png,15.01199,2.533142,-2.796272,111.1851
KITTI_odometry,05,image_0,000145,sequences/05/image_0/000145.png,15.11614,2.934626,-2.806532,111.2656
KITTI_odometry,05,image_0,000146,sequences/05/image_0/000146.png,15.22024,3.350702,-2.818457,111.3182
KITTI_odometry,05,image_0,000147,sequences/05/image_0/000147.png,15.32424,3.783818,-2.829807,111.3644
KITTI_odometry,05,image_0,000148,sequences/05/image_0/000148.png,15.42812,4.227266,-2.840259,111.4023
KITTI_odometry,05,image_0,000149,sequences/05/image_0/000149.png,15.53212,4.690755,-2.856964,111.447
KITTI_odometry,05,image_0,000150,sequences/05/image_0/000150.png,15.63601,5.173439,-2.871679,111.4895
KITTI_odometry,05,image_0,000151,sequences/05/image_0/000151.png,15.73989,5.672652,-2.886056,111.5178
KITTI_odometry,05,image_0,000152,sequences/05/image_0/000152.png,15.84387,6.192944,-2.902144,111.5272
KITTI_odometry,05,image_0,000153,sequences/05/image_0/000153.png,15.94776,6.728517,-2.917163,111.5183
KITTI_odometry,05,image_0,000154,sequences/05/image_0/000154.png,16.05174,7.282318,-2.930539,111.5004
KITTI_odometry,05,image_0,000155,sequences/05/image_0/000155.png,16.15571,7.855335,-2.935743,111.4905
KITTI_odometry,05,image_0,000156,sequences/05/image_0/000156.png,16.25953,8.447661,-2.943016,111.4822
KITTI_odometry,05,image_0,000157,sequences/05/image_0/000157.png,16.36339,9.065751,-2.953427,111.4624
KITTI_odometry,05,image_0,000158,sequences/05/image_0/000158.png,16.46712,9.708447,-2.966443,111.4331
KITTI_odometry,05,image_0,000159,sequences/05/image_0/000159.png,16.57099,10.36534,-2.980253,111.4116
KITTI_odometry,05,image_0,000160,sequences/05/image_0/000160.png,16.67485,11.04173,-2.993917,111.3977
KITTI_odometry,05,image_0,000161,sequences/05/image_0/000161.png,16.77864,11.7305,-3.009754,111.3912
KITTI_odometry,05,image_0,000162,sequences/05/image_0/000162.png,16.88261,12.44057,-3.02098,111.3766
KITTI_odometry,05,image_0,000163,sequences/05/image_0/000163.png,16.98649,13.16355,-3.034345,111.3612
KITTI_odometry,05,image_0,000164,sequences/05/image_0/000164.png,17.09049,13.9022,-3.051223,111.3451
KITTI_odometry,05,image_0,000165,sequences/05/image_0/000165.png,17.19462,14.65827,-3.072877,111.3363
KITTI_odometry,05,image_0,000166,sequences/05/image_0/000166.png,17.29862,15.42377,-3.095311,111.324
KITTI_odometry,05,image_0,000167,sequences/05/image_0/000167.png,17.40274,16.20084,-3.118178,111.3091
KITTI_odometry,05,image_0,000168,sequences/05/image_0/000168.png,17.50674,16.98099,-3.141006,111.2943
KITTI_odometry,05,image_0,000169,sequences/05/image_0/000169.png,17.61087,17.76747,-3.160636,111.276
KITTI_odometry,05,image_0,000170,sequences/05/image_0/000170.png,17.715,18.56541,-3.176463,111.2519
KITTI_odometry,05,image_0,000171,sequences/05/image_0/000171.png,17.81912,19.37151,-3.193647,111.2251
KITTI_odometry,05,image_0,000172,sequences/05/image_0/000172.png,17.92337,20.18791,-3.214056,111.2066
KITTI_odometry,05,image_0,000173,sequences/05/image_0/000173.png,18.02749,21.00565,-3.232298,111.189
KITTI_odometry,05,image_0,000174,sequences/05/image_0/000174.png,18.13162,21.82752,-3.250815,111.1686
KITTI_odometry,05,image_0,000175,sequences/05/image_0/000175.png,18.23576,22.65838,-3.273148,111.1497
KITTI_odometry,05,image_0,000176,sequences/05/image_0/000176.png,18.33987,23.49682,-3.298255,111.1374
KITTI_odometry,05,image_0,000177,sequences/05/image_0/000177.png,18.444,24.33823,-3.326366,111.128
KITTI_odometry,05,image_0,000178,sequences/05/image_0/000178.png,18.54825,25.18208,-3.350402,111.111
KITTI_odometry,05,image_0,000179,sequences/05/image_0/000179.png,18.65237,26.02725,-3.370419,111.0993
KITTI_odometry,05,image_0,000180,sequences/05/image_0/000180.png,18.7565,26.86546,-3.392421,111.0866
KITTI_odometry,05,image_0,000181,sequences/05/image_0/000181.png,18.86074,27.69648,-3.417654,111.0665
KITTI_odometry,05,image_0,000182,sequences/05/image_0/000182.png,18.9649,28.51752,-3.439638,111.0417
KITTI_odometry,05,image_0,000183,sequences/05/image_0/000183.png,19.06912,29.34025,-3.464646,111.0185
KITTI_odometry,05,image_0,000184,sequences/05/image_0/000184.png,19.17327,30.17178,-3.494748,110.9962
KITTI_odometry,05,image_0,000185,sequences/05/image_0/000185.png,19.2775,31.00291,-3.524637,110.9727
KITTI_odometry,05,image_0,000186,sequences/05/image_0/000186.png,19.3818,31.82438,-3.550386,110.9495
KITTI_odometry,05,image_0,000187,sequences/05/image_0/000187.png,19.48591,32.63728,-3.574008,110.931
KITTI_odometry,05,image_0,000188,sequences/05/image_0/000188.png,19.59034,33.44955,-3.59738,110.9148
KITTI_odometry,05,image_0,000189,sequences/05/image_0/000189.png,19.69439,34.25559,-3.619497,110.8957
KITTI_odometry,05,image_0,000190,sequences/05/image_0/000190.png,19.79865,35.05969,-3.643377,110.8735
KITTI_odometry,05,image_0,000191,sequences/05/image_0/000191.png,19.90293,35.85953,-3.668997,110.8521
KITTI_odometry,05,image_0,000192,sequences/05/image_0/000192.png,20.00713,36.65572,-3.692321,110.8323
KITTI_odometry,05,image_0,000193,sequences/05/image_0/000193.png,20.11141,37.4503,-3.713275,110.8119
KITTI_odometry,05,image_0,000194,sequences/05/image_0/000194.png,20.21566,38.24062,-3.739393,110.7877
KITTI_odometry,05,image_0,000195,sequences/05/image_0/000195.png,20.31999,39.02353,-3.76436,110.7603
KITTI_odometry,05,image_0,000196,sequences/05/image_0/000196.png,20.42461,39.80437,-3.788915,110.7309
KITTI_odometry,05,image_0,000197,sequences/05/image_0/000197.png,20.52859,40.57553,-3.8113,110.6977
KITTI_odometry,05,image_0,000198,sequences/05/image_0/000198.png,20.63312,41.34827,-3.834868,110.6618
KITTI_odometry,05,image_0,000199,sequences/05/image_0/000199.png,20.73749,42.11586,-3.860486,110.626
KITTI_odometry,05,image_0,000200,sequences/05/image_0/000200.png,20.84131,42.87606,-3.885455,110.5935
KITTI_odometry,05,image_0,000201,sequences/05/image_0/000201.png,20.94551,43.62563,-3.908535,110.5634
KITTI_odometry,05,image_0,000202,sequences/05/image_0/000202.png,21.04975,44.35901,-3.927506,110.5329
KITTI_odometry,05,image_0,000203,sequences/05/image_0/000203.png,21.15399,45.07372,-3.947128,110.5025
KITTI_odometry,05,image_0,000204,sequences/05/image_0/000204.png,21.25828,45.7787,-3.968246,110.4722
KITTI_odometry,05,image_0,000205,sequences/05/image_0/000205.png,21.36252,46.47919,-3.990288,110.4407
KITTI_odometry,05,image_0,000206,sequences/05/image_0/000206.png,21.46685,47.17652,-4.011755,110.4123
KITTI_odometry,05,image_0,000207,sequences/05/image_0/000207.png,21.57101,47.87113,-4.034285,110.3817
KITTI_odometry,05,image_0,000208,sequences/05/image_0/000208.png,21.67551,48.56561,-4.055339,110.3479
KITTI_odometry,05,image_0,000209,sequences/05/image_0/000209.png,21.77963,49.254,-4.074607,110.3152
KITTI_odometry,05,image_0,000210,sequences/05/image_0/000210.png,21.88389,49.93953,-4.093812,110.2891
KITTI_odometry,05,image_0,000211,sequences/05/image_0/000211.png,21.98856,50.62365,-4.114385,110.2629
KITTI_odometry,05,image_0,000212,sequences/05/image_0/000212.png,22.09253,51.29886,-4.131756,110.2291
KITTI_odometry,05,image_0,000213,sequences/05/image_0/000213.png,22.19678,51.97172,-4.148661,110.1946
KITTI_odometry,05,image_0,000214,sequences/05/image_0/000214.png,22.30121,52.64111,-4.167844,110.1638
KITTI_odometry,05,image_0,000215,sequences/05/image_0/000215.png,22.40541,53.30677,-4.188031,110.132
KITTI_odometry,05,image_0,000216,sequences/05/image_0/000216.png,22.50977,53.9664,-4.204714,110.0844
KITTI_odometry,05,image_0,000217,sequences/05/image_0/000217.png,22.61414,54.62746,-4.221113,110.0294
KITTI_odometry,05,image_0,000218,sequences/05/image_0/000218.png,22.71892,55.29672,-4.239741,109.9758
KITTI_odometry,05,image_0,000219,sequences/05/image_0/000219.png,22.82268,55.96874,-4.25974,109.9227
KITTI_odometry,05,image_0,000220,sequences/05/image_0/000220.png,22.92691,56.64512,-4.283061,109.8596
KITTI_odometry,05,image_0,000221,sequences/05/image_0/000221.png,23.03126,57.3246,-4.30533,109.792
KITTI_odometry,05,image_0,000222,sequences/05/image_0/000222.png,23.13572,58.01252,-4.323997,109.7249
KITTI_odometry,05,image_0,000223,sequences/05/image_0/000223.png,23.23966,58.70923,-4.342226,109.6525
KITTI_odometry,05,image_0,000224,sequences/05/image_0/000224.png,23.34394,59.4186,-4.360434,109.5755
KITTI_odometry,05,image_0,000225,sequences/05/image_0/000225.png,23.44815,60.14241,-4.377079,109.5029
KITTI_odometry,05,image_0,000226,sequences/05/image_0/000226.png,23.55238,60.86806,-4.390954,109.4297
KITTI_odometry,05,image_0,000227,sequences/05/image_0/000227.png,23.65651,61.59653,-4.404393,109.3511
KITTI_odometry,05,image_0,000228,sequences/05/image_0/000228.png,23.76076,62.32941,-4.420348,109.2651
KITTI_odometry,05,image_0,000229,sequences/05/image_0/000229.png,23.865,63.06998,-4.438119,109.1742
KITTI_odometry,05,image_0,000230,sequences/05/image_0/000230.png,23.96926,63.81462,-4.456517,109.091
KITTI_odometry,05,image_0,000231,sequences/05/image_0/000231.png,24.07343,64.56343,-4.476878,109.0137
KITTI_odometry,05,image_0,000232,sequences/05/image_0/000232.png,24.17766,65.31557,-4.499677,108.9344
KITTI_odometry,05,image_0,000233,sequences/05/image_0/000233.png,24.28189,66.05966,-4.57986,108.8574
KITTI_odometry,05,image_0,000234,sequences/05/image_0/000234.png,24.38617,66.80584,-4.708747,108.7907
KITTI_odometry,05,image_0,000235,sequences/05/image_0/000235.png,24.49041,67.54618,-4.789634,108.7201
KITTI_odometry,05,image_0,000236,sequences/05/image_0/000236.png,24.59463,68.28567,-4.884585,108.6478
KITTI_odometry,05,image_0,000237,sequences/05/image_0/000237.png,24.69888,69.02479,-4.946543,108.5668
KITTI_odometry,05,image_0,000238,sequences/05/image_0/000238.png,24.80313,69.77011,-5.019805,108.4826
KITTI_odometry,05,image_0,000239,sequences/05/image_0/000239.png,24.90738,70.51938,-5.07247,108.3983
KITTI_odometry,05,image_0,000240,sequences/05/image_0/000240.png,25.01202,71.27406,-5.125756,108.316
KITTI_odometry,05,image_0,000241,sequences/05/image_0/000241.png,25.11597,72.02772,-5.16964,108.2285
KITTI_odometry,05,image_0,000242,sequences/05/image_0/000242.png,25.22015,72.78695,-5.215003,108.1439
KITTI_odometry,05,image_0,000243,sequences/05/image_0/000243.png,25.32443,73.55163,-5.250965,108.0563
KITTI_odometry,05,image_0,000244,sequences/05/image_0/000244.png,25.42874,74.32302,-5.288827,107.9665
KITTI_odometry,05,image_0,000245,sequences/05/image_0/000245.png,25.53289,75.09805,-5.322302,107.8742
KITTI_odometry,05,image_0,000246,sequences/05/image_0/000246.png,25.63714,75.87891,-5.352632,107.783
KITTI_odometry,05,image_0,000247,sequences/05/image_0/000247.png,25.74141,76.66362,-5.383553,107.6848
KITTI_odometry,05,image_0,000248,sequences/05/image_0/000248.png,25.84577,77.45431,-5.407645,107.5825
KITTI_odometry,05,image_0,000249,sequences/05/image_0/000249.png,25.95003,78.24938,-5.427471,107.4828
KITTI_odometry,05,image_0,000250,sequences/05/image_0/000250.png,26.05425,79.0466,-5.449247,107.3781
KITTI_odometry,05,image_0,000251,sequences/05/image_0/000251.png,26.15853,79.84877,-5.474046,107.2685
KITTI_odometry,05,image_0,000252,sequences/05/image_0/000252.png,26.2628,80.65616,-5.497261,107.1591
KITTI_odometry,05,image_0,000253,sequences/05/image_0/000253.png,26.36704,81.47409,-5.523123,107.0489
KITTI_odometry,05,image_0,000254,sequences/05/image_0/000254.png,26.47127,82.29746,-5.550477,106.933
KITTI_odometry,05,image_0,000255,sequences/05/image_0/000255.png,26.57555,83.12845,-5.578164,106.8232
KITTI_odometry,05,image_0,000256,sequences/05/image_0/000256.png,26.67976,83.96282,-5.600569,106.7162
KITTI_odometry,05,image_0,000257,sequences/05/image_0/000257.png,26.784,84.80162,-5.624186,106.6094
KITTI_odometry,05,image_0,000258,sequences/05/image_0/000258.png,26.88831,85.65017,-5.645151,106.4988
KITTI_odometry,05,image_0,000259,sequences/05/image_0/000259.png,26.99243,86.49919,-5.665219,106.3903
KITTI_odometry,05,image_0,000260,sequences/05/image_0/000260.png,27.09669,87.34879,-5.689906,106.2858
KITTI_odometry,05,image_0,000261,sequences/05/image_0/000261.png,27.20089,88.19557,-5.717941,106.1799
KITTI_odometry,05,image_0,000262,sequences/05/image_0/000262.png,27.30519,89.04327,-5.742522,106.0757
KITTI_odometry,05,image_0,000263,sequences/05/image_0/000263.png,27.40941,89.89495,-5.767415,105.9776
KITTI_odometry,05,image_0,000264,sequences/05/image_0/000264.png,27.51364,90.75627,-5.799013,105.8789
KITTI_odometry,05,image_0,000265,sequences/05/image_0/000265.png,27.61788,91.62156,-5.830094,105.7772
KITTI_odometry,05,image_0,000266,sequences/05/image_0/000266.png,27.72241,92.48727,-5.857296,105.6748
KITTI_odometry,05,image_0,000267,sequences/05/image_0/000267.png,27.82641,93.34712,-5.883872,105.5741
KITTI_odometry,05,image_0,000268,sequences/05/image_0/000268.png,27.93064,94.21112,-5.910917,105.4745
KITTI_odometry,05,image_0,000269,sequences/05/image_0/000269.png,28.03497,95.07445,-5.936408,105.3717
KITTI_odometry,05,image_0,000270,sequences/05/image_0/000270.png,28.13915,95.93646,-5.961976,105.2677
KITTI_odometry,05,image_0,000271,sequences/05/image_0/000271.png,28.24341,96.79086,-5.986691,105.1663
KITTI_odometry,05,image_0,000272,sequences/05/image_0/000272.png,28.34763,97.64589,-6.012871,105.0653
KITTI_odometry,05,image_0,000273,sequences/05/image_0/000273.png,28.45191,98.49885,-6.038151,104.9697
KITTI_odometry,05,image_0,000274,sequences/05/image_0/000274.png,28.55614,99.35201,-6.066471,104.8776
KITTI_odometry,05,image_0,000275,sequences/05/image_0/000275.png,28.66038,100.202,-6.095973,104.7876
KITTI_odometry,05,image_0,000276,sequences/05/image_0/000276.png,28.7648,101.0431,-6.123256,104.6963
KITTI_odometry,05,image_0,000277,sequences/05/image_0/000277.png,28.86901,101.8778,-6.148741,104.6056
KITTI_odometry,05,image_0,000278,sequences/05/image_0/000278.png,28.97327,102.7081,-6.174259,104.5111
KITTI_odometry,05,image_0,000279,sequences/05/image_0/000279.png,29.07751,103.5359,-6.203992,104.414
KITTI_odometry,05,image_0,000280,sequences/05/image_0/000280.png,29.1818,104.3613,-6.235915,104.3147
KITTI_odometry,05,image_0,000281,sequences/05/image_0/000281.png,29.28611,105.1785,-6.267117,104.2165
KITTI_odometry,05,image_0,000282,sequences/05/image_0/000282.png,29.39027,105.9907,-6.29876,104.1174
KITTI_odometry,05,image_0,000283,sequences/05/image_0/000283.png,29.49456,106.7982,-6.331199,104.0206
KITTI_odometry,05,image_0,000284,sequences/05/image_0/000284.png,29.59879,107.6027,-6.362544,103.9256
KITTI_odometry,05,image_0,000285,sequences/05/image_0/000285.png,29.70309,108.4014,-6.396279,103.8301
KITTI_odometry,05,image_0,000286,sequences/05/image_0/000286.png,29.80727,109.1918,-6.429851,103.7315
KITTI_odometry,05,image_0,000287,sequences/05/image_0/000287.png,29.91166,109.977,-6.461637,103.6312
KITTI_odometry,05,image_0,000288,sequences/05/image_0/000288.png,30.01591,110.7566,-6.493157,103.5305
KITTI_odometry,05,image_0,000289,sequences/05/image_0/000289.png,30.12014,111.5346,-6.526005,103.4269
KITTI_odometry,05,image_0,000290,sequences/05/image_0/000290.png,30.22442,112.3078,-6.558137,103.32
KITTI_odometry,05,image_0,000291,sequences/05/image_0/000291.png,30.32867,113.0783,-6.58877,103.2107
KITTI_odometry,05,image_0,000292,sequences/05/image_0/000292.png,30.43292,113.8417,-6.625419,103.1087
KITTI_odometry,05,image_0,000293,sequences/05/image_0/000293.png,30.53714,114.5994,-6.664413,103.0043
KITTI_odometry,05,image_0,000294,sequences/05/image_0/000294.png,30.6414,115.3566,-6.698886,102.887
KITTI_odometry,05,image_0,000295,sequences/05/image_0/000295.png,30.74576,116.1173,-6.732518,102.7662
KITTI_odometry,05,image_0,000296,sequences/05/image_0/000296.png,30.85003,116.8832,-6.772644,102.6502
KITTI_odometry,05,image_0,000297,sequences/05/image_0/000297.png,30.95426,117.6391,-6.812258,102.5331
KITTI_odometry,05,image_0,000298,sequences/05/image_0/000298.png,31.05839,118.3859,-6.848109,102.411
KITTI_odometry,05,image_0,000299,sequences/05/image_0/000299.png,31.16262,119.1312,-6.880154,102.2948
KITTI_odometry,05,image_0,000300,sequences/05/image_0/000300.png,31.26689,119.8732,-6.916674,102.178
KITTI_odometry,05,image_0,000301,sequences/05/image_0/000301.png,31.37114,120.6114,-6.955093,102.0532
KITTI_odometry,05,image_0,000302,sequences/05/image_0/000302.png,31.47539,121.3457,-6.993951,101.9311
KITTI_odometry,05,image_0,000303,sequences/05/image_0/000303.png,31.57963,122.0792,-7.031609,101.8119
KITTI_odometry,05,image_0,000304,sequences/05/image_0/000304.png,31.6839,122.813,-7.073884,101.6844
KITTI_odometry,05,image_0,000305,sequences/05/image_0/000305.png,31.78862,123.547,-7.116066,101.5468
KITTI_odometry,05,image_0,000306,sequences/05/image_0/000306.png,31.89259,124.2726,-7.157447,101.4077
KITTI_odometry,05,image_0,000307,sequences/05/image_0/000307.png,31.99707,124.9966,-7.198722,101.2695
KITTI_odometry,05,image_0,000308,sequences/05/image_0/000308.png,32.10122,125.7124,-7.23782,101.1264
KITTI_odometry,05,image_0,000309,sequences/05/image_0/000309.png,32.20556,126.4247,-7.277349,100.9752
KITTI_odometry,05,image_0,000310,sequences/05/image_0/000310.png,32.30993,127.1315,-7.316019,100.8115
KITTI_odometry,05,image_0,000311,sequences/05/image_0/000311.png,32.41431,127.8368,-7.354262,100.64
KITTI_odometry,05,image_0,000312,sequences/05/image_0/000312.png,32.51859,128.5371,-7.391647,100.4561
KITTI_odometry,05,image_0,000313,sequences/05/image_0/000313.png,32.62292,129.2346,-7.428905,100.2649
KITTI_odometry,05,image_0,000314,sequences/05/image_0/000314.png,32.72714,129.9272,-7.464456,100.066
KITTI_odometry,05,image_0,000315,sequences/05/image_0/000315.png,32.83154,130.6177,-7.501316,99.85681
KITTI_odometry,05,image_0,000316,sequences/05/image_0/000316.png,32.93576,131.3037,-7.535702,99.64198
KITTI_odometry,05,image_0,000317,sequences/05/image_0/000317.png,33.04004,131.9861,-7.571493,99.43215
KITTI_odometry,05,image_0,000318,sequences/05/image_0/000318.png,33.14418,132.6678,-7.602966,99.21607
KITTI_odometry,05,image_0,000319,sequences/05/image_0/000319.png,33.24844,133.3449,-7.633871,98.99266
KITTI_odometry,05,image_0,000320,sequences/05/image_0/000320.png,33.35251,134.017,-7.665957,98.76779
KITTI_odometry,05,image_0,000321,sequences/05/image_0/000321.png,33.45664,134.6874,-7.696836,98.55353
KITTI_odometry,05,image_0,000322,sequences/05/image_0/000322.png,33.56085,135.3466,-7.725113,98.34062
KITTI_odometry,05,image_0,000323,sequences/05/image_0/000323.png,33.66512,136.005,-7.752705,98.13493
KITTI_odometry,05,image_0,000324,sequences/05/image_0/000324.png,33.76925,136.6601,-7.781433,97.92651
KITTI_odometry,05,image_0,000325,sequences/05/image_0/000325.png,33.8735,137.3158,-7.809641,97.71838
KITTI_odometry,05,image_0,000326,sequences/05/image_0/000326.png,33.97778,137.9665,-7.844579,97.51185
KITTI_odometry,05,image_0,000327,sequences/05/image_0/000327.png,34.08182,138.6074,-7.876691,97.31435
KITTI_odometry,05,image_0,000328,sequences/05/image_0/000328.png,34.18594,139.2425,-7.904561,97.11981
KITTI_odometry,05,image_0,000329,sequences/05/image_0/000329.png,34.28991,139.8731,-7.93472,96.92653
KITTI_odometry,05,image_0,000330,sequences/05/image_0/000330.png,34.39402,140.5034,-7.965446,96.73888
KITTI_odometry,05,image_0,000331,sequences/05/image_0/000331.png,34.49817,141.1304,-7.997921,96.55453
KITTI_odometry,05,image_0,000332,sequences/05/image_0/000332.png,34.6023,141.7523,-8.029376,96.37711
KITTI_odometry,05,image_0,000333,sequences/05/image_0/000333.png,34.70638,142.369,-8.06037,96.20436
KITTI_odometry,05,image_0,000334,sequences/05/image_0/000334.png,34.81066,142.983,-8.087196,96.0345
KITTI_odometry,05,image_0,000335,sequences/05/image_0/000335.png,34.91479,143.5939,-8.112439,95.86352
KITTI_odometry,05,image_0,000336,sequences/05/image_0/000336.png,35.01954,144.2021,-8.136308,95.69564
KITTI_odometry,05,image_0,000337,sequences/05/image_0/000337.png,35.12349,144.8014,-8.165921,95.53897
KITTI_odometry,05,image_0,000338,sequences/05/image_0/000338.png,35.22751,145.3935,-8.194245,95.39074
KITTI_odometry,05,image_0,000339,sequences/05/image_0/000339.png,35.33169,145.9803,-8.221656,95.2441
KITTI_odometry,05,image_0,000340,sequences/05/image_0/000340.png,35.43622,146.5647,-8.246532,95.0991
KITTI_odometry,05,image_0,000341,sequences/05/image_0/000341.png,35.53993,147.1435,-8.273094,94.96498
KITTI_odometry,05,image_0,000342,sequences/05/image_0/000342.png,35.64415,147.7253,-8.301809,94.84161
KITTI_odometry,05,image_0,000343,sequences/05/image_0/000343.png,35.74827,148.3017,-8.33079,94.71843
KITTI_odometry,05,image_0,000344,sequences/05/image_0/000344.png,35.85239,148.8778,-8.35732,94.60227
KITTI_odometry,05,image_0,000345,sequences/05/image_0/000345.png,35.95652,149.4512,-8.384287,94.49786
KITTI_odometry,05,image_0,000346,sequences/05/image_0/000346.png,36.06064,150.0216,-8.411951,94.40439
KITTI_odometry,05,image_0,000347,sequences/05/image_0/000347.png,36.16464,150.5932,-8.438291,94.32475
KITTI_odometry,05,image_0,000348,sequences/05/image_0/000348.png,36.26877,151.1604,-8.463908,94.25103
KITTI_odometry,05,image_0,000349,sequences/05/image_0/000349.png,36.37277,151.7288,-8.491499,94.19972
KITTI_odometry,05,image_0,000350,sequences/05/image_0/000350.png,36.47689,152.2939,-8.522593,94.16541
KITTI_odometry,05,image_0,000351,sequences/05/image_0/000351.png,36.58101,152.8539,-8.551506,94.14214
KITTI_odometry,05,image_0,000352,sequences/05/image_0/000352.png,36.68515,153.4149,-8.579884,94.13044
KITTI_odometry,05,image_0,000353,sequences/05/image_0/000353.png,36.78939,153.9729,-8.607328,94.12758
KITTI_odometry,05,image_0,000354,sequences/05/image_0/000354.png,36.89364,154.5327,-8.635876,94.13268
KITTI_odometry,05,image_0,000355,sequences/05/image_0/000355.png,36.99801,155.0895,-8.663502,94.13926
KITTI_odometry,05,image_0,000356,sequences/05/image_0/000356.png,37.10292,155.6469,-8.688323,94.13797
KITTI_odometry,05,image_0,000357,sequences/05/image_0/000357.png,37.20718,156.1965,-8.709648,94.12065
KITTI_odometry,05,image_0,000358,sequences/05/image_0/000358.png,37.31166,156.7425,-8.727615,94.09311
KITTI_odometry,05,image_0,000359,sequences/05/image_0/000359.png,37.4162,157.2847,-8.747148,94.05245
KITTI_odometry,05,image_0,000360,sequences/05/image_0/000360.png,37.52067,157.8214,-8.765511,94.00733
KITTI_odometry,05,image_0,000361,sequences/05/image_0/000361.png,37.62517,158.3533,-8.782045,93.96008
KITTI_odometry,05,image_0,000362,sequences/05/image_0/000362.png,37.72965,158.8792,-8.797332,93.90679
KITTI_odometry,05,image_0,000363,sequences/05/image_0/000363.png,37.83414,159.4012,-8.813298,93.8382
KITTI_odometry,05,image_0,000364,sequences/05/image_0/000364.png,37.93854,159.9158,-8.829814,93.75723
KITTI_odometry,05,image_0,000365,sequences/05/image_0/000365.png,38.04337,160.4306,-8.846036,93.66924
KITTI_odometry,05,image_0,000366,sequences/05/image_0/000366.png,38.14794,160.9386,-8.861136,93.57816
KITTI_odometry,05,image_0,000367,sequences/05/image_0/000367.png,38.25153,161.435,-8.875534,93.48522
KITTI_odometry,05,image_0,000368,sequences/05/image_0/000368.png,38.35586,161.9306,-8.890957,93.38617
KITTI_odometry,05,image_0,000369,sequences/05/image_0/000369.png,38.46012,162.4176,-8.905283,93.27627
KITTI_odometry,05,image_0,000370,sequences/05/image_0/000370.png,38.5644,162.899,-8.919301,93.16096
KITTI_odometry,05,image_0,000371,sequences/05/image_0/000371.png,38.66854,163.3789,-8.934349,93.04986
KITTI_odometry,05,image_0,000372,sequences/05/image_0/000372.png,38.77266,163.8542,-8.94793,92.93874
KITTI_odometry,05,image_0,000373,sequences/05/image_0/000373.png,38.87694,164.3316,-8.963049,92.83529
KITTI_odometry,05,image_0,000374,sequences/05/image_0/000374.png,38.98107,164.806,-8.978427,92.72888
KITTI_odometry,05,image_0,000375,sequences/05/image_0/000375.png,39.0853,165.2777,-8.997595,92.62255
KITTI_odometry,05,image_0,000376,sequences/05/image_0/000376.png,39.18942,165.7438,-9.013537,92.51318
KITTI_odometry,05,image_0,000377,sequences/05/image_0/000377.png,39.29367,166.2092,-9.030668,92.41197
KITTI_odometry,05,image_0,000378,sequences/05/image_0/000378.png,39.39792,166.6749,-9.042484,92.29964
KITTI_odometry,05,image_0,000379,sequences/05/image_0/000379.png,39.50214,167.1492,-9.050522,92.18701
KITTI_odometry,05,image_0,000380,sequences/05/image_0/000380.png,39.6064,167.6334,-9.058955,92.0695
KITTI_odometry,05,image_0,000381,sequences/05/image_0/000381.png,39.71079,168.1253,-9.068787,91.94609
KITTI_odometry,05,image_0,000382,sequences/05/image_0/000382.png,39.81501,168.6218,-9.082588,91.81029
KITTI_odometry,05,image_0,000383,sequences/05/image_0/000383.png,39.91947,169.126,-9.096027,91.66843
KITTI_odometry,05,image_0,000384,sequences/05/image_0/000384.png,40.0237,169.6389,-9.107717,91.5263
KITTI_odometry,05,image_0,000385,sequences/05/image_0/000385.png,40.12806,170.1579,-9.119045,91.38115
KITTI_odometry,05,image_0,000386,sequences/05/image_0/000386.png,40.23231,170.6832,-9.132048,91.22588
KITTI_odometry,05,image_0,000387,sequences/05/image_0/000387.png,40.33655,171.2141,-9.147581,91.06242
KITTI_odometry,05,image_0,000388,sequences/05/image_0/000388.png,40.4408,171.7484,-9.163386,90.89653
KITTI_odometry,05,image_0,000389,sequences/05/image_0/000389.png,40.54505,172.2902,-9.178977,90.73483
KITTI_odometry,05,image_0,000390,sequences/05/image_0/000390.png,40.64932,172.8366,-9.193889,90.56912
KITTI_odometry,05,image_0,000391,sequences/05/image_0/000391.png,40.75357,173.3868,-9.207509,90.39703
KITTI_odometry,05,image_0,000392,sequences/05/image_0/000392.png,40.85778,173.9327,-9.22171,90.21585
KITTI_odometry,05,image_0,000393,sequences/05/image_0/000393.png,40.96205,174.4808,-9.235795,90.03523
KITTI_odometry,05,image_0,000394,sequences/05/image_0/000394.png,41.06627,175.0292,-9.249796,89.86252
KITTI_odometry,05,image_0,000395,sequences/05/image_0/000395.png,41.17043,175.574,-9.260605,89.68772
KITTI_odometry,05,image_0,000396,sequences/05/image_0/000396.png,41.27469,176.1157,-9.27339,89.51351
KITTI_odometry,05,image_0,000397,sequences/05/image_0/000397.png,41.37878,176.658,-9.286728,89.34095
KITTI_odometry,05,image_0,000398,sequences/05/image_0/000398.png,41.48289,177.1976,-9.302397,89.17394
KITTI_odometry,05,image_0,000399,sequences/05/image_0/000399.png,41.58717,177.7366,-9.318006,89.00902
KITTI_odometry,05,image_0,000400,sequences/05/image_0/000400.png,41.69127,178.2718,-9.333326,88.84611
KITTI_odometry,05,image_0,000401,sequences/05/image_0/000401.png,41.79543,178.7972,-9.347847,88.68987
KITTI_odometry,05,image_0,000402,sequences/05/image_0/000402.png,41.89956,179.3156,-9.362912,88.53955
KITTI_odometry,05,image_0,000403,sequences/05/image_0/000403.png,42.00378,179.8254,-9.377338,88.39451
KITTI_odometry,05,image_0,000404,sequences/05/image_0/000404.png,42.10793,180.3224,-9.391387,88.25564
KITTI_odometry,05,image_0,000405,sequences/05/image_0/000405.png,42.21207,180.808,-9.404618,88.12317
KITTI_odometry,05,image_0,000406,sequences/05/image_0/000406.png,42.31618,181.2821,-9.41767,87.99373
KITTI_odometry,05,image_0,000407,sequences/05/image_0/000407.png,42.4204,181.7427,-9.43054,87.86857
KITTI_odometry,05,image_0,000408,sequences/05/image_0/000408.png,42.52458,182.1857,-9.443133,87.75348
KITTI_odometry,05,image_0,000409,sequences/05/image_0/000409.png,42.62866,182.6121,-9.45458,87.65091
KITTI_odometry,05,image_0,000410,sequences/05/image_0/000410.png,42.73282,183.0265,-9.464732,87.56152
KITTI_odometry,05,image_0,000411,sequences/05/image_0/000411.png,42.83679,183.4324,-9.474451,87.48204
KITTI_odometry,05,image_0,000412,sequences/05/image_0/000412.png,42.94092,183.8335,-9.483133,87.40983
KITTI_odometry,05,image_0,000413,sequences/05/image_0/000413.png,43.04493,184.2319,-9.493001,87.34855
KITTI_odometry,05,image_0,000414,sequences/05/image_0/000414.png,43.14893,184.6231,-9.502342,87.29367
KITTI_odometry,05,image_0,000415,sequences/05/image_0/000415.png,43.2529,185.0197,-9.513352,87.25612
KITTI_odometry,05,image_0,000416,sequences/05/image_0/000416.png,43.35774,185.4134,-9.524231,87.23365
KITTI_odometry,05,image_0,000417,sequences/05/image_0/000417.png,43.46095,185.8039,-9.53584,87.23155
KITTI_odometry,05,image_0,000418,sequences/05/image_0/000418.png,43.56508,186.1937,-9.547399,87.24422
KITTI_odometry,05,image_0,000419,sequences/05/image_0/000419.png,43.66893,186.5698,-9.559758,87.26331
KITTI_odometry,05,image_0,000420,sequences/05/image_0/000420.png,43.77307,186.952,-9.574536,87.29783
KITTI_odometry,05,image_0,000421,sequences/05/image_0/000421.png,43.87706,187.3319,-9.588216,87.34029
KITTI_odometry,05,image_0,000422,sequences/05/image_0/000422.png,43.98104,187.6973,-9.601021,87.38579
KITTI_odometry,05,image_0,000423,sequences/05/image_0/000423.png,44.08517,188.0686,-9.611487,87.45192
KITTI_odometry,05,image_0,000424,sequences/05/image_0/000424.png,44.18915,188.4238,-9.620615,87.52595
KITTI_odometry,05,image_0,000425,sequences/05/image_0/000425.png,44.29315,188.7883,-9.627618,87.61924
KITTI_odometry,05,image_0,000426,sequences/05/image_0/000426.png,44.39715,189.1549,-9.633802,87.72864
KITTI_odometry,05,image_0,000427,sequences/05/image_0/000427.png,44.50114,189.5095,-9.639227,87.84616
KITTI_odometry,05,image_0,000428,sequences/05/image_0/000428.png,44.60514,189.8823,-9.645668,87.99264
KITTI_odometry,05,image_0,000429,sequences/05/image_0/000429.png,44.70945,190.2336,-9.65155,88.15725
KITTI_odometry,05,image_0,000430,sequences/05/image_0/000430.png,44.81358,190.6013,-9.662356,88.35376
KITTI_odometry,05,image_0,000431,sequences/05/image_0/000431.png,44.91746,190.949,-9.672989,88.55409
KITTI_odometry,05,image_0,000432,sequences/05/image_0/000432.png,45.02123,191.3201,-9.68416,88.78162
KITTI_odometry,05,image_0,000433,sequences/05/image_0/000433.png,45.12534,191.6933,-9.694072,89.03226
KITTI_odometry,05,image_0,000434,sequences/05/image_0/000434.png,45.22931,192.0423,-9.704866,89.29218
KITTI_odometry,05,image_0,000435,sequences/05/image_0/000435.png,45.33329,192.4105,-9.719824,89.60055
KITTI_odometry,05,image_0,000436,sequences/05/image_0/000436.png,45.43744,192.7478,-9.734985,89.92948
KITTI_odometry,05,image_0,000437,sequences/05/image_0/000437.png,45.54168,193.103,-9.753497,90.29644
KITTI_odometry,05,image_0,000438,sequences/05/image_0/000438.png,45.64568,193.4542,-9.771782,90.68449
KITTI_odometry,05,image_0,000439,sequences/05/image_0/000439.png,45.74984,193.7797,-9.788979,91.08783
KITTI_odometry,05,image_0,000440,sequences/05/image_0/000440.png,45.8539,194.1207,-9.805979,91.52895
KITTI_odometry,05,image_0,000441,sequences/05/image_0/000441.png,45.95815,194.4379,-9.823861,91.98893
KITTI_odometry,05,image_0,000442,sequences/05/image_0/000442.png,46.0625,194.7637,-9.843068,92.48548
KITTI_odometry,05,image_0,000443,sequences/05/image_0/000443.png,46.16771,195.072,-9.86177,93.00739
KITTI_odometry,05,image_0,000444,sequences/05/image_0/000444.png,46.27111,195.3781,-9.87841,93.54895
KITTI_odometry,05,image_0,000445,sequences/05/image_0/000445.png,46.37543,195.6839,-9.896652,94.12166
KITTI_odometry,05,image_0,000446,sequences/05/image_0/000446.png,46.47994,195.9764,-9.912797,94.71148
KITTI_odometry,05,image_0,000447,sequences/05/image_0/000447.png,46.5845,196.2715,-9.928192,95.32711
KITTI_odometry,05,image_0,000448,sequences/05/image_0/000448.png,46.68893,196.5617,-9.940191,95.95704
KITTI_odometry,05,image_0,000449,sequences/05/image_0/000449.png,46.79332,196.8516,-9.951735,96.60743
KITTI_odometry,05,image_0,000450,sequences/05/image_0/000450.png,46.89782,197.1374,-9.961056,97.2774
KITTI_odometry,05,image_0,000451,sequences/05/image_0/000451.png,47.00215,197.4182,-9.970244,97.97014
KITTI_odometry,05,image_0,000452,sequences/05/image_0/000452.png,47.10653,197.6899,-9.982069,98.68228
KITTI_odometry,05,image_0,000453,sequences/05/image_0/000453.png,47.2109,197.9499,-9.992522,99.41105
KITTI_odometry,05,image_0,000454,sequences/05/image_0/000454.png,47.31528,198.2071,-10.00261,100.1604
KITTI_odometry,05,image_0,000455,sequences/05/image_0/000455.png,47.4198,198.4618,-10.01358,100.9262
KITTI_odometry,05,image_0,000456,sequences/05/image_0/000456.png,47.5243,198.7161,-10.02705,101.7027
KITTI_odometry,05,image_0,000457,sequences/05/image_0/000457.png,47.62884,198.9723,-10.03702,102.4872
KITTI_odometry,05,image_0,000458,sequences/05/image_0/000458.png,47.73328,199.2416,-10.04701,103.284
KITTI_odometry,05,image_0,000459,sequences/05/image_0/000459.png,47.83765,199.5168,-10.0596,104.0925
KITTI_odometry,05,image_0,000460,sequences/05/image_0/000460.png,47.94218,199.7985,-10.07261,104.9137
KITTI_odometry,05,image_0,000461,sequences/05/image_0/000461.png,48.04642,200.0827,-10.08525,105.7448
KITTI_odometry,05,image_0,000462,sequences/05/image_0/000462.png,48.15084,200.371,-10.09936,106.5908
KITTI_odometry,05,image_0,000463,sequences/05/image_0/000463.png,48.25517,200.6612,-10.11259,107.4441
KITTI_odometry,05,image_0,000464,sequences/05/image_0/000464.png,48.35939,200.9553,-10.12353,108.3065
KITTI_odometry,05,image_0,000465,sequences/05/image_0/000465.png,48.46366,201.2524,-10.13595,109.1695
KITTI_odometry,05,image_0,000466,sequences/05/image_0/000466.png,48.56792,201.5498,-10.15022,110.032
KITTI_odometry,05,image_0,000467,sequences/05/image_0/000467.png,48.6722,201.8479,-10.16319,110.893
KITTI_odometry,05,image_0,000468,sequences/05/image_0/000468.png,48.77645,202.151,-10.17328,111.7544
KITTI_odometry,05,image_0,000469,sequences/05/image_0/000469.png,48.88072,202.4544,-10.18181,112.6206
KITTI_odometry,05,image_0,000470,sequences/05/image_0/000470.png,48.985,202.7572,-10.18895,113.4866
KITTI_odometry,05,image_0,000471,sequences/05/image_0/000471.png,49.08918,203.0592,-10.1956,114.3505
KITTI_odometry,05,image_0,000472,sequences/05/image_0/000472.png,49.19328,203.3642,-10.20405,115.2141
KITTI_odometry,05,image_0,000473,sequences/05/image_0/000473.png,49.29753,203.6649,-10.21469,116.0817
KITTI_odometry,05,image_0,000474,sequences/05/image_0/000474.png,49.40781,203.9839,-10.22705,117.0004
KITTI_odometry,05,image_0,000475,sequences/05/image_0/000475.png,49.50598,204.2664,-10.23876,117.8202
KITTI_odometry,05,image_0,000476,sequences/05/image_0/000476.png,49.61018,204.563,-10.24981,118.6904
KITTI_odometry,05,image_0,000477,sequences/05/image_0/000477.png,49.71427,204.8576,-10.26236,119.562
KITTI_odometry,05,image_0,000478,sequences/05/image_0/000478.png,49.81856,205.151,-10.27452,120.4368
KITTI_odometry,05,image_0,000479,sequences/05/image_0/000479.png,49.92284,205.4446,-10.28626,121.3088
KITTI_odometry,05,image_0,000480,sequences/05/image_0/000480.png,50.02695,205.735,-10.29698,122.1791
KITTI_odometry,05,image_0,000481,sequences/05/image_0/000481.png,50.13108,206.0233,-10.3065,123.0494
KITTI_odometry,05,image_0,000482,sequences/05/image_0/000482.png,50.23533,206.3117,-10.31639,123.9201
KITTI_odometry,05,image_0,000483,sequences/05/image_0/000483.png,50.33943,206.5986,-10.32682,124.7903
KITTI_odometry,05,image_0,000484,sequences/05/image_0/000484.png,50.44367,206.8814,-10.33631,125.6572
KITTI_odometry,05,image_0,000485,sequences/05/image_0/000485.png,50.5478,207.1621,-10.34503,126.5197
KITTI_odometry,05,image_0,000486,sequences/05/image_0/000486.png,50.65203,207.4409,-10.35411,127.3774
KITTI_odometry,05,image_0,000487,sequences/05/image_0/000487.png,50.75621,207.7118,-10.36189,128.2265
KITTI_odometry,05,image_0,000488,sequences/05/image_0/000488.png,50.86032,207.9796,-10.37139,129.0715
KITTI_odometry,05,image_0,000489,sequences/05/image_0/000489.png,50.96455,208.2428,-10.37829,129.9084
KITTI_odometry,05,image_0,000490,sequences/05/image_0/000490.png,51.06871,208.502,-10.38629,130.7359
KITTI_odometry,05,image_0,000491,sequences/05/image_0/000491.png,51.17291,208.7512,-10.39206,131.5533
KITTI_odometry,05,image_0,000492,sequences/05/image_0/000492.png,51.27704,208.9973,-10.40122,132.35
KITTI_odometry,05,image_0,000493,sequences/05/image_0/000493.png,51.38289,209.2395,-10.41143,133.1441
KITTI_odometry,05,image_0,000494,sequences/05/image_0/000494.png,51.48545,209.465,-10.4197,133.899
KITTI_odometry,05,image_0,000495,sequences/05/image_0/000495.png,51.58966,209.6873,-10.42934,134.6536
KITTI_odometry,05,image_0,000496,sequences/05/image_0/000496.png,51.6939,209.9047,-10.44065,135.3898
KITTI_odometry,05,image_0,000497,sequences/05/image_0/000497.png,51.79803,210.1152,-10.45188,136.1105
KITTI_odometry,05,image_0,000498,sequences/05/image_0/000498.png,51.9023,210.3158,-10.4616,136.8126
KITTI_odometry,05,image_0,000499,sequences/05/image_0/000499.png,52.00653,210.5053,-10.47044,137.4929
KITTI_odometry,05,image_0,000500,sequences/05/image_0/000500.png,52.11091,210.6841,-10.47955,138.1496
KITTI_odometry,05,image_0,000501,sequences/05/image_0/000501.png,52.21524,210.8534,-10.48458,138.781
KITTI_odometry,05,image_0,000502,sequences/05/image_0/000502.png,52.31933,211.0151,-10.48927,139.387
KITTI_odometry,05,image_0,000503,sequences/05/image_0/000503.png,52.42359,211.1681,-10.50014,139.9688
KITTI_odometry,05,image_0,000504,sequences/05/image_0/000504.png,52.52783,211.3149,-10.51272,140.5281
KITTI_odometry,05,image_0,000505,sequences/05/image_0/000505.png,52.63208,211.4559,-10.52308,141.0618
KITTI_odometry,05,image_0,000506,sequences/05/image_0/000506.png,52.73649,211.5916,-10.53223,141.5766
KITTI_odometry,05,image_0,000507,sequences/05/image_0/000507.png,52.84066,211.724,-10.54209,142.072
KITTI_odometry,05,image_0,000508,sequences/05/image_0/000508.png,52.9449,211.8477,-10.55376,142.554
KITTI_odometry,05,image_0,000509,sequences/05/image_0/000509.png,53.04916,211.9678,-10.56314,143.0234
KITTI_odometry,05,image_0,000510,sequences/05/image_0/000510.png,53.15455,212.0878,-10.5746,143.4896
KITTI_odometry,05,image_0,000511,sequences/05/image_0/000511.png,53.25757,212.2023,-10.58625,143.9404
KITTI_odometry,05,image_0,000512,sequences/05/image_0/000512.png,53.36184,212.3145,-10.59882,144.3957
KITTI_odometry,05,image_0,000513,sequences/05/image_0/000513.png,53.46596,212.4189,-10.60855,144.8487
KITTI_odometry,05,image_0,000514,sequences/05/image_0/000514.png,53.5701,212.5094,-10.61759,145.296
KITTI_odometry,05,image_0,000515,sequences/05/image_0/000515.png,53.67406,212.5874,-10.62654,145.7394
KITTI_odometry,05,image_0,000516,sequences/05/image_0/000516.png,53.77793,212.6445,-10.63536,146.1708
KITTI_odometry,05,image_0,000517,sequences/05/image_0/000517.png,53.88197,212.6931,-10.64334,146.6087
KITTI_odometry,05,image_0,000518,sequences/05/image_0/000518.png,53.98599,212.728,-10.65085,147.0442
KITTI_odometry,05,image_0,000519,sequences/05/image_0/000519.png,54.08979,212.7352,-10.65946,147.467
KITTI_odometry,05,image_0,000520,sequences/05/image_0/000520.png,54.19381,212.7355,-10.67006,147.8973
KITTI_odometry,05,image_0,000521,sequences/05/image_0/000521.png,54.29767,212.6979,-10.68017,148.309
KITTI_odometry,05,image_0,000522,sequences/05/image_0/000522.png,54.40158,212.6554,-10.69138,148.7277
KITTI_odometry,05,image_0,000523,sequences/05/image_0/000523.png,54.50555,212.5937,-10.70164,149.1398
KITTI_odometry,05,image_0,000524,sequences/05/image_0/000524.png,54.60944,212.4911,-10.70606,149.5284
KITTI_odometry,05,image_0,000525,sequences/05/image_0/000525.png,54.71345,212.3948,-10.71183,149.9312
KITTI_odometry,05,image_0,000526,sequences/05/image_0/000526.png,54.8173,212.2529,-10.71523,150.305
KITTI_odometry,05,image_0,000527,sequences/05/image_0/000527.png,54.92131,212.1199,-10.72424,150.6883
KITTI_odometry,05,image_0,000528,sequences/05/image_0/000528.png,55.02533,211.9677,-10.73122,151.0609
KITTI_odometry,05,image_0,000529,sequences/05/image_0/000529.png,55.12937,211.7649,-10.73621,151.398
KITTI_odometry,05,image_0,000530,sequences/05/image_0/000530.png,55.23328,211.5709,-10.74053,151.7398
KITTI_odometry,05,image_0,000531,sequences/05/image_0/000531.png,55.33731,211.3278,-10.74127,152.0414
KITTI_odometry,05,image_0,000532,sequences/05/image_0/000532.png,55.44133,211.0997,-10.73972,152.3511
KITTI_odometry,05,image_0,000533,sequences/05/image_0/000533.png,55.5455,210.8585,-10.73777,152.6461
KITTI_odometry,05,image_0,000534,sequences/05/image_0/000534.png,55.64941,210.5705,-10.7328,152.9003
KITTI_odometry,05,image_0,000535,sequences/05/image_0/000535.png,55.75357,210.3042,-10.7273,153.1666
KITTI_odometry,05,image_0,000536,sequences/05/image_0/000536.png,55.85776,209.9863,-10.72114,153.3864
KITTI_odometry,05,image_0,000537,sequences/05/image_0/000537.png,55.96186,209.6902,-10.71643,153.6096
KITTI_odometry,05,image_0,000538,sequences/05/image_0/000538.png,56.066,209.384,-10.71065,153.8164
KITTI_odometry,05,image_0,000539,sequences/05/image_0/000539.png,56.17022,209.0364,-10.70316,153.9758
KITTI_odometry,05,image_0,000540,sequences/05/image_0/000540.png,56.27431,208.7097,-10.69694,154.1279
KITTI_odometry,05,image_0,000541,sequences/05/image_0/000541.png,56.37855,208.3451,-10.68954,154.2375
KITTI_odometry,05,image_0,000542,sequences/05/image_0/000542.png,56.48284,208.0039,-10.67917,154.357
KITTI_odometry,05,image_0,000543,sequences/05/image_0/000543.png,56.58712,207.6286,-10.6705,154.4466
KITTI_odometry,05,image_0,000544,sequences/05/image_0/000544.png,56.6913,207.2698,-10.66114,154.5375
KITTI_odometry,05,image_0,000545,sequences/05/image_0/000545.png,56.79569,206.9028,-10.65159,154.6115
KITTI_odometry,05,image_0,000546,sequences/05/image_0/000546.png,56.9002,206.5143,-10.64196,154.6636
KITTI_odometry,05,image_0,000547,sequences/05/image_0/000547.png,57.00456,206.1374,-10.62867,154.7274
KITTI_odometry,05,image_0,000548,sequences/05/image_0/000548.png,57.1092,205.7432,-10.61058,154.7862
KITTI_odometry,05,image_0,000549,sequences/05/image_0/000549.png,57.21371,205.3426,-10.59434,154.8398
KITTI_odometry,05,image_0,000550,sequences/05/image_0/000550.png,57.31832,204.9245,-10.5799,154.8689
KITTI_odometry,05,image_0,000551,sequences/05/image_0/000551.png,57.42283,204.4976,-10.56644,154.8951
KITTI_odometry,05,image_0,000552,sequences/05/image_0/000552.png,57.52732,204.0547,-10.55371,154.9164
KITTI_odometry,05,image_0,000553,sequences/05/image_0/000553.png,57.63179,203.6024,-10.54074,154.9481
KITTI_odometry,05,image_0,000554,sequences/05/image_0/000554.png,57.73657,203.1364,-10.52573,154.9817
KITTI_odometry,05,image_0,000555,sequences/05/image_0/000555.png,57.84073,202.6532,-10.5071,155.003
KITTI_odometry,05,image_0,000556,sequences/05/image_0/000556.png,57.94506,202.1496,-10.48725,155.0197
KITTI_odometry,05,image_0,000557,sequences/05/image_0/000557.png,58.04945,201.6203,-10.47117,155.0193
KITTI_odometry,05,image_0,000558,sequences/05/image_0/000558.png,58.15382,201.071,-10.45869,155.0048
KITTI_odometry,05,image_0,000559,sequences/05/image_0/000559.png,58.25822,200.5036,-10.44543,154.98
KITTI_odometry,05,image_0,000560,sequences/05/image_0/000560.png,58.36258,199.9196,-10.42741,154.9573
KITTI_odometry,05,image_0,000561,sequences/05/image_0/000561.png,58.46709,199.3179,-10.40597,154.9342
KITTI_odometry,05,image_0,000562,sequences/05/image_0/000562.png,58.57156,198.6968,-10.38401,154.9104
KITTI_odometry,05,image_0,000563,sequences/05/image_0/000563.png,58.67606,198.0566,-10.36129,154.8848
KITTI_odometry,05,image_0,000564,sequences/05/image_0/000564.png,58.78044,197.401,-10.33952,154.8572
KITTI_odometry,05,image_0,000565,sequences/05/image_0/000565.png,58.88494,196.7229,-10.31726,154.826
KITTI_odometry,05,image_0,000566,sequences/05/image_0/000566.png,58.98942,196.0291,-10.29442,154.7958
KITTI_odometry,05,image_0,000567,sequences/05/image_0/000567.png,59.09391,195.3169,-10.27036,154.772
KITTI_odometry,05,image_0,000568,sequences/05/image_0/000568.png,59.19842,194.5862,-10.24608,154.7538
KITTI_odometry,05,image_0,000569,sequences/05/image_0/000569.png,59.30292,193.8374,-10.22125,154.7492
KITTI_odometry,05,image_0,000570,sequences/05/image_0/000570.png,59.40751,193.0705,-10.19609,154.7502
KITTI_odometry,05,image_0,000571,sequences/05/image_0/000571.png,59.5123,192.2854,-10.16949,154.7603
KITTI_odometry,05,image_0,000572,sequences/05/image_0/000572.png,59.61649,191.4848,-10.14317,154.7788
KITTI_odometry,05,image_0,000573,sequences/05/image_0/000573.png,59.72072,190.6688,-10.11899,154.8086
KITTI_odometry,05,image_0,000574,sequences/05/image_0/000574.png,59.82492,189.8354,-10.09564,154.8506
KITTI_odometry,05,image_0,000575,sequences/05/image_0/000575.png,59.92931,188.9847,-10.07065,154.9028
KITTI_odometry,05,image_0,000576,sequences/05/image_0/000576.png,60.03357,188.1234,-10.04573,154.9664
KITTI_odometry,05,image_0,000577,sequences/05/image_0/000577.png,60.13782,187.2537,-10.02182,155.0405
KITTI_odometry,05,image_0,000578,sequences/05/image_0/000578.png,60.24211,186.3819,-9.996545,155.1219
KITTI_odometry,05,image_0,000579,sequences/05/image_0/000579.png,60.34631,185.5055,-9.969487,155.2099
KITTI_odometry,05,image_0,000580,sequences/05/image_0/000580.png,60.45055,184.6297,-9.942539,155.3026
KITTI_odometry,05,image_0,000581,sequences/05/image_0/000581.png,60.55479,183.7535,-9.916425,155.4011
KITTI_odometry,05,image_0,000582,sequences/05/image_0/000582.png,60.65891,182.8772,-9.890135,155.5026
KITTI_odometry,05,image_0,000583,sequences/05/image_0/000583.png,60.76324,181.9987,-9.863521,155.6041
KITTI_odometry,05,image_0,000584,sequences/05/image_0/000584.png,60.86733,181.1142,-9.837804,155.7048
KITTI_odometry,05,image_0,000585,sequences/05/image_0/000585.png,60.97147,180.2294,-9.813133,155.8063
KITTI_odometry,05,image_0,000586,sequences/05/image_0/000586.png,61.07569,179.3401,-9.787337,155.9061
KITTI_odometry,05,image_0,000587,sequences/05/image_0/000587.png,61.17982,178.4501,-9.762228,156.0078
KITTI_odometry,05,image_0,000588,sequences/05/image_0/000588.png,61.28405,177.5583,-9.737717,156.111
KITTI_odometry,05,image_0,000589,sequences/05/image_0/000589.png,61.38818,176.6648,-9.715049,156.2176
KITTI_odometry,05,image_0,000590,sequences/05/image_0/000590.png,61.49229,175.7731,-9.692884,156.3244
KITTI_odometry,05,image_0,000591,sequences/05/image_0/000591.png,61.59657,174.8806,-9.67004,156.4284
KITTI_odometry,05,image_0,000592,sequences/05/image_0/000592.png,61.70091,173.987,-9.647095,156.5318
KITTI_odometry,05,image_0,000593,sequences/05/image_0/000593.png,61.80511,173.0979,-9.626476,156.6392
KITTI_odometry,05,image_0,000594,sequences/05/image_0/000594.png,61.90907,172.2109,-9.605476,156.7456
KITTI_odometry,05,image_0,000595,sequences/05/image_0/000595.png,62.01323,171.3197,-9.581146,156.8486
KITTI_odometry,05,image_0,000596,sequences/05/image_0/000596.png,62.11744,170.4234,-9.556695,156.9534
KITTI_odometry,05,image_0,000597,sequences/05/image_0/000597.png,62.22159,169.5318,-9.529498,157.0576
KITTI_odometry,05,image_0,000598,sequences/05/image_0/000598.png,62.3257,168.6411,-9.502013,157.161
KITTI_odometry,05,image_0,000599,sequences/05/image_0/000599.png,62.42992,167.7494,-9.474824,157.264
KITTI_odometry,05,image_0,000600,sequences/05/image_0/000600.png,62.53422,166.8573,-9.448053,157.3675
KITTI_odometry,05,image_0,000601,sequences/05/image_0/000601.png,62.63845,165.9654,-9.422279,157.4718
KITTI_odometry,05,image_0,000602,sequences/05/image_0/000602.png,62.74266,165.0767,-9.397373,157.5771
KITTI_odometry,05,image_0,000603,sequences/05/image_0/000603.png,62.84955,164.1664,-9.371821,157.6877
KITTI_odometry,05,image_0,000604,sequences/05/image_0/000604.png,62.95119,163.3046,-9.348969,157.7946
KITTI_odometry,05,image_0,000605,sequences/05/image_0/000605.png,63.05552,162.4228,-9.324889,157.9057
KITTI_odometry,05,image_0,000606,sequences/05/image_0/000606.png,63.15976,161.5439,-9.30001,158.0151
KITTI_odometry,05,image_0,000607,sequences/05/image_0/000607.png,63.26394,160.6685,-9.278466,158.1268
KITTI_odometry,05,image_0,000608,sequences/05/image_0/000608.png,63.36817,159.791,-9.257473,158.2372
KITTI_odometry,05,image_0,000609,sequences/05/image_0/000609.png,63.4723,158.9175,-9.235883,158.3483
KITTI_odometry,05,image_0,000610,sequences/05/image_0/000610.png,63.57657,158.0452,-9.214242,158.4607
KITTI_odometry,05,image_0,000611,sequences/05/image_0/000611.png,63.68082,157.1734,-9.192396,158.5732
KITTI_odometry,05,image_0,000612,sequences/05/image_0/000612.png,63.78505,156.307,-9.171456,158.6857
KITTI_odometry,05,image_0,000613,sequences/05/image_0/000613.png,63.88957,155.435,-9.149972,158.7993
KITTI_odometry,05,image_0,000614,sequences/05/image_0/000614.png,63.9936,154.5698,-9.127752,158.9136
KITTI_odometry,05,image_0,000615,sequences/05/image_0/000615.png,64.09783,153.7017,-9.106746,159.0295
KITTI_odometry,05,image_0,000616,sequences/05/image_0/000616.png,64.20208,152.8296,-9.085915,159.1441
KITTI_odometry,05,image_0,000617,sequences/05/image_0/000617.png,64.30631,151.9539,-9.065684,159.2594
KITTI_odometry,05,image_0,000618,sequences/05/image_0/000618.png,64.41054,151.0745,-9.046829,159.3794
KITTI_odometry,05,image_0,000619,sequences/05/image_0/000619.png,64.51514,150.1896,-9.027227,159.5007
KITTI_odometry,05,image_0,000620,sequences/05/image_0/000620.png,64.61962,149.3011,-9.007556,159.6223
KITTI_odometry,05,image_0,000621,sequences/05/image_0/000621.png,64.72337,148.4176,-8.986304,159.744
KITTI_odometry,05,image_0,000622,sequences/05/image_0/000622.png,64.82756,147.5233,-8.965435,159.8738
KITTI_odometry,05,image_0,000623,sequences/05/image_0/000623.png,64.93171,146.6258,-8.943302,160.006
KITTI_odometry,05,image_0,000624,sequences/05/image_0/000624.png,65.03592,145.7261,-8.923891,160.1315
KITTI_odometry,05,image_0,000625,sequences/05/image_0/000625.png,65.14017,144.8243,-8.900537,160.2572
KITTI_odometry,05,image_0,000626,sequences/05/image_0/000626.png,65.24443,143.9222,-8.876788,160.3908
KITTI_odometry,05,image_0,000627,sequences/05/image_0/000627.png,65.34901,143.0067,-8.855379,160.5168
KITTI_odometry,05,image_0,000628,sequences/05/image_0/000628.png,65.45301,142.09,-8.83461,160.64
KITTI_odometry,05,image_0,000629,sequences/05/image_0/000629.png,65.55726,141.169,-8.814338,160.7675
KITTI_odometry,05,image_0,000630,sequences/05/image_0/000630.png,65.66132,140.2449,-8.793788,160.8945
KITTI_odometry,05,image_0,000631,sequences/05/image_0/000631.png,65.76555,139.3164,-8.77445,161.0191
KITTI_odometry,05,image_0,000632,sequences/05/image_0/000632.png,65.87056,138.3734,-8.753301,161.1378
KITTI_odometry,05,image_0,000633,sequences/05/image_0/000633.png,65.97396,137.4412,-8.730564,161.2492
KITTI_odometry,05,image_0,000634,sequences/05/image_0/000634.png,66.07807,136.4973,-8.707212,161.3585
KITTI_odometry,05,image_0,000635,sequences/05/image_0/000635.png,66.18233,135.5474,-8.684384,161.4635
KITTI_odometry,05,image_0,000636,sequences/05/image_0/000636.png,66.28654,134.5952,-8.660506,161.5602
KITTI_odometry,05,image_0,000637,sequences/05/image_0/000637.png,66.39084,133.6359,-8.63717,161.6556
KITTI_odometry,05,image_0,000638,sequences/05/image_0/000638.png,66.49507,132.6768,-8.614007,161.7489
KITTI_odometry,05,image_0,000639,sequences/05/image_0/000639.png,66.59938,131.7112,-8.590858,161.8406
KITTI_odometry,05,image_0,000640,sequences/05/image_0/000640.png,66.70357,130.7412,-8.568927,161.9362
KITTI_odometry,05,image_0,000641,sequences/05/image_0/000641.png,66.80768,129.7673,-8.548312,162.034
KITTI_odometry,05,image_0,000642,sequences/05/image_0/000642.png,66.91193,128.789,-8.526577,162.1294
KITTI_odometry,05,image_0,000643,sequences/05/image_0/000643.png,67.01794,127.7888,-8.502345,162.2242
KITTI_odometry,05,image_0,000644,sequences/05/image_0/000644.png,67.12048,126.8239,-8.478331,162.3139
KITTI_odometry,05,image_0,000645,sequences/05/image_0/000645.png,67.22469,125.847,-8.451643,162.4025
KITTI_odometry,05,image_0,000646,sequences/05/image_0/000646.png,67.32897,124.8698,-8.423223,162.4891
KITTI_odometry,05,image_0,000647,sequences/05/image_0/000647.png,67.43319,123.8955,-8.393223,162.5755
KITTI_odometry,05,image_0,000648,sequences/05/image_0/000648.png,67.53749,122.9228,-8.364074,162.6628
KITTI_odometry,05,image_0,000649,sequences/05/image_0/000649.png,67.64172,121.9517,-8.334383,162.7476
KITTI_odometry,05,image_0,000650,sequences/05/image_0/000650.png,67.74594,120.9827,-8.305096,162.833
KITTI_odometry,05,image_0,000651,sequences/05/image_0/000651.png,67.85004,120.0115,-8.27603,162.917
KITTI_odometry,05,image_0,000652,sequences/05/image_0/000652.png,67.9543,119.04,-8.247097,162.9982
KITTI_odometry,05,image_0,000653,sequences/05/image_0/000653.png,68.0586,118.0676,-8.217188,163.0817
KITTI_odometry,05,image_0,000654,sequences/05/image_0/000654.png,68.16285,117.0962,-8.190686,163.1649
KITTI_odometry,05,image_0,000655,sequences/05/image_0/000655.png,68.26697,116.1257,-8.16462,163.2477
KITTI_odometry,05,image_0,000656,sequences/05/image_0/000656.png,68.37123,115.1532,-8.13741,163.332
KITTI_odometry,05,image_0,000657,sequences/05/image_0/000657.png,68.47545,114.1834,-8.112159,163.4176
KITTI_odometry,05,image_0,000658,sequences/05/image_0/000658.png,68.57955,113.2135,-8.088498,163.5036
KITTI_odometry,05,image_0,000659,sequences/05/image_0/000659.png,68.68382,112.2414,-8.064935,163.5907
KITTI_odometry,05,image_0,000660,sequences/05/image_0/000660.png,68.78795,111.2713,-8.039749,163.6764
KITTI_odometry,05,image_0,000661,sequences/05/image_0/000661.png,68.89224,110.2992,-8.016223,163.7618
KITTI_odometry,05,image_0,000662,sequences/05/image_0/000662.png,68.99632,109.3298,-7.988739,163.8452
KITTI_odometry,05,image_0,000663,sequences/05/image_0/000663.png,69.10045,108.36,-7.961322,163.93
KITTI_odometry,05,image_0,000664,sequences/05/image_0/000664.png,69.20468,107.386,-7.933978,164.0146
KITTI_odometry,05,image_0,000665,sequences/05/image_0/000665.png,69.30884,106.4168,-7.906372,164.1013
KITTI_odometry,05,image_0,000666,sequences/05/image_0/000666.png,69.4131,105.4447,-7.880923,164.1854
KITTI_odometry,05,image_0,000667,sequences/05/image_0/000667.png,69.51724,104.4776,-7.853605,164.2692
KITTI_odometry,05,image_0,000668,sequences/05/image_0/000668.png,69.62136,103.5089,-7.826026,164.3528
KITTI_odometry,05,image_0,000669,sequences/05/image_0/000669.png,69.7256,102.5407,-7.799256,164.4349
KITTI_odometry,05,image_0,000670,sequences/05/image_0/000670.png,69.82967,101.572,-7.770766,164.5137
KITTI_odometry,05,image_0,000671,sequences/05/image_0/000671.png,69.93392,100.6078,-7.743516,164.5939
KITTI_odometry,05,image_0,000672,sequences/05/image_0/000672.png,70.03807,99.6444,-7.716144,164.6724
KITTI_odometry,05,image_0,000673,sequences/05/image_0/000673.png,70.14235,98.68013,-7.691555,164.7519
KITTI_odometry,05,image_0,000674,sequences/05/image_0/000674.png,70.24645,97.71624,-7.668411,164.836
KITTI_odometry,05,image_0,000675,sequences/05/image_0/000675.png,70.35078,96.74473,-7.645451,164.9281
KITTI_odometry,05,image_0,000676,sequences/05/image_0/000676.png,70.45492,95.77946,-7.621151,165.025
KITTI_odometry,05,image_0,000677,sequences/05/image_0/000677.png,70.55917,94.81342,-7.595478,165.1226
KITTI_odometry,05,image_0,000678,sequences/05/image_0/000678.png,70.66333,93.84929,-7.567909,165.2231
KITTI_odometry,05,image_0,000679,sequences/05/image_0/000679.png,70.76754,92.88647,-7.539571,165.3259
KITTI_odometry,05,image_0,000680,sequences/05/image_0/000680.png,70.87192,91.91835,-7.510417,165.4274
KITTI_odometry,05,image_0,000681,sequences/05/image_0/000681.png,70.97626,90.95214,-7.480226,165.5302
KITTI_odometry,05,image_0,000682,sequences/05/image_0/000682.png,71.08235,89.97192,-7.45148,165.6374
KITTI_odometry,05,image_0,000683,sequences/05/image_0/000683.png,71.18447,89.02823,-7.424901,165.7432
KITTI_odometry,05,image_0,000684,sequences/05/image_0/000684.png,71.28855,88.06538,-7.399685,165.8512
KITTI_odometry,05,image_0,000685,sequences/05/image_0/000685.png,71.3928,87.09607,-7.380274,165.9632
KITTI_odometry,05,image_0,000686,sequences/05/image_0/000686.png,71.49692,86.12617,-7.361033,166.0746
KITTI_odometry,05,image_0,000687,sequences/05/image_0/000687.png,71.60151,85.15047,-7.341209,166.1916
KITTI_odometry,05,image_0,000688,sequences/05/image_0/000688.png,71.70533,84.18412,-7.317668,166.3055
KITTI_odometry,05,image_0,000689,sequences/05/image_0/000689.png,71.80946,83.2161,-7.293431,166.4184
KITTI_odometry,05,image_0,000690,sequences/05/image_0/000690.png,71.91358,82.24261,-7.267431,166.5315
KITTI_odometry,05,image_0,000691,sequences/05/image_0/000691.png,72.0178,81.26555,-7.240322,166.646
KITTI_odometry,05,image_0,000692,sequences/05/image_0/000692.png,72.12192,80.28691,-7.211469,166.754
KITTI_odometry,05,image_0,000693,sequences/05/image_0/000693.png,72.22605,79.31183,-7.181974,166.8626
KITTI_odometry,05,image_0,000694,sequences/05/image_0/000694.png,72.33029,78.33892,-7.153796,166.9738
KITTI_odometry,05,image_0,000695,sequences/05/image_0/000695.png,72.43462,77.36723,-7.127829,167.087
KITTI_odometry,05,image_0,000696,sequences/05/image_0/000696.png,72.53869,76.39326,-7.104477,167.2019
KITTI_odometry,05,image_0,000697,sequences/05/image_0/000697.png,72.64298,75.40969,-7.083141,167.3142
KITTI_odometry,05,image_0,000698,sequences/05/image_0/000698.png,72.74708,74.42483,-7.061818,167.4265
KITTI_odometry,05,image_0,000699,sequences/05/image_0/000699.png,72.85134,73.4387,-7.03786,167.5389
KITTI_odometry,05,image_0,000700,sequences/05/image_0/000700.png,72.95548,72.45612,-7.009383,167.6483
KITTI_odometry,05,image_0,000701,sequences/05/image_0/000701.png,73.05956,71.47256,-6.982627,167.755
KITTI_odometry,05,image_0,000702,sequences/05/image_0/000702.png,73.16384,70.48515,-6.956324,167.8634
KITTI_odometry,05,image_0,000703,sequences/05/image_0/000703.png,73.26799,69.4976,-6.928865,167.9681
KITTI_odometry,05,image_0,000704,sequences/05/image_0/000704.png,73.37208,68.50825,-6.902407,168.0701
KITTI_odometry,05,image_0,000705,sequences/05/image_0/000705.png,73.47628,67.51984,-6.876903,168.1677
KITTI_odometry,05,image_0,000706,sequences/05/image_0/000706.png,73.58042,66.52966,-6.849228,168.2622
KITTI_odometry,05,image_0,000707,sequences/05/image_0/000707.png,73.6846,65.53633,-6.822546,168.3543
KITTI_odometry,05,image_0,000708,sequences/05/image_0/000708.png,73.78887,64.54085,-6.79639,168.4419
KITTI_odometry,05,image_0,000709,sequences/05/image_0/000709.png,73.89296,63.54367,-6.768485,168.5295
KITTI_odometry,05,image_0,000710,sequences/05/image_0/000710.png,73.99724,62.54205,-6.740162,168.6151
KITTI_odometry,05,image_0,000711,sequences/05/image_0/000711.png,74.10133,61.5404,-6.714259,168.6972
KITTI_odometry,05,image_0,000712,sequences/05/image_0/000712.png,74.20558,60.53894,-6.686894,168.7777
KITTI_odometry,05,image_0,000713,sequences/05/image_0/000713.png,74.30981,59.53933,-6.658607,168.8593
KITTI_odometry,05,image_0,000714,sequences/05/image_0/000714.png,74.41406,58.53719,-6.630508,168.9414
KITTI_odometry,05,image_0,000715,sequences/05/image_0/000715.png,74.51819,57.53603,-6.604353,169.0211
KITTI_odometry,05,image_0,000716,sequences/05/image_0/000716.png,74.6225,56.53409,-6.576718,169.103
KITTI_odometry,05,image_0,000717,sequences/05/image_0/000717.png,74.72671,55.53393,-6.548982,169.185
KITTI_odometry,05,image_0,000718,sequences/05/image_0/000718.png,74.83087,54.53419,-6.521493,169.2648
KITTI_odometry,05,image_0,000719,sequences/05/image_0/000719.png,74.93508,53.5363,-6.49463,169.3432
KITTI_odometry,05,image_0,000720,sequences/05/image_0/000720.png,75.03918,52.54333,-6.467507,169.4202
KITTI_odometry,05,image_0,000721,sequences/05/image_0/000721.png,75.14343,51.54988,-6.441651,169.495
KITTI_odometry,05,image_0,000722,sequences/05/image_0/000722.png,75.24756,50.5616,-6.413829,169.567
KITTI_odometry,05,image_0,000723,sequences/05/image_0/000723.png,75.35171,49.57187,-6.389179,169.6402
KITTI_odometry,05,image_0,000724,sequences/05/image_0/000724.png,75.45606,48.5877,-6.365828,169.7083
KITTI_odometry,05,image_0,000725,sequences/05/image_0/000725.png,75.56008,47.61182,-6.344237,169.7763
KITTI_odometry,05,image_0,000726,sequences/05/image_0/000726.png,75.66421,46.6355,-6.324209,169.8396
KITTI_odometry,05,image_0,000727,sequences/05/image_0/000727.png,75.76834,45.66087,-6.305321,169.9006
KITTI_odometry,05,image_0,000728,sequences/05/image_0/000728.png,75.87244,44.68182,-6.287617,169.9586
KITTI_odometry,05,image_0,000729,sequences/05/image_0/000729.png,75.97658,43.71013,-6.268908,170.0171
KITTI_odometry,05,image_0,000730,sequences/05/image_0/000730.png,76.0807,42.74416,-6.249479,170.0723
KITTI_odometry,05,image_0,000731,sequences/05/image_0/000731.png,76.185,41.78176,-6.228328,170.1248
KITTI_odometry,05,image_0,000732,sequences/05/image_0/000732.png,76.28906,40.82336,-6.202703,170.1766
KITTI_odometry,05,image_0,000733,sequences/05/image_0/000733.png,76.3933,39.8647,-6.175146,170.228
KITTI_odometry,05,image_0,000734,sequences/05/image_0/000734.png,76.49746,38.90723,-6.146854,170.278
KITTI_odometry,05,image_0,000735,sequences/05/image_0/000735.png,76.6019,37.95304,-6.11653,170.3283
KITTI_odometry,05,image_0,000736,sequences/05/image_0/000736.png,76.70627,37.00423,-6.084618,170.3775
KITTI_odometry,05,image_0,000737,sequences/05/image_0/000737.png,76.81012,36.0688,-6.05452,170.4262
KITTI_odometry,05,image_0,000738,sequences/05/image_0/000738.png,76.91447,35.13286,-6.023869,170.4735
KITTI_odometry,05,image_0,000739,sequences/05/image_0/000739.png,77.01832,34.20793,-5.994786,170.5188
KITTI_odometry,05,image_0,000740,sequences/05/image_0/000740.png,77.12259,33.29,-5.964224,170.5614
KITTI_odometry,05,image_0,000741,sequences/05/image_0/000741.png,77.22668,32.38526,-5.93434,170.6028
KITTI_odometry,05,image_0,000742,sequences/05/image_0/000742.png,77.3308,31.48447,-5.90404,170.6422
KITTI_odometry,05,image_0,000743,sequences/05/image_0/000743.png,77.43611,30.58176,-5.872975,170.6794
KITTI_odometry,05,image_0,000744,sequences/05/image_0/000744.png,77.53921,29.70436,-5.841817,170.7134
KITTI_odometry,05,image_0,000745,sequences/05/image_0/000745.png,77.64333,28.82594,-5.81216,170.7461
KITTI_odometry,05,image_0,000746,sequences/05/image_0/000746.png,77.74763,27.95477,-5.782162,170.7773
KITTI_odometry,05,image_0,000747,sequences/05/image_0/000747.png,77.8517,27.09342,-5.753892,170.8071
KITTI_odometry,05,image_0,000748,sequences/05/image_0/000748.png,77.95581,26.24437,-5.725102,170.8337
KITTI_odometry,05,image_0,000749,sequences/05/image_0/000749.png,78.0601,25.40547,-5.695381,170.8574
KITTI_odometry,05,image_0,000750,sequences/05/image_0/000750.png,78.16432,24.58317,-5.666829,170.8773
KITTI_odometry,05,image_0,000751,sequences/05/image_0/000751.png,78.26858,23.77585,-5.638788,170.8968
KITTI_odometry,05,image_0,000752,sequences/05/image_0/000752.png,78.37279,22.98624,-5.610987,170.9164
KITTI_odometry,05,image_0,000753,sequences/05/image_0/000753.png,78.47715,22.20933,-5.584114,170.9378
KITTI_odometry,05,image_0,000754,sequences/05/image_0/000754.png,78.58142,21.4456,-5.559904,170.9645
KITTI_odometry,05,image_0,000755,sequences/05/image_0/000755.png,78.68571,20.69094,-5.536829,170.9942
KITTI_odometry,05,image_0,000756,sequences/05/image_0/000756.png,78.78998,19.94428,-5.515388,171.0278
KITTI_odometry,05,image_0,000757,sequences/05/image_0/000757.png,78.89417,19.20611,-5.494749,171.0651
KITTI_odometry,05,image_0,000758,sequences/05/image_0/000758.png,78.99861,18.47268,-5.472781,171.1029
KITTI_odometry,05,image_0,000759,sequences/05/image_0/000759.png,79.10274,17.74801,-5.451042,171.1422
KITTI_odometry,05,image_0,000760,sequences/05/image_0/000760.png,79.20709,17.02821,-5.430247,171.1833
KITTI_odometry,05,image_0,000761,sequences/05/image_0/000761.png,79.31129,16.31412,-5.40817,171.2284
KITTI_odometry,05,image_0,000762,sequences/05/image_0/000762.png,79.41555,15.60676,-5.386891,171.2731
KITTI_odometry,05,image_0,000763,sequences/05/image_0/000763.png,79.52132,14.89954,-5.366543,171.3168
KITTI_odometry,05,image_0,000764,sequences/05/image_0/000764.png,79.62408,14.2232,-5.34737,171.3599
KITTI_odometry,05,image_0,000765,sequences/05/image_0/000765.png,79.72836,13.54546,-5.327205,171.4036
KITTI_odometry,05,image_0,000766,sequences/05/image_0/000766.png,79.83262,12.87576,-5.307366,171.447
KITTI_odometry,05,image_0,000767,sequences/05/image_0/000767.png,79.93681,12.21623,-5.289372,171.4921
KITTI_odometry,05,image_0,000768,sequences/05/image_0/000768.png,80.04106,11.56807,-5.273013,171.5402
KITTI_odometry,05,image_0,000769,sequences/05/image_0/000769.png,80.14531,10.93393,-5.255371,171.5884
KITTI_odometry,05,image_0,000770,sequences/05/image_0/000770.png,80.24958,10.31366,-5.238926,171.6384
KITTI_odometry,05,image_0,000771,sequences/05/image_0/000771.png,80.3538,9.70917,-5.222309,171.6873
KITTI_odometry,05,image_0,000772,sequences/05/image_0/000772.png,80.45824,9.12053,-5.204828,171.7402
KITTI_odometry,05,image_0,000773,sequences/05/image_0/000773.png,80.56251,8.551464,-5.188571,171.7957
KITTI_odometry,05,image_0,000774,sequences/05/image_0/000774.png,80.66669,7.998637,-5.175534,171.8537
KITTI_odometry,05,image_0,000775,sequences/05/image_0/000775.png,80.77093,7.461749,-5.161644,171.9086
KITTI_odometry,05,image_0,000776,sequences/05/image_0/000776.png,80.87541,6.938515,-5.148935,171.9658
KITTI_odometry,05,image_0,000777,sequences/05/image_0/000777.png,80.97957,6.432635,-5.135935,172.0241
KITTI_odometry,05,image_0,000778,sequences/05/image_0/000778.png,81.08396,5.941199,-5.122506,172.0898
KITTI_odometry,05,image_0,000779,sequences/05/image_0/000779.png,81.18818,5.461638,-5.108901,172.1564
KITTI_odometry,05,image_0,000780,sequences/05/image_0/000780.png,81.29255,4.995356,-5.097142,172.2277
KITTI_odometry,05,image_0,000781,sequences/05/image_0/000781.png,81.39684,4.541988,-5.086635,172.2989
KITTI_odometry,05,image_0,000782,sequences/05/image_0/000782.png,81.50123,4.101101,-5.0788,172.3765
KITTI_odometry,05,image_0,000783,sequences/05/image_0/000783.png,81.60565,3.674361,-5.068751,172.4608
KITTI_odometry,05,image_0,000784,sequences/05/image_0/000784.png,81.70982,3.262747,-5.058377,172.5489
KITTI_odometry,05,image_0,000785,sequences/05/image_0/000785.png,81.81425,2.864576,-5.050116,172.6439
KITTI_odometry,05,image_0,000786,sequences/05/image_0/000786.png,81.91858,2.475555,-5.044008,172.7387
KITTI_odometry,05,image_0,000787,sequences/05/image_0/000787.png,82.02282,2.10015,-5.03851,172.8401
KITTI_odometry,05,image_0,000788,sequences/05/image_0/000788.png,82.12719,1.737145,-5.033886,172.9439
KITTI_odometry,05,image_0,000789,sequences/05/image_0/000789.png,82.23155,1.394096,-5.030678,173.0607
KITTI_odometry,05,image_0,000790,sequences/05/image_0/000790.png,82.33601,1.066699,-5.029479,173.186
KITTI_odometry,05,image_0,000791,sequences/05/image_0/000791.png,82.44036,0.7490336,-5.026746,173.3127
KITTI_odometry,05,image_0,000792,sequences/05/image_0/000792.png,82.54474,0.4352868,-5.023796,173.4488
KITTI_odometry,05,image_0,000793,sequences/05/image_0/000793.png,82.64906,0.1244878,-5.020538,173.5851
KITTI_odometry,05,image_0,000794,sequences/05/image_0/000794.png,82.75777,-0.1940023,-5.015397,173.7434
KITTI_odometry,05,image_0,000795,sequences/05/image_0/000795.png,82.85788,-0.4819953,-5.010263,173.9051
KITTI_odometry,05,image_0,000796,sequences/05/image_0/000796.png,82.96217,-0.7744074,-5.00588,174.0816
KITTI_odometry,05,image_0,000797,sequences/05/image_0/000797.png,83.06668,-1.056277,-5.004071,174.26
KITTI_odometry,05,image_0,000798,sequences/05/image_0/000798.png,83.17127,-1.324858,-5.006267,174.4569
KITTI_odometry,05,image_0,000799,sequences/05/image_0/000799.png,83.27572,-1.58099,-5.01319,174.6662
KITTI_odometry,05,image_0,000800,sequences/05/image_0/000800.png,83.38002,-1.827053,-5.016426,174.8661
KITTI_odometry,05,image_0,000801,sequences/05/image_0/000801.png,83.48474,-2.065394,-5.020977,175.0917
KITTI_odometry,05,image_0,000802,sequences/05/image_0/000802.png,83.5888,-2.298974,-5.02026,175.3083
KITTI_odometry,05,image_0,000803,sequences/05/image_0/000803.png,83.69323,-2.533159,-5.021905,175.5567
KITTI_odometry,05,image_0,000804,sequences/05/image_0/000804.png,83.79755,-2.7621,-5.019984,175.8085
KITTI_odometry,05,image_0,000805,sequences/05/image_0/000805.png,83.90195,-2.984,-5.021561,176.102
KITTI_odometry,05,image_0,000806,sequences/05/image_0/000806.png,84.00645,-3.197645,-5.02738,176.4144
KITTI_odometry,05,image_0,000807,sequences/05/image_0/000807.png,84.11077,-3.408457,-5.035163,176.7201
KITTI_odometry,05,image_0,000808,sequences/05/image_0/000808.png,84.21512,-3.613633,-5.041623,177.0559
KITTI_odometry,05,image_0,000809,sequences/05/image_0/000809.png,84.31931,-3.80931,-5.049114,177.3923
KITTI_odometry,05,image_0,000810,sequences/05/image_0/000810.png,84.42369,-3.994755,-5.05947,177.7639
KITTI_odometry,05,image_0,000811,sequences/05/image_0/000811.png,84.52796,-4.172515,-5.069239,178.1345
KITTI_odometry,05,image_0,000812,sequences/05/image_0/000812.png,84.63228,-4.341951,-5.077813,178.538
KITTI_odometry,05,image_0,000813,sequences/05/image_0/000813.png,84.73726,-4.506015,-5.0855,178.9515
KITTI_odometry,05,image_0,000814,sequences/05/image_0/000814.png,84.84076,-4.658887,-5.093131,179.3984
KITTI_odometry,05,image_0,000815,sequences/05/image_0/000815.png,84.94493,-4.802666,-5.103184,179.8726
KITTI_odometry,05,image_0,000816,sequences/05/image_0/000816.png,85.05121,-4.930925,-5.118399,180.367
KITTI_odometry,05,image_0,000817,sequences/05/image_0/000817.png,85.15425,-5.037119,-5.132442,180.879
KITTI_odometry,05,image_0,000818,sequences/05/image_0/000818.png,85.2577,-5.132379,-5.148414,181.3966
KITTI_odometry,05,image_0,000819,sequences/05/image_0/000819.png,85.36198,-5.212692,-5.159578,181.9529
KITTI_odometry,05,image_0,000820,sequences/05/image_0/000820.png,85.46611,-5.27335,-5.167765,182.524
KITTI_odometry,05,image_0,000821,sequences/05/image_0/000821.png,85.57007,-5.31934,-5.18087,183.1051
KITTI_odometry,05,image_0,000822,sequences/05/image_0/000822.png,85.6741,-5.351521,-5.198453,183.7146
KITTI_odometry,05,image_0,000823,sequences/05/image_0/000823.png,85.77809,-5.374392,-5.21737,184.3315
KITTI_odometry,05,image_0,000824,sequences/05/image_0/000824.png,85.88197,-5.386215,-5.239606,184.9722
KITTI_odometry,05,image_0,000825,sequences/05/image_0/000825.png,85.98583,-5.392321,-5.261747,185.6255
KITTI_odometry,05,image_0,000826,sequences/05/image_0/000826.png,86.08969,-5.394182,-5.283043,186.2935
KITTI_odometry,05,image_0,000827,sequences/05/image_0/000827.png,86.19355,-5.392487,-5.306439,186.9806
KITTI_odometry,05,image_0,000828,sequences/05/image_0/000828.png,86.29753,-5.38794,-5.330977,187.6829
KITTI_odometry,05,image_0,000829,sequences/05/image_0/000829.png,86.40145,-5.38074,-5.355984,188.4002
KITTI_odometry,05,image_0,000830,sequences/05/image_0/000830.png,86.50509,-5.373899,-5.378798,189.1282
KITTI_odometry,05,image_0,000831,sequences/05/image_0/000831.png,86.60897,-5.372151,-5.400566,189.8719
KITTI_odometry,05,image_0,000832,sequences/05/image_0/000832.png,86.71281,-5.376082,-5.423205,190.6327
KITTI_odometry,05,image_0,000833,sequences/05/image_0/000833.png,86.81672,-5.383511,-5.448214,191.4074
KITTI_odometry,05,image_0,000834,sequences/05/image_0/000834.png,86.92068,-5.386586,-5.475289,192.1934
KITTI_odometry,05,image_0,000835,sequences/05/image_0/000835.png,87.02455,-5.388556,-5.503892,192.9838
KITTI_odometry,05,image_0,000836,sequences/05/image_0/000836.png,87.12865,-5.397395,-5.530975,193.782
KITTI_odometry,05,image_0,000837,sequences/05/image_0/000837.png,87.23286,-5.406023,-5.557396,194.5852
KITTI_odometry,05,image_0,000838,sequences/05/image_0/000838.png,87.33686,-5.414875,-5.584706,195.3954
KITTI_odometry,05,image_0,000839,sequences/05/image_0/000839.png,87.4409,-5.425124,-5.615779,196.2071
KITTI_odometry,05,image_0,000840,sequences/05/image_0/000840.png,87.54484,-5.440439,-5.644544,197.0176
KITTI_odometry,05,image_0,000841,sequences/05/image_0/000841.png,87.64894,-5.4507,-5.671587,197.8279
KITTI_odometry,05,image_0,000842,sequences/05/image_0/000842.png,87.75306,-5.463791,-5.697731,198.6388
KITTI_odometry,05,image_0,000843,sequences/05/image_0/000843.png,87.85718,-5.475977,-5.721685,199.4565
KITTI_odometry,05,image_0,000844,sequences/05/image_0/000844.png,87.96142,-5.48971,-5.746165,200.2799
KITTI_odometry,05,image_0,000845,sequences/05/image_0/000845.png,88.06568,-5.502826,-5.772032,201.1081
KITTI_odometry,05,image_0,000846,sequences/05/image_0/000846.png,88.1697,-5.514842,-5.79707,201.9342
KITTI_odometry,05,image_0,000847,sequences/05/image_0/000847.png,88.27385,-5.530315,-5.821917,202.7596
KITTI_odometry,05,image_0,000848,sequences/05/image_0/000848.png,88.37794,-5.546064,-5.847719,203.5844
KITTI_odometry,05,image_0,000849,sequences/05/image_0/000849.png,88.48206,-5.560062,-5.875323,204.4067
KITTI_odometry,05,image_0,000850,sequences/05/image_0/000850.png,88.58636,-5.57464,-5.904682,205.2297
KITTI_odometry,05,image_0,000851,sequences/05/image_0/000851.png,88.69045,-5.595924,-5.931834,206.0488
KITTI_odometry,05,image_0,000852,sequences/05/image_0/000852.png,88.79469,-5.616804,-5.960396,206.8636
KITTI_odometry,05,image_0,000853,sequences/05/image_0/000853.png,88.89883,-5.638403,-5.984917,207.6764
KITTI_odometry,05,image_0,000854,sequences/05/image_0/000854.png,89.00314,-5.663364,-6.010137,208.4877
KITTI_odometry,05,image_0,000855,sequences/05/image_0/000855.png,89.10743,-5.692115,-6.032806,209.2941
KITTI_odometry,05,image_0,000856,sequences/05/image_0/000856.png,89.21159,-5.719704,-6.058511,210.095
KITTI_odometry,05,image_0,000857,sequences/05/image_0/000857.png,89.31572,-5.746621,-6.085702,210.8881
KITTI_odometry,05,image_0,000858,sequences/05/image_0/000858.png,89.41993,-5.775682,-6.110646,211.6782
KITTI_odometry,05,image_0,000859,sequences/05/image_0/000859.png,89.52419,-5.807043,-6.136861,212.4599
KITTI_odometry,05,image_0,000860,sequences/05/image_0/000860.png,89.62843,-5.836098,-6.163417,213.2324
KITTI_odometry,05,image_0,000861,sequences/05/image_0/000861.png,89.73269,-5.860771,-6.187611,213.9901
KITTI_odometry,05,image_0,000862,sequences/05/image_0/000862.png,89.83693,-5.88549,-6.210951,214.7321
KITTI_odometry,05,image_0,000863,sequences/05/image_0/000863.png,89.94118,-5.91233,-6.234236,215.4543
KITTI_odometry,05,image_0,000864,sequences/05/image_0/000864.png,90.04556,-5.9409,-6.258073,216.1593
KITTI_odometry,05,image_0,000865,sequences/05/image_0/000865.png,90.1496,-5.970022,-6.279269,216.8473
KITTI_odometry,05,image_0,000866,sequences/05/image_0/000866.png,90.25386,-5.996305,-6.29913,217.516
KITTI_odometry,05,image_0,000867,sequences/05/image_0/000867.png,90.35797,-6.023283,-6.319943,218.1694
KITTI_odometry,05,image_0,000868,sequences/05/image_0/000868.png,90.46222,-6.053756,-6.341411,218.8036
KITTI_odometry,05,image_0,000869,sequences/05/image_0/000869.png,90.56632,-6.084272,-6.361896,219.412
KITTI_odometry,05,image_0,000870,sequences/05/image_0/000870.png,90.67057,-6.114588,-6.38243,220.0006
KITTI_odometry,05,image_0,000871,sequences/05/image_0/000871.png,90.77468,-6.14573,-6.399955,220.5667
KITTI_odometry,05,image_0,000872,sequences/05/image_0/000872.png,90.87905,-6.178103,-6.417342,221.1145
KITTI_odometry,05,image_0,000873,sequences/05/image_0/000873.png,90.9833,-6.209081,-6.433514,221.6411
KITTI_odometry,05,image_0,000874,sequences/05/image_0/000874.png,91.08751,-6.239666,-6.450142,222.147
KITTI_odometry,05,image_0,000875,sequences/05/image_0/000875.png,91.19172,-6.2677,-6.466547,222.6311
KITTI_odometry,05,image_0,000876,sequences/05/image_0/000876.png,91.296,-6.290085,-6.480811,223.0947
KITTI_odometry,05,image_0,000877,sequences/05/image_0/000877.png,91.40035,-6.308435,-6.492847,223.545
KITTI_odometry,05,image_0,000878,sequences/05/image_0/000878.png,91.50473,-6.319855,-6.503769,223.988
KITTI_odometry,05,image_0,000879,sequences/05/image_0/000879.png,91.6091,-6.323739,-6.516463,224.427
KITTI_odometry,05,image_0,000880,sequences/05/image_0/000880.png,91.71382,-6.319417,-6.533002,224.8666
KITTI_odometry,05,image_0,000881,sequences/05/image_0/000881.png,91.81786,-6.304389,-6.549425,225.2989
KITTI_odometry,05,image_0,000882,sequences/05/image_0/000882.png,91.92245,-6.274326,-6.565498,225.7323
KITTI_odometry,05,image_0,000883,sequences/05/image_0/000883.png,92.02688,-6.236169,-6.583319,226.1516
KITTI_odometry,05,image_0,000884,sequences/05/image_0/000884.png,92.13124,-6.19086,-6.600756,226.5688
KITTI_odometry,05,image_0,000885,sequences/05/image_0/000885.png,92.2359,-6.132258,-6.618486,226.985
KITTI_odometry,05,image_0,000886,sequences/05/image_0/000886.png,92.34033,-6.055339,-6.633282,227.3826
KITTI_odometry,05,image_0,000887,sequences/05/image_0/000887.png,92.44485,-5.959133,-6.65014,227.7868
KITTI_odometry,05,image_0,000888,sequences/05/image_0/000888.png,92.54948,-5.842543,-6.664783,228.1672
KITTI_odometry,05,image_0,000889,sequences/05/image_0/000889.png,92.65403,-5.705406,-6.678846,228.5521
KITTI_odometry,05,image_0,000890,sequences/05/image_0/000890.png,92.75849,-5.557346,-6.689134,228.9096
KITTI_odometry,05,image_0,000891,sequences/05/image_0/000891.png,92.86295,-5.392446,-6.706019,229.2783
KITTI_odometry,05,image_0,000892,sequences/05/image_0/000892.png,92.96832,-5.215271,-6.722386,229.6207
KITTI_odometry,05,image_0,000893,sequences/05/image_0/000893.png,93.07203,-5.034004,-6.73981,229.9627
KITTI_odometry,05,image_0,000894,sequences/05/image_0/000894.png,93.17636,-4.842747,-6.754313,230.2757
KITTI_odometry,05,image_0,000895,sequences/05/image_0/000895.png,93.28083,-4.639218,-6.76509,230.5991
KITTI_odometry,05,image_0,000896,sequences/05/image_0/000896.png,93.3852,-4.412698,-6.769151,230.9131
KITTI_odometry,05,image_0,000897,sequences/05/image_0/000897.png,93.48971,-4.1627,-6.774005,231.1927
KITTI_odometry,05,image_0,000898,sequences/05/image_0/000898.png,93.59411,-3.894204,-6.779934,231.486
KITTI_odometry,05,image_0,000899,sequences/05/image_0/000899.png,93.69845,-3.617048,-6.788129,231.7428
KITTI_odometry,05,image_0,000900,sequences/05/image_0/000900.png,93.80282,-3.339169,-6.795933,232.0322
KITTI_odometry,05,image_0,000901,sequences/05/image_0/000901.png,93.90723,-3.051125,-6.818114,232.2922
KITTI_odometry,05,image_0,000902,sequences/05/image_0/000902.png,94.01155,-2.738112,-6.839842,232.5583
KITTI_odometry,05,image_0,000903,sequences/05/image_0/000903.png,94.11582,-2.397566,-6.858248,232.795
KITTI_odometry,05,image_0,000904,sequences/05/image_0/000904.png,94.2201,-2.039294,-6.866185,232.9743
KITTI_odometry,05,image_0,000905,sequences/05/image_0/000905.png,94.3245,-1.663556,-6.872959,233.1743
KITTI_odometry,05,image_0,000906,sequences/05/image_0/000906.png,94.42871,-1.278517,-6.884328,233.345
KITTI_odometry,05,image_0,000907,sequences/05/image_0/000907.png,94.53308,-0.874758,-6.899401,233.5417
KITTI_odometry,05,image_0,000908,sequences/05/image_0/000908.png,94.63987,-0.4359517,-6.921993,233.7034
KITTI_odometry,05,image_0,000909,sequences/05/image_0/000909.png,94.74161,0.002398074,-6.948447,233.8494
KITTI_odometry,05,image_0,000910,sequences/05/image_0/000910.png,94.84572,0.4703487,-6.970534,233.9807
KITTI_odometry,05,image_0,000911,sequences/05/image_0/000911.png,94.94997,0.9528231,-6.986025,234.0717
KITTI_odometry,05,image_0,000912,sequences/05/image_0/000912.png,95.054,1.451824,-6.997554,234.1673
KITTI_odometry,05,image_0,000913,sequences/05/image_0/000913.png,95.15809,1.968174,-7.010695,234.246
KITTI_odometry,05,image_0,000914,sequences/05/image_0/000914.png,95.26212,2.504059,-7.027529,234.3265
KITTI_odometry,05,image_0,000915,sequences/05/image_0/000915.png,95.36596,3.063341,-7.050404,234.3947
KITTI_odometry,05,image_0,000916,sequences/05/image_0/000916.png,95.46985,3.633148,-7.071477,234.4468
KITTI_odometry,05,image_0,000917,sequences/05/image_0/000917.png,95.57381,4.219494,-7.090984,234.4924
KITTI_odometry,05,image_0,000918,sequences/05/image_0/000918.png,95.67789,4.818404,-7.109578,234.5217
KITTI_odometry,05,image_0,000919,sequences/05/image_0/000919.png,95.78189,5.432449,-7.126868,234.5364
KITTI_odometry,05,image_0,000920,sequences/05/image_0/000920.png,95.88591,6.068743,-7.14435,234.5358
KITTI_odometry,05,image_0,000921,sequences/05/image_0/000921.png,95.98969,6.718857,-7.163757,234.5295
KITTI_odometry,05,image_0,000922,sequences/05/image_0/000922.png,96.09373,7.389986,-7.187767,234.5223
KITTI_odometry,05,image_0,000923,sequences/05/image_0/000923.png,96.19761,8.074205,-7.215715,234.5065
KITTI_odometry,05,image_0,000924,sequences/05/image_0/000924.png,96.30148,8.771869,-7.240419,234.4769
KITTI_odometry,05,image_0,000925,sequences/05/image_0/000925.png,96.40544,9.482224,-7.257341,234.4371
KITTI_odometry,05,image_0,000926,sequences/05/image_0/000926.png,96.50921,10.20631,-7.273022,234.3929
KITTI_odometry,05,image_0,000927,sequences/05/image_0/000927.png,96.61311,10.95005,-7.292063,234.3535
KITTI_odometry,05,image_0,000928,sequences/05/image_0/000928.png,96.71708,11.71401,-7.311668,234.3193
KITTI_odometry,05,image_0,000929,sequences/05/image_0/000929.png,96.82094,12.49258,-7.32858,234.2816
KITTI_odometry,05,image_0,000930,sequences/05/image_0/000930.png,96.92488,13.28369,-7.344725,234.2426
KITTI_odometry,05,image_0,000931,sequences/05/image_0/000931.png,97.02886,14.0799,-7.360661,234.1974
KITTI_odometry,05,image_0,000932,sequences/05/image_0/000932.png,97.13273,14.88697,-7.375631,234.1568
KITTI_odometry,05,image_0,000933,sequences/05/image_0/000933.png,97.23747,15.69818,-7.394681,234.1141
KITTI_odometry,05,image_0,000934,sequences/05/image_0/000934.png,97.34058,16.50141,-7.411421,234.0796
KITTI_odometry,05,image_0,000935,sequences/05/image_0/000935.png,97.4445,17.30472,-7.426529,234.0441
KITTI_odometry,05,image_0,000936,sequences/05/image_0/000936.png,97.54846,18.10984,-7.44134,234.0112
KITTI_odometry,05,image_0,000937,sequences/05/image_0/000937.png,97.65249,18.91815,-7.456706,233.9809
KITTI_odometry,05,image_0,000938,sequences/05/image_0/000938.png,97.75648,19.72619,-7.473759,233.9563
KITTI_odometry,05,image_0,000939,sequences/05/image_0/000939.png,97.86046,20.53893,-7.495794,233.937
KITTI_odometry,05,image_0,000940,sequences/05/image_0/000940.png,97.96452,21.35033,-7.515353,233.9198
KITTI_odometry,05,image_0,000941,sequences/05/image_0/000941.png,98.06857,22.16683,-7.53661,233.9078
KITTI_odometry,05,image_0,000942,sequences/05/image_0/000942.png,98.17395,23.00035,-7.557271,233.8961
KITTI_odometry,05,image_0,000943,sequences/05/image_0/000943.png,98.27666,23.81188,-7.581613,233.8935
KITTI_odometry,05,image_0,000944,sequences/05/image_0/000944.png,98.38072,24.63455,-7.606651,233.8935
KITTI_odometry,05,image_0,000945,sequences/05/image_0/000945.png,98.48486,25.45451,-7.630553,233.8957
KITTI_odometry,05,image_0,000946,sequences/05/image_0/000946.png,98.58899,26.27665,-7.652572,233.8929
KITTI_odometry,05,image_0,000947,sequences/05/image_0/000947.png,98.69307,27.10127,-7.676497,233.8931
KITTI_odometry,05,image_0,000948,sequences/05/image_0/000948.png,98.79726,27.92772,-7.699905,233.8893
KITTI_odometry,05,image_0,000949,sequences/05/image_0/000949.png,98.90137,28.75467,-7.724217,233.8876
KITTI_odometry,05,image_0,000950,sequences/05/image_0/000950.png,99.00546,29.58258,-7.746246,233.8801
KITTI_odometry,05,image_0,000951,sequences/05/image_0/000951.png,99.10959,30.4079,-7.769147,233.872
KITTI_odometry,05,image_0,000952,sequences/05/image_0/000952.png,99.21372,31.23452,-7.791107,233.8629
KITTI_odometry,05,image_0,000953,sequences/05/image_0/000953.png,99.31799,32.05872,-7.814556,233.86
KITTI_odometry,05,image_0,000954,sequences/05/image_0/000954.png,99.42206,32.88214,-7.838979,233.8536
KITTI_odometry,05,image_0,000955,sequences/05/image_0/000955.png,99.52634,33.70381,-7.865063,233.849
KITTI_odometry,05,image_0,000956,sequences/05/image_0/000956.png,99.63063,34.52269,-7.886547,233.8418
KITTI_odometry,05,image_0,000957,sequences/05/image_0/000957.png,99.73476,35.3385,-7.906483,233.829
KITTI_odometry,05,image_0,000958,sequences/05/image_0/000958.png,99.83886,36.15344,-7.926435,233.8183
KITTI_odometry,05,image_0,000959,sequences/05/image_0/000959.png,99.94309,36.9686,-7.943983,233.8051
KITTI_odometry,05,image_0,000960,sequences/05/image_0/000960.png,100.0472,37.77952,-7.960457,233.7905
KITTI_odometry,05,image_0,000961,sequences/05/image_0/000961.png,100.1513,38.58529,-7.975262,233.7716
KITTI_odometry,05,image_0,000962,sequences/05/image_0/000962.png,100.2556,39.3838,-7.989265,233.7509
KITTI_odometry,05,image_0,000963,sequences/05/image_0/000963.png,100.3598,40.1794,-8.002997,233.7275
KITTI_odometry,05,image_0,000964,sequences/05/image_0/000964.png,100.4639,40.97136,-8.016094,233.7072
KITTI_odometry,05,image_0,000965,sequences/05/image_0/000965.png,100.568,41.76276,-8.032476,233.6841
KITTI_odometry,05,image_0,000966,sequences/05/image_0/000966.png,100.6722,42.5523,-8.051914,233.6624
KITTI_odometry,05,image_0,000967,sequences/05/image_0/000967.png,100.7763,43.33725,-8.071871,233.6432
KITTI_odometry,05,image_0,000968,sequences/05/image_0/000968.png,100.8807,44.12374,-8.089941,233.622
KITTI_odometry,05,image_0,000969,sequences/05/image_0/000969.png,100.9851,44.90784,-8.106085,233.5956
KITTI_odometry,05,image_0,000970,sequences/05/image_0/000970.png,101.0896,45.68975,-8.121634,233.5712
KITTI_odometry,05,image_0,000971,sequences/05/image_0/000971.png,101.1931,46.45838,-8.138474,233.547
KITTI_odometry,05,image_0,000972,sequences/05/image_0/000972.png,101.2972,47.22694,-8.156788,233.5206
KITTI_odometry,05,image_0,000973,sequences/05/image_0/000973.png,101.4015,47.99397,-8.171387,233.4904
KITTI_odometry,05,image_0,000974,sequences/05/image_0/000974.png,101.5056,48.75855,-8.185292,233.4615
KITTI_odometry,05,image_0,000975,sequences/05/image_0/000975.png,101.6099,49.52284,-8.200392,233.4346
KITTI_odometry,05,image_0,000976,sequences/05/image_0/000976.png,101.714,50.28441,-8.215913,233.4114
KITTI_odometry,05,image_0,000977,sequences/05/image_0/000977.png,101.8181,51.04523,-8.23041,233.39
KITTI_odometry,05,image_0,000978,sequences/05/image_0/000978.png,101.9223,51.80314,-8.242981,233.3702
KITTI_odometry,05,image_0,000979,sequences/05/image_0/000979.png,102.0265,52.557,-8.256877,233.3458
KITTI_odometry,05,image_0,000980,sequences/05/image_0/000980.png,102.1306,53.30415,-8.270946,233.3232
KITTI_odometry,05,image_0,000981,sequences/05/image_0/000981.png,102.2349,54.04995,-8.287043,233.3065
KITTI_odometry,05,image_0,000982,sequences/05/image_0/000982.png,102.339,54.79568,-8.300063,233.2829
KITTI_odometry,05,image_0,000983,sequences/05/image_0/000983.png,102.4442,55.55026,-8.313353,233.2521
KITTI_odometry,05,image_0,000984,sequences/05/image_0/000984.png,102.5474,56.28059,-8.333448,233.2265
KITTI_odometry,05,image_0,000985,sequences/05/image_0/000985.png,102.6515,57.00822,-8.356835,233.2101
KITTI_odometry,05,image_0,000986,sequences/05/image_0/000986.png,102.7556,57.7232,-8.374695,233.1815
KITTI_odometry,05,image_0,000987,sequences/05/image_0/000987.png,102.8599,58.44558,-8.393154,233.1479
KITTI_odometry,05,image_0,000988,sequences/05/image_0/000988.png,102.9641,59.17375,-8.417118,233.123
KITTI_odometry,05,image_0,000989,sequences/05/image_0/000989.png,103.0682,59.90016,-8.446187,233.1051
KITTI_odometry,05,image_0,000990,sequences/05/image_0/000990.png,103.1724,60.61997,-8.472225,233.0867
KITTI_odometry,05,image_0,000991,sequences/05/image_0/000991.png,103.2765,61.33366,-8.492901,233.066
KITTI_odometry,05,image_0,000992,sequences/05/image_0/000992.png,103.3807,62.04381,-8.508656,233.0459
KITTI_odometry,05,image_0,000993,sequences/05/image_0/000993.png,103.4848,62.75048,-8.529158,233.0375
KITTI_odometry,05,image_0,000994,sequences/05/image_0/000994.png,103.5892,63.45444,-8.550909,233.0304
KITTI_odometry,05,image_0,000995,sequences/05/image_0/000995.png,103.6934,64.15215,-8.569264,233.0168
KITTI_odometry,05,image_0,000996,sequences/05/image_0/000996.png,103.7975,64.84629,-8.585121,232.998
KITTI_odometry,05,image_0,000997,sequences/05/image_0/000997.png,103.9018,65.53951,-8.602196,232.9801
KITTI_odometry,05,image_0,000998,sequences/05/image_0/000998.png,104.006,66.22642,-8.623042,232.9604
KITTI_odometry,05,image_0,000999,sequences/05/image_0/000999.png,104.1101,66.90794,-8.643205,232.9343
KITTI_odometry,05,image_0,001000,sequences/05/image_0/001000.png,104.2144,67.58526,-8.661826,232.908
KITTI_odometry,05,image_0,001001,sequences/05/image_0/001001.png,104.3185,68.25907,-8.679047,232.8857
KITTI_odometry,05,image_0,001002,sequences/05/image_0/001002.png,104.4227,68.92746,-8.698405,232.8669
KITTI_odometry,05,image_0,001003,sequences/05/image_0/001003.png,104.5267,69.58553,-8.717003,232.8486
KITTI_odometry,05,image_0,001004,sequences/05/image_0/001004.png,104.6308,70.23807,-8.735734,232.8315
KITTI_odometry,05,image_0,001005,sequences/05/image_0/001005.png,104.735,70.88774,-8.754378,232.8149
KITTI_odometry,05,image_0,001006,sequences/05/image_0/001006.png,104.8392,71.53628,-8.773914,232.7959
KITTI_odometry,05,image_0,001007,sequences/05/image_0/001007.png,104.9434,72.18216,-8.79242,232.7771
KITTI_odometry,05,image_0,001008,sequences/05/image_0/001008.png,105.0475,72.82575,-8.810303,232.7583
KITTI_odometry,05,image_0,001009,sequences/05/image_0/001009.png,105.1518,73.4682,-8.829783,232.746
KITTI_odometry,05,image_0,001010,sequences/05/image_0/001010.png,105.256,74.10352,-8.848198,232.7265
KITTI_odometry,05,image_0,001011,sequences/05/image_0/001011.png,105.3602,74.73793,-8.865707,232.699
KITTI_odometry,05,image_0,001012,sequences/05/image_0/001012.png,105.4644,75.36658,-8.882142,232.6701
KITTI_odometry,05,image_0,001013,sequences/05/image_0/001013.png,105.5686,75.99352,-8.898239,232.6467
KITTI_odometry,05,image_0,001014,sequences/05/image_0/001014.png,105.6728,76.61837,-8.915326,232.6222
KITTI_odometry,05,image_0,001015,sequences/05/image_0/001015.png,105.7772,77.23931,-8.93234,232.5912
KITTI_odometry,05,image_0,001016,sequences/05/image_0/001016.png,105.8814,77.86175,-8.949571,232.5529
KITTI_odometry,05,image_0,001017,sequences/05/image_0/001017.png,105.9856,78.48781,-8.967541,232.5132
KITTI_odometry,05,image_0,001018,sequences/05/image_0/001018.png,106.0899,79.12104,-8.98414,232.4728
KITTI_odometry,05,image_0,001019,sequences/05/image_0/001019.png,106.1942,79.76355,-8.999635,232.4266
KITTI_odometry,05,image_0,001020,sequences/05/image_0/001020.png,106.2985,80.41542,-9.017553,232.3765
KITTI_odometry,05,image_0,001021,sequences/05/image_0/001021.png,106.4028,81.07854,-9.038271,232.3187
KITTI_odometry,05,image_0,001022,sequences/05/image_0/001022.png,106.507,81.74583,-9.058866,232.2541
KITTI_odometry,05,image_0,001023,sequences/05/image_0/001023.png,106.6113,82.42306,-9.077863,232.1877
KITTI_odometry,05,image_0,001024,sequences/05/image_0/001024.png,106.7155,83.11157,-9.094322,232.1232
KITTI_odometry,05,image_0,001025,sequences/05/image_0/001025.png,106.8197,83.81265,-9.110651,232.0523
KITTI_odometry,05,image_0,001026,sequences/05/image_0/001026.png,106.924,84.52437,-9.131071,231.9697
KITTI_odometry,05,image_0,001027,sequences/05/image_0/001027.png,107.0282,85.24313,-9.151732,231.8821
KITTI_odometry,05,image_0,001028,sequences/05/image_0/001028.png,107.1324,85.9696,-9.1694,231.7951
KITTI_odometry,05,image_0,001029,sequences/05/image_0/001029.png,107.2366,86.70912,-9.185711,231.6996
KITTI_odometry,05,image_0,001030,sequences/05/image_0/001030.png,107.3407,87.46635,-9.205175,231.5979
KITTI_odometry,05,image_0,001031,sequences/05/image_0/001031.png,107.445,88.23768,-9.224469,231.4913
KITTI_odometry,05,image_0,001032,sequences/05/image_0/001032.png,107.5492,89.02413,-9.243456,231.3804
KITTI_odometry,05,image_0,001033,sequences/05/image_0/001033.png,107.6534,89.82554,-9.260364,231.2641
KITTI_odometry,05,image_0,001034,sequences/05/image_0/001034.png,107.7575,90.63846,-9.276414,231.1442
KITTI_odometry,05,image_0,001035,sequences/05/image_0/001035.png,107.8616,91.46784,-9.287228,231.0212
KITTI_odometry,05,image_0,001036,sequences/05/image_0/001036.png,107.9658,92.30825,-9.296007,230.8986
KITTI_odometry,05,image_0,001037,sequences/05/image_0/001037.png,108.0712,93.17072,-9.305704,230.7753
KITTI_odometry,05,image_0,001038,sequences/05/image_0/001038.png,108.174,94.02458,-9.317283,230.6492
KITTI_odometry,05,image_0,001039,sequences/05/image_0/001039.png,108.2782,94.90089,-9.331083,230.5196
KITTI_odometry,05,image_0,001040,sequences/05/image_0/001040.png,108.3822,95.79771,-9.347969,230.3902
KITTI_odometry,05,image_0,001041,sequences/05/image_0/001041.png,108.4863,96.7043,-9.366932,230.258
KITTI_odometry,05,image_0,001042,sequences/05/image_0/001042.png,108.5904,97.62407,-9.385303,230.1321
KITTI_odometry,05,image_0,001043,sequences/05/image_0/001043.png,108.6945,98.55625,-9.401196,230.0076
KITTI_odometry,05,image_0,001044,sequences/05/image_0/001044.png,108.7985,99.50026,-9.418213,229.8901
KITTI_odometry,05,image_0,001045,sequences/05/image_0/001045.png,108.9026,100.4553,-9.438641,229.7784
KITTI_odometry,05,image_0,001046,sequences/05/image_0/001046.png,109.0067,101.4183,-9.459846,229.6734
KITTI_odometry,05,image_0,001047,sequences/05/image_0/001047.png,109.1107,102.3908,-9.479255,229.5693
KITTI_odometry,05,image_0,001048,sequences/05/image_0/001048.png,109.2148,103.3774,-9.49873,229.4684
KITTI_odometry,05,image_0,001049,sequences/05/image_0/001049.png,109.3189,104.3691,-9.519498,229.3758
KITTI_odometry,05,image_0,001050,sequences/05/image_0/001050.png,109.423,105.3585,-9.541908,229.2851
KITTI_odometry,05,image_0,001051,sequences/05/image_0/001051.png,109.5272,106.3476,-9.567125,229.1934
KITTI_odometry,05,image_0,001052,sequences/05/image_0/001052.png,109.6314,107.3411,-9.597529,229.1046
KITTI_odometry,05,image_0,001053,sequences/05/image_0/001053.png,109.7355,108.3449,-9.627979,229.0131
KITTI_odometry,05,image_0,001054,sequences/05/image_0/001054.png,109.8396,109.3502,-9.65861,228.9209
KITTI_odometry,05,image_0,001055,sequences/05/image_0/001055.png,109.9438,110.3582,-9.6809,228.8255
KITTI_odometry,05,image_0,001056,sequences/05/image_0/001056.png,110.0478,111.3632,-9.702182,228.7349
KITTI_odometry,05,image_0,001057,sequences/05/image_0/001057.png,110.152,112.3674,-9.722311,228.6496
KITTI_odometry,05,image_0,001058,sequences/05/image_0/001058.png,110.2561,113.3663,-9.744343,228.5643
KITTI_odometry,05,image_0,001059,sequences/05/image_0/001059.png,110.3611,114.3732,-9.76656,228.4776
KITTI_odometry,05,image_0,001060,sequences/05/image_0/001060.png,110.4655,115.3718,-9.790871,228.3939
KITTI_odometry,05,image_0,001061,sequences/05/image_0/001061.png,110.5685,116.3595,-9.815331,228.3111
KITTI_odometry,05,image_0,001062,sequences/05/image_0/001062.png,110.6726,117.36,-9.83963,228.2294
KITTI_odometry,05,image_0,001063,sequences/05/image_0/001063.png,110.7769,118.3545,-9.866258,228.1529
KITTI_odometry,05,image_0,001064,sequences/05/image_0/001064.png,110.881,119.3481,-9.895039,228.0769
KITTI_odometry,05,image_0,001065,sequences/05/image_0/001065.png,110.9852,120.3394,-9.921926,228.0013
KITTI_odometry,05,image_0,001066,sequences/05/image_0/001066.png,111.0892,121.331,-9.952263,227.9304
KITTI_odometry,05,image_0,001067,sequences/05/image_0/001067.png,111.1933,122.3225,-9.981524,227.8627
KITTI_odometry,05,image_0,001068,sequences/05/image_0/001068.png,111.2975,123.3094,-10.00839,227.7969
KITTI_odometry,05,image_0,001069,sequences/05/image_0/001069.png,111.4016,124.2889,-10.03651,227.7341
KITTI_odometry,05,image_0,001070,sequences/05/image_0/001070.png,111.5057,125.2664,-10.06533,227.6775
KITTI_odometry,05,image_0,001071,sequences/05/image_0/001071.png,111.6099,126.2412,-10.08969,227.6231
KITTI_odometry,05,image_0,001072,sequences/05/image_0/001072.png,111.7141,127.2171,-10.1148,227.5743
KITTI_odometry,05,image_0,001073,sequences/05/image_0/001073.png,111.8187,128.1919,-10.13924,227.5274
KITTI_odometry,05,image_0,001074,sequences/05/image_0/001074.png,111.9223,129.1516,-10.15923,227.4775
KITTI_odometry,05,image_0,001075,sequences/05/image_0/001075.png,112.0264,130.1103,-10.18069,227.4262
KITTI_odometry,05,image_0,001076,sequences/05/image_0/001076.png,112.1306,131.0641,-10.20427,227.3755
KITTI_odometry,05,image_0,001077,sequences/05/image_0/001077.png,112.2347,132.0126,-10.22966,227.3189
KITTI_odometry,05,image_0,001078,sequences/05/image_0/001078.png,112.3388,132.9615,-10.25553,227.2603
KITTI_odometry,05,image_0,001079,sequences/05/image_0/001079.png,112.443,133.9101,-10.28445,227.2067
KITTI_odometry,05,image_0,001080,sequences/05/image_0/001080.png,112.5471,134.8544,-10.31177,227.1547
KITTI_odometry,05,image_0,001081,sequences/05/image_0/001081.png,112.6517,135.7962,-10.33504,227.0991
KITTI_odometry,05,image_0,001082,sequences/05/image_0/001082.png,112.7555,136.7249,-10.35734,227.0431
KITTI_odometry,05,image_0,001083,sequences/05/image_0/001083.png,112.8597,137.6583,-10.38023,226.9841
KITTI_odometry,05,image_0,001084,sequences/05/image_0/001084.png,112.9641,138.5896,-10.40365,226.9194
KITTI_odometry,05,image_0,001085,sequences/05/image_0/001085.png,113.0681,139.5167,-10.42594,226.8515
KITTI_odometry,05,image_0,001086,sequences/05/image_0/001086.png,113.1721,140.4416,-10.44654,226.7807
KITTI_odometry,05,image_0,001087,sequences/05/image_0/001087.png,113.2762,141.363,-10.46923,226.7033
KITTI_odometry,05,image_0,001088,sequences/05/image_0/001088.png,113.3803,142.2853,-10.49189,226.624
KITTI_odometry,05,image_0,001089,sequences/05/image_0/001089.png,113.4846,143.2093,-10.5106,226.5354
KITTI_odometry,05,image_0,001090,sequences/05/image_0/001090.png,113.5888,144.1328,-10.53087,226.4414
KITTI_odometry,05,image_0,001091,sequences/05/image_0/001091.png,113.6929,145.056,-10.55141,226.3459
KITTI_odometry,05,image_0,001092,sequences/05/image_0/001092.png,113.7971,145.9774,-10.56725,226.2383
KITTI_odometry,05,image_0,001093,sequences/05/image_0/001093.png,113.9014,146.9019,-10.58219,226.123
KITTI_odometry,05,image_0,001094,sequences/05/image_0/001094.png,114.0055,147.8255,-10.59738,225.9958
KITTI_odometry,05,image_0,001095,sequences/05/image_0/001095.png,114.1097,148.746,-10.611,225.8626
KITTI_odometry,05,image_0,001096,sequences/05/image_0/001096.png,114.2139,149.6645,-10.6227,225.7211
KITTI_odometry,05,image_0,001097,sequences/05/image_0/001097.png,114.3181,150.5869,-10.63323,225.5676
KITTI_odometry,05,image_0,001098,sequences/05/image_0/001098.png,114.4235,151.5186,-10.64535,225.4025
KITTI_odometry,05,image_0,001099,sequences/05/image_0/001099.png,114.5265,152.4257,-10.66009,225.2314
KITTI_odometry,05,image_0,001100,sequences/05/image_0/001100.png,114.6308,153.3451,-10.67316,225.0522
KITTI_odometry,05,image_0,001101,sequences/05/image_0/001101.png,114.735,154.2658,-10.68772,224.8589
KITTI_odometry,05,image_0,001102,sequences/05/image_0/001102.png,114.8391,155.1864,-10.70466,224.6507
KITTI_odometry,05,image_0,001103,sequences/05/image_0/001103.png,114.9433,156.1038,-10.72135,224.4349
KITTI_odometry,05,image_0,001104,sequences/05/image_0/001104.png,115.0475,157.0179,-10.73555,224.2081
KITTI_odometry,05,image_0,001105,sequences/05/image_0/001105.png,115.1518,157.9367,-10.75193,223.974
KITTI_odometry,05,image_0,001106,sequences/05/image_0/001106.png,115.2558,158.853,-10.7732,223.7355
KITTI_odometry,05,image_0,001107,sequences/05/image_0/001107.png,115.3599,159.7703,-10.7933,223.4945
KITTI_odometry,05,image_0,001108,sequences/05/image_0/001108.png,115.4638,160.6852,-10.81601,223.2561
KITTI_odometry,05,image_0,001109,sequences/05/image_0/001109.png,115.568,161.6029,-10.83727,223.0164
KITTI_odometry,05,image_0,001110,sequences/05/image_0/001110.png,115.672,162.5194,-10.86223,222.7822
KITTI_odometry,05,image_0,001111,sequences/05/image_0/001111.png,115.7759,163.4387,-10.88198,222.5541
KITTI_odometry,05,image_0,001112,sequences/05/image_0/001112.png,115.8798,164.366,-10.89993,222.3278
KITTI_odometry,05,image_0,001113,sequences/05/image_0/001113.png,115.9838,165.2927,-10.91476,222.111
KITTI_odometry,05,image_0,001114,sequences/05/image_0/001114.png,116.0878,166.2142,-10.92693,221.9004
KITTI_odometry,05,image_0,001115,sequences/05/image_0/001115.png,116.1919,167.1352,-10.93836,221.7008
KITTI_odometry,05,image_0,001116,sequences/05/image_0/001116.png,116.2959,168.0517,-10.95267,221.507
KITTI_odometry,05,image_0,001117,sequences/05/image_0/001117.png,116.4,168.9709,-10.97205,221.3197
KITTI_odometry,05,image_0,001118,sequences/05/image_0/001118.png,116.504,169.8914,-10.99329,221.1419
KITTI_odometry,05,image_0,001119,sequences/05/image_0/001119.png,116.608,170.8133,-11.01589,220.9732
KITTI_odometry,05,image_0,001120,sequences/05/image_0/001120.png,116.7121,171.7375,-11.03652,220.8078
KITTI_odometry,05,image_0,001121,sequences/05/image_0/001121.png,116.8161,172.6522,-11.05613,220.6457
KITTI_odometry,05,image_0,001122,sequences/05/image_0/001122.png,116.9202,173.5653,-11.07512,220.491
KITTI_odometry,05,image_0,001123,sequences/05/image_0/001123.png,117.0245,174.4703,-11.09703,220.3408
KITTI_odometry,05,image_0,001124,sequences/05/image_0/001124.png,117.1287,175.3649,-11.11947,220.191
KITTI_odometry,05,image_0,001125,sequences/05/image_0/001125.png,117.2329,176.2458,-11.1417,220.0431
KITTI_odometry,05,image_0,001126,sequences/05/image_0/001126.png,117.337,177.1194,-11.16612,219.9007
KITTI_odometry,05,image_0,001127,sequences/05/image_0/001127.png,117.4412,177.9794,-11.18985,219.7649
KITTI_odometry,05,image_0,001128,sequences/05/image_0/001128.png,117.5455,178.8188,-11.21198,219.6337
KITTI_odometry,05,image_0,001129,sequences/05/image_0/001129.png,117.6496,179.6396,-11.2316,219.5057
KITTI_odometry,05,image_0,001130,sequences/05/image_0/001130.png,117.7538,180.4494,-11.24667,219.3761
KITTI_odometry,05,image_0,001131,sequences/05/image_0/001131.png,117.8581,181.2572,-11.26154,219.2516
KITTI_odometry,05,image_0,001132,sequences/05/image_0/001132.png,117.9623,182.0653,-11.2805,219.1312
KITTI_odometry,05,image_0,001133,sequences/05/image_0/001133.png,118.0665,182.8723,-11.30022,219.0097
KITTI_odometry,05,image_0,001134,sequences/05/image_0/001134.png,118.1707,183.6794,-11.31936,218.884
KITTI_odometry,05,image_0,001135,sequences/05/image_0/001135.png,118.275,184.4826,-11.34108,218.7569
KITTI_odometry,05,image_0,001136,sequences/05/image_0/001136.png,118.3792,185.2857,-11.36073,218.6289
KITTI_odometry,05,image_0,001137,sequences/05/image_0/001137.png,118.4835,186.0869,-11.3757,218.4976
KITTI_odometry,05,image_0,001138,sequences/05/image_0/001138.png,118.5877,186.8829,-11.39179,218.3633
KITTI_odometry,05,image_0,001139,sequences/05/image_0/001139.png,118.692,187.6728,-11.40426,218.2293
KITTI_odometry,05,image_0,001140,sequences/05/image_0/001140.png,118.7962,188.4547,-11.41601,218.1002
KITTI_odometry,05,image_0,001141,sequences/05/image_0/001141.png,118.9007,189.2377,-11.42994,217.9708
KITTI_odometry,05,image_0,001142,sequences/05/image_0/001142.png,119.0051,190.0209,-11.44459,217.8414
KITTI_odometry,05,image_0,001143,sequences/05/image_0/001143.png,119.1094,190.804,-11.46339,217.7163
KITTI_odometry,05,image_0,001144,sequences/05/image_0/001144.png,119.2129,191.5816,-11.48657,217.6003
KITTI_odometry,05,image_0,001145,sequences/05/image_0/001145.png,119.3171,192.3608,-11.50395,217.4857
KITTI_odometry,05,image_0,001146,sequences/05/image_0/001146.png,119.4219,193.1408,-11.51807,217.3735
KITTI_odometry,05,image_0,001147,sequences/05/image_0/001147.png,119.5254,193.9054,-11.53475,217.2664
KITTI_odometry,05,image_0,001148,sequences/05/image_0/001148.png,119.6295,194.6686,-11.55407,217.159
KITTI_odometry,05,image_0,001149,sequences/05/image_0/001149.png,119.7338,195.4321,-11.57048,217.0546
KITTI_odometry,05,image_0,001150,sequences/05/image_0/001150.png,119.8379,196.1951,-11.58471,216.9536
KITTI_odometry,05,image_0,001151,sequences/05/image_0/001151.png,119.942,196.9615,-11.59784,216.8558
KITTI_odometry,05,image_0,001152,sequences/05/image_0/001152.png,120.0463,197.7276,-11.61171,216.7592
KITTI_odometry,05,image_0,001153,sequences/05/image_0/001153.png,120.1503,198.4849,-11.62654,216.6672
KITTI_odometry,05,image_0,001154,sequences/05/image_0/001154.png,120.2546,199.233,-11.63796,216.5762
KITTI_odometry,05,image_0,001155,sequences/05/image_0/001155.png,120.3588,199.9721,-11.64907,216.4856
KITTI_odometry,05,image_0,001156,sequences/05/image_0/001156.png,120.4631,200.6974,-11.66486,216.403
KITTI_odometry,05,image_0,001157,sequences/05/image_0/001157.png,120.5672,201.4066,-11.68188,216.3207
KITTI_odometry,05,image_0,001158,sequences/05/image_0/001158.png,120.6714,202.0987,-11.69715,216.2379
KITTI_odometry,05,image_0,001159,sequences/05/image_0/001159.png,120.7757,202.7701,-11.71008,216.1534
KITTI_odometry,05,image_0,001160,sequences/05/image_0/001160.png,120.8799,203.4203,-11.726,216.0723
KITTI_odometry,05,image_0,001161,sequences/05/image_0/001161.png,120.9841,204.0424,-11.74179,215.9963
KITTI_odometry,05,image_0,001162,sequences/05/image_0/001162.png,121.0882,204.6388,-11.75712,215.9254
KITTI_odometry,05,image_0,001163,sequences/05/image_0/001163.png,121.1925,205.2063,-11.76977,215.8497
KITTI_odometry,05,image_0,001164,sequences/05/image_0/001164.png,121.2968,205.7498,-11.78029,215.7751
KITTI_odometry,05,image_0,001165,sequences/05/image_0/001165.png,121.4008,206.2678,-11.79068,215.7039
KITTI_odometry,05,image_0,001166,sequences/05/image_0/001166.png,121.5051,206.7643,-11.80386,215.6424
KITTI_odometry,05,image_0,001167,sequences/05/image_0/001167.png,121.6094,207.2412,-11.81841,215.5834
KITTI_odometry,05,image_0,001168,sequences/05/image_0/001168.png,121.7137,207.7037,-11.83177,215.5193
KITTI_odometry,05,image_0,001169,sequences/05/image_0/001169.png,121.8179,208.1634,-11.84447,215.4469
KITTI_odometry,05,image_0,001170,sequences/05/image_0/001170.png,121.9222,208.6133,-11.85974,215.3795
KITTI_odometry,05,image_0,001171,sequences/05/image_0/001171.png,122.0265,209.0598,-11.87441,215.3094
KITTI_odometry,05,image_0,001172,sequences/05/image_0/001172.png,122.1308,209.5,-11.88921,215.243
KITTI_odometry,05,image_0,001173,sequences/05/image_0/001173.png,122.2385,209.9461,-11.90078,215.1654
KITTI_odometry,05,image_0,001174,sequences/05/image_0/001174.png,122.3394,210.3502,-11.91239,215.0913
KITTI_odometry,05,image_0,001175,sequences/05/image_0/001175.png,122.4438,210.751,-11.92429,215.0166
KITTI_odometry,05,image_0,001176,sequences/05/image_0/001176.png,122.548,211.1322,-11.93502,214.9432
KITTI_odometry,05,image_0,001177,sequences/05/image_0/001177.png,122.6528,211.4907,-11.94531,214.875
KITTI_odometry,05,image_0,001178,sequences/05/image_0/001178.png,122.7577,211.8248,-11.95308,214.8092
KITTI_odometry,05,image_0,001179,sequences/05/image_0/001179.png,122.8609,212.1366,-11.95979,214.7448
KITTI_odometry,05,image_0,001180,sequences/05/image_0/001180.png,122.9651,212.4472,-11.9656,214.6767
KITTI_odometry,05,image_0,001181,sequences/05/image_0/001181.png,123.0694,212.7554,-11.97156,214.6076
KITTI_odometry,05,image_0,001182,sequences/05/image_0/001182.png,123.1738,213.0625,-11.97601,214.5346
KITTI_odometry,05,image_0,001183,sequences/05/image_0/001183.png,123.278,213.3651,-11.98122,214.4625
KITTI_odometry,05,image_0,001184,sequences/05/image_0/001184.png,123.3823,213.6645,-11.98387,214.3873
KITTI_odometry,05,image_0,001185,sequences/05/image_0/001185.png,123.4865,213.9593,-11.9879,214.3144
KITTI_odometry,05,image_0,001186,sequences/05/image_0/001186.png,123.5916,214.2535,-11.99133,214.2396
KITTI_odometry,05,image_0,001187,sequences/05/image_0/001187.png,123.6951,214.5405,-11.9966,214.1671
KITTI_odometry,05,image_0,001188,sequences/05/image_0/001188.png,123.7994,214.824,-12.00048,214.0888
KITTI_odometry,05,image_0,001189,sequences/05/image_0/001189.png,123.9036,215.1087,-12.00452,214.0092
KITTI_odometry,05,image_0,001190,sequences/05/image_0/001190.png,124.0083,215.3958,-12.00829,213.9238
KITTI_odometry,05,image_0,001191,sequences/05/image_0/001191.png,124.1124,215.6879,-12.01206,213.8347
KITTI_odometry,05,image_0,001192,sequences/05/image_0/001192.png,124.2166,215.9779,-12.01719,213.7362
KITTI_odometry,05,image_0,001193,sequences/05/image_0/001193.png,124.321,216.2742,-12.02125,213.633
KITTI_odometry,05,image_0,001194,sequences/05/image_0/001194.png,124.4252,216.575,-12.0254,213.5266
KITTI_odometry,05,image_0,001195,sequences/05/image_0/001195.png,124.5297,216.8779,-12.02996,213.4128
KITTI_odometry,05,image_0,001196,sequences/05/image_0/001196.png,124.634,217.1847,-12.03598,213.2943
KITTI_odometry,05,image_0,001197,sequences/05/image_0/001197.png,124.7383,217.4909,-12.04201,213.1576
KITTI_odometry,05,image_0,001198,sequences/05/image_0/001198.png,124.8426,217.8077,-12.04893,213.016
KITTI_odometry,05,image_0,001199,sequences/05/image_0/001199.png,124.947,218.1257,-12.05635,212.8606
KITTI_odometry,05,image_0,001200,sequences/05/image_0/001200.png,125.0512,218.4573,-12.06367,212.7009
KITTI_odometry,05,image_0,001201,sequences/05/image_0/001201.png,125.1557,218.789,-12.06999,212.5208
KITTI_odometry,05,image_0,001202,sequences/05/image_0/001202.png,125.26,219.1324,-12.07317,212.3331
KITTI_odometry,05,image_0,001203,sequences/05/image_0/001203.png,125.3645,219.4807,-12.07767,212.1252
KITTI_odometry,05,image_0,001204,sequences/05/image_0/001204.png,125.4687,219.8185,-12.08217,211.8886
KITTI_odometry,05,image_0,001205,sequences/05/image_0/001205.png,125.573,220.1707,-12.08752,211.6444
KITTI_odometry,05,image_0,001206,sequences/05/image_0/001206.png,125.6774,220.5117,-12.08923,211.3709
KITTI_odometry,05,image_0,001207,sequences/05/image_0/001207.png,125.7818,220.8656,-12.09145,211.0919
KITTI_odometry,05,image_0,001208,sequences/05/image_0/001208.png,125.8867,221.2072,-12.09207,210.7785
KITTI_odometry,05,image_0,001209,sequences/05/image_0/001209.png,125.9904,221.5508,-12.09106,210.4591
KITTI_odometry,05,image_0,001210,sequences/05/image_0/001210.png,126.0946,221.8948,-12.09078,210.1168
KITTI_odometry,05,image_0,001211,sequences/05/image_0/001211.png,126.1989,222.2202,-12.08807,209.7415
KITTI_odometry,05,image_0,001212,sequences/05/image_0/001212.png,126.3031,222.5556,-12.08726,209.3633
KITTI_odometry,05,image_0,001213,sequences/05/image_0/001213.png,126.4083,222.8726,-12.0881,208.9519
KITTI_odometry,05,image_0,001214,sequences/05/image_0/001214.png,126.5117,223.1839,-12.088,208.5357
KITTI_odometry,05,image_0,001215,sequences/05/image_0/001215.png,126.616,223.4744,-12.08533,208.0826
KITTI_odometry,05,image_0,001216,sequences/05/image_0/001216.png,126.7203,223.7671,-12.08074,207.6241
KITTI_odometry,05,image_0,001217,sequences/05/image_0/001217.png,126.8245,224.0514,-12.07787,207.1482
KITTI_odometry,05,image_0,001218,sequences/05/image_0/001218.png,126.9288,224.3128,-12.07612,206.6411
KITTI_odometry,05,image_0,001219,sequences/05/image_0/001219.png,127.0329,224.5725,-12.07543,206.1282
KITTI_odometry,05,image_0,001220,sequences/05/image_0/001220.png,127.1371,224.8081,-12.07187,205.5859
KITTI_odometry,05,image_0,001221,sequences/05/image_0/001221.png,127.2414,225.0448,-12.06587,205.0382
KITTI_odometry,05,image_0,001222,sequences/05/image_0/001222.png,127.3456,225.2468,-12.05579,204.454
KITTI_odometry,05,image_0,001223,sequences/05/image_0/001223.png,127.4498,225.4378,-12.04557,203.8655
KITTI_odometry,05,image_0,001224,sequences/05/image_0/001224.png,127.5541,225.6107,-12.0345,203.2602
KITTI_odometry,05,image_0,001225,sequences/05/image_0/001225.png,127.6584,225.7529,-12.02083,202.631
KITTI_odometry,05,image_0,001226,sequences/05/image_0/001226.png,127.7626,225.8861,-12.00689,202.0049
KITTI_odometry,05,image_0,001227,sequences/05/image_0/001227.png,127.8671,225.9699,-11.98955,201.3502
KITTI_odometry,05,image_0,001228,sequences/05/image_0/001228.png,127.9713,226.0407,-11.96853,200.6996
KITTI_odometry,05,image_0,001229,sequences/05/image_0/001229.png,128.0754,226.0923,-11.95161,200.0449
KITTI_odometry,05,image_0,001230,sequences/05/image_0/001230.png,128.1797,226.1101,-11.93962,199.3672
KITTI_odometry,05,image_0,001231,sequences/05/image_0/001231.png,128.2837,226.1143,-11.9267,198.6957
KITTI_odometry,05,image_0,001232,sequences/05/image_0/001232.png,128.3878,226.0837,-11.91415,198.0015
KITTI_odometry,05,image_0,001233,sequences/05/image_0/001233.png,128.4921,226.043,-11.90302,197.305
KITTI_odometry,05,image_0,001234,sequences/05/image_0/001234.png,128.5961,225.9758,-11.89556,196.5914
KITTI_odometry,05,image_0,001235,sequences/05/image_0/001235.png,128.7003,225.9002,-11.88846,195.8784
KITTI_odometry,05,image_0,001236,sequences/05/image_0/001236.png,128.8042,225.8077,-11.87719,195.1598
KITTI_odometry,05,image_0,001237,sequences/05/image_0/001237.png,128.9083,225.6941,-11.86231,194.4314
KITTI_odometry,05,image_0,001238,sequences/05/image_0/001238.png,129.0124,225.5712,-11.84665,193.6998
KITTI_odometry,05,image_0,001239,sequences/05/image_0/001239.png,129.1164,225.43,-11.82904,192.9569
KITTI_odometry,05,image_0,001240,sequences/05/image_0/001240.png,129.2204,225.277,-11.8087,192.2149
KITTI_odometry,05,image_0,001241,sequences/05/image_0/001241.png,129.3245,225.1045,-11.78565,191.4635
KITTI_odometry,05,image_0,001242,sequences/05/image_0/001242.png,129.4285,224.9166,-11.75865,190.7076
KITTI_odometry,05,image_0,001243,sequences/05/image_0/001243.png,129.5327,224.7173,-11.7291,189.9483
KITTI_odometry,05,image_0,001244,sequences/05/image_0/001244.png,129.6367,224.5024,-11.6954,189.1896
KITTI_odometry,05,image_0,001245,sequences/05/image_0/001245.png,129.7408,224.2705,-11.66511,188.4324
KITTI_odometry,05,image_0,001246,sequences/05/image_0/001246.png,129.8448,224.0295,-11.63646,187.6707
KITTI_odometry,05,image_0,001247,sequences/05/image_0/001247.png,129.9489,223.7793,-11.60574,186.8993
KITTI_odometry,05,image_0,001248,sequences/05/image_0/001248.png,130.0529,223.5149,-11.58024,186.1219
KITTI_odometry,05,image_0,001249,sequences/05/image_0/001249.png,130.1569,223.2362,-11.55902,185.3368
KITTI_odometry,05,image_0,001250,sequences/05/image_0/001250.png,130.261,222.9496,-11.53402,184.556
KITTI_odometry,05,image_0,001251,sequences/05/image_0/001251.png,130.365,222.6604,-11.50979,183.7711
KITTI_odometry,05,image_0,001252,sequences/05/image_0/001252.png,130.469,222.3723,-11.48881,182.9813
KITTI_odometry,05,image_0,001253,sequences/05/image_0/001253.png,130.5731,222.0811,-11.46666,182.189
KITTI_odometry,05,image_0,001254,sequences/05/image_0/001254.png,130.6777,221.7831,-11.44548,181.391
KITTI_odometry,05,image_0,001255,sequences/05/image_0/001255.png,130.7843,221.4798,-11.42358,180.5785
KITTI_odometry,05,image_0,001256,sequences/05/image_0/001256.png,130.8853,221.1898,-11.40287,179.7993
KITTI_odometry,05,image_0,001257,sequences/05/image_0/001257.png,130.9894,220.8919,-11.38373,178.9986
KITTI_odometry,05,image_0,001258,sequences/05/image_0/001258.png,131.0934,220.5956,-11.36477,178.197
KITTI_odometry,05,image_0,001259,sequences/05/image_0/001259.png,131.1973,220.3067,-11.34462,177.3974
KITTI_odometry,05,image_0,001260,sequences/05/image_0/001260.png,131.3025,220.0214,-11.32466,176.5874
KITTI_odometry,05,image_0,001261,sequences/05/image_0/001261.png,131.4054,219.7506,-11.30546,175.7955
KITTI_odometry,05,image_0,001262,sequences/05/image_0/001262.png,131.5095,219.4829,-11.28613,174.9962
KITTI_odometry,05,image_0,001263,sequences/05/image_0/001263.png,131.6135,219.2235,-11.26642,174.2003
KITTI_odometry,05,image_0,001264,sequences/05/image_0/001264.png,131.7175,218.9685,-11.24698,173.408
KITTI_odometry,05,image_0,001265,sequences/05/image_0/001265.png,131.8216,218.7207,-11.22758,172.6173
KITTI_odometry,05,image_0,001266,sequences/05/image_0/001266.png,131.9258,218.4822,-11.20904,171.8348
KITTI_odometry,05,image_0,001267,sequences/05/image_0/001267.png,132.0298,218.2539,-11.19054,171.0653
KITTI_odometry,05,image_0,001268,sequences/05/image_0/001268.png,132.1339,218.0324,-11.17233,170.309
KITTI_odometry,05,image_0,001269,sequences/05/image_0/001269.png,132.238,217.8185,-11.15639,169.5687
KITTI_odometry,05,image_0,001270,sequences/05/image_0/001270.png,132.3422,217.6115,-11.14118,168.8446
KITTI_odometry,05,image_0,001271,sequences/05/image_0/001271.png,132.448,217.4089,-11.12669,168.1319
KITTI_odometry,05,image_0,001272,sequences/05/image_0/001272.png,132.5507,217.2166,-11.11161,167.4588
KITTI_odometry,05,image_0,001273,sequences/05/image_0/001273.png,132.6549,217.0264,-11.09583,166.7924
KITTI_odometry,05,image_0,001274,sequences/05/image_0/001274.png,132.7607,216.8358,-11.08063,166.1328
KITTI_odometry,05,image_0,001275,sequences/05/image_0/001275.png,132.8655,216.6507,-11.06602,165.4916
KITTI_odometry,05,image_0,001276,sequences/05/image_0/001276.png,132.9676,216.4731,-11.05175,164.8836
KITTI_odometry,05,image_0,001277,sequences/05/image_0/001277.png,133.0725,216.2926,-11.03735,164.2771
KITTI_odometry,05,image_0,001278,sequences/05/image_0/001278.png,133.178,216.1108,-11.02316,163.6828
KITTI_odometry,05,image_0,001279,sequences/05/image_0/001279.png,133.2805,215.9375,-11.01053,163.1241
KITTI_odometry,05,image_0,001280,sequences/05/image_0/001280.png,133.3857,215.7571,-10.9975,162.5601
KITTI_odometry,05,image_0,001281,sequences/05/image_0/001281.png,133.4892,215.5778,-10.98606,162.0174
KITTI_odometry,05,image_0,001282,sequences/05/image_0/001282.png,133.5935,215.3925,-10.97373,161.4786
KITTI_odometry,05,image_0,001283,sequences/05/image_0/001283.png,133.698,215.1984,-10.96038,160.9456
KITTI_odometry,05,image_0,001284,sequences/05/image_0/001284.png,133.8022,214.9994,-10.94702,160.43
KITTI_odometry,05,image_0,001285,sequences/05/image_0/001285.png,133.9066,214.7873,-10.93349,159.9232
KITTI_odometry,05,image_0,001286,sequences/05/image_0/001286.png,134.0111,214.5696,-10.92001,159.4398
KITTI_odometry,05,image_0,001287,sequences/05/image_0/001287.png,134.1155,214.3448,-10.90714,158.9757
KITTI_odometry,05,image_0,001288,sequences/05/image_0/001288.png,134.2201,214.1013,-10.89345,158.5183
KITTI_odometry,05,image_0,001289,sequences/05/image_0/001289.png,134.3246,213.854,-10.88161,158.0883
KITTI_odometry,05,image_0,001290,sequences/05/image_0/001290.png,134.4291,213.5738,-10.87084,157.6626
KITTI_odometry,05,image_0,001291,sequences/05/image_0/001291.png,134.5336,213.2918,-10.85991,157.2717
KITTI_odometry,05,image_0,001292,sequences/05/image_0/001292.png,134.6383,212.9713,-10.8497,156.8845
KITTI_odometry,05,image_0,001293,sequences/05/image_0/001293.png,134.7428,212.6605,-10.83876,156.5327
KITTI_odometry,05,image_0,001294,sequences/05/image_0/001294.png,134.8473,212.307,-10.82575,156.1823
KITTI_odometry,05,image_0,001295,sequences/05/image_0/001295.png,134.9519,211.9646,-10.8149,155.8733
KITTI_odometry,05,image_0,001296,sequences/05/image_0/001296.png,135.0564,211.5825,-10.80102,155.5602
KITTI_odometry,05,image_0,001297,sequences/05/image_0/001297.png,135.1607,211.2195,-10.79193,155.2895
KITTI_odometry,05,image_0,001298,sequences/05/image_0/001298.png,135.2653,210.8436,-10.77893,155.0445
KITTI_odometry,05,image_0,001299,sequences/05/image_0/001299.png,135.3695,210.4266,-10.76398,154.8054
KITTI_odometry,05,image_0,001300,sequences/05/image_0/001300.png,135.4739,210.0255,-10.74672,154.6096
KITTI_odometry,05,image_0,001301,sequences/05/image_0/001301.png,135.5783,209.5871,-10.72901,154.4097
KITTI_odometry,05,image_0,001302,sequences/05/image_0/001302.png,135.6826,209.163,-10.7171,154.2462
KITTI_odometry,05,image_0,001303,sequences/05/image_0/001303.png,135.787,208.6989,-10.70231,154.0845
KITTI_odometry,05,image_0,001304,sequences/05/image_0/001304.png,135.8913,208.2485,-10.68657,153.9687
KITTI_odometry,05,image_0,001305,sequences/05/image_0/001305.png,135.9955,207.7642,-10.66963,153.8571
KITTI_odometry,05,image_0,001306,sequences/05/image_0/001306.png,136.0997,207.2894,-10.65218,153.7789
KITTI_odometry,05,image_0,001307,sequences/05/image_0/001307.png,136.204,206.7991,-10.63405,153.7135
KITTI_odometry,05,image_0,001308,sequences/05/image_0/001308.png,136.3081,206.2808,-10.61406,153.6523
KITTI_odometry,05,image_0,001309,sequences/05/image_0/001309.png,136.4121,205.7617,-10.59467,153.6205
KITTI_odometry,05,image_0,001310,sequences/05/image_0/001310.png,136.5177,205.214,-10.57389,153.5906
KITTI_odometry,05,image_0,001311,sequences/05/image_0/001311.png,136.6202,204.678,-10.55334,153.5732
KITTI_odometry,05,image_0,001312,sequences/05/image_0/001312.png,136.7268,204.1091,-10.53316,153.5631
KITTI_odometry,05,image_0,001313,sequences/05/image_0/001313.png,136.828,203.5572,-10.51461,153.5661
KITTI_odometry,05,image_0,001314,sequences/05/image_0/001314.png,136.932,202.9763,-10.49273,153.5762
KITTI_odometry,05,image_0,001315,sequences/05/image_0/001315.png,137.0359,202.3792,-10.46874,153.5895
KITTI_odometry,05,image_0,001316,sequences/05/image_0/001316.png,137.1413,201.759,-10.44835,153.6159
KITTI_odometry,05,image_0,001317,sequences/05/image_0/001317.png,137.2437,201.1404,-10.43205,153.6497
KITTI_odometry,05,image_0,001318,sequences/05/image_0/001318.png,137.3477,200.497,-10.41478,153.6902
KITTI_odometry,05,image_0,001319,sequences/05/image_0/001319.png,137.4517,199.8419,-10.39426,153.7382
KITTI_odometry,05,image_0,001320,sequences/05/image_0/001320.png,137.5556,199.1758,-10.37368,153.7951
KITTI_odometry,05,image_0,001321,sequences/05/image_0/001321.png,137.6596,198.4946,-10.35316,153.861
KITTI_odometry,05,image_0,001322,sequences/05/image_0/001322.png,137.7635,197.8021,-10.33193,153.9313
KITTI_odometry,05,image_0,001323,sequences/05/image_0/001323.png,137.8675,197.094,-10.31021,154.0011
KITTI_odometry,05,image_0,001324,sequences/05/image_0/001324.png,137.9715,196.3718,-10.28919,154.0703
KITTI_odometry,05,image_0,001325,sequences/05/image_0/001325.png,138.0755,195.6353,-10.2672,154.138
KITTI_odometry,05,image_0,001326,sequences/05/image_0/001326.png,138.1795,194.8844,-10.24476,154.2055
KITTI_odometry,05,image_0,001327,sequences/05/image_0/001327.png,138.2835,194.1238,-10.22356,154.2759
KITTI_odometry,05,image_0,001328,sequences/05/image_0/001328.png,138.3877,193.3471,-10.20129,154.35
KITTI_odometry,05,image_0,001329,sequences/05/image_0/001329.png,138.4918,192.5603,-10.17859,154.4275
KITTI_odometry,05,image_0,001330,sequences/05/image_0/001330.png,138.5959,191.7608,-10.15494,154.5075
KITTI_odometry,05,image_0,001331,sequences/05/image_0/001331.png,138.7,190.9486,-10.13145,154.5913
KITTI_odometry,05,image_0,001332,sequences/05/image_0/001332.png,138.8041,190.1242,-10.10762,154.6772
KITTI_odometry,05,image_0,001333,sequences/05/image_0/001333.png,138.9083,189.2881,-10.08385,154.7653
KITTI_odometry,05,image_0,001334,sequences/05/image_0/001334.png,139.0124,188.4398,-10.05818,154.8549
KITTI_odometry,05,image_0,001335,sequences/05/image_0/001335.png,139.1167,187.5775,-10.03214,154.9465
KITTI_odometry,05,image_0,001336,sequences/05/image_0/001336.png,139.2208,186.7075,-10.0059,155.0433
KITTI_odometry,05,image_0,001337,sequences/05/image_0/001337.png,139.325,185.8227,-9.979757,155.1454
KITTI_odometry,05,image_0,001338,sequences/05/image_0/001338.png,139.4293,184.929,-9.953655,155.2508
KITTI_odometry,05,image_0,001339,sequences/05/image_0/001339.png,139.5335,184.0267,-9.928465,155.3613
KITTI_odometry,05,image_0,001340,sequences/05/image_0/001340.png,139.6377,183.1159,-9.903037,155.4765
KITTI_odometry,05,image_0,001341,sequences/05/image_0/001341.png,139.7419,182.1983,-9.877148,155.5946
KITTI_odometry,05,image_0,001342,sequences/05/image_0/001342.png,139.846,181.2721,-9.84983,155.7116
KITTI_odometry,05,image_0,001343,sequences/05/image_0/001343.png,139.9501,180.3399,-9.823217,155.8283
KITTI_odometry,05,image_0,001344,sequences/05/image_0/001344.png,140.0543,179.4023,-9.797071,155.9448
KITTI_odometry,05,image_0,001345,sequences/05/image_0/001345.png,140.1584,178.461,-9.770554,156.0594
KITTI_odometry,05,image_0,001346,sequences/05/image_0/001346.png,140.2626,177.5173,-9.743997,156.1736
KITTI_odometry,05,image_0,001347,sequences/05/image_0/001347.png,140.3668,176.57,-9.716532,156.2872
KITTI_odometry,05,image_0,001348,sequences/05/image_0/001348.png,140.4709,175.6244,-9.690185,156.4009
KITTI_odometry,05,image_0,001349,sequences/05/image_0/001349.png,140.575,174.6794,-9.663278,156.5118
KITTI_odometry,05,image_0,001350,sequences/05/image_0/001350.png,140.6791,173.7345,-9.637423,156.6236
KITTI_odometry,05,image_0,001351,sequences/05/image_0/001351.png,140.7833,172.7944,-9.613592,156.7353
KITTI_odometry,05,image_0,001352,sequences/05/image_0/001352.png,140.8875,171.8464,-9.588544,156.8455
KITTI_odometry,05,image_0,001353,sequences/05/image_0/001353.png,140.9917,170.901,-9.562791,156.954
KITTI_odometry,05,image_0,001354,sequences/05/image_0/001354.png,141.0958,169.956,-9.537515,157.0682
KITTI_odometry,05,image_0,001355,sequences/05/image_0/001355.png,141.1999,169.0164,-9.509588,157.1816
KITTI_odometry,05,image_0,001356,sequences/05/image_0/001356.png,141.304,168.0815,-9.480848,157.2953
KITTI_odometry,05,image_0,001357,sequences/05/image_0/001357.png,141.4081,167.1484,-9.453661,157.4095
KITTI_odometry,05,image_0,001358,sequences/05/image_0/001358.png,141.5124,166.2163,-9.427194,157.5251
KITTI_odometry,05,image_0,001359,sequences/05/image_0/001359.png,141.6165,165.2849,-9.400975,157.6409
KITTI_odometry,05,image_0,001360,sequences/05/image_0/001360.png,141.7207,164.3575,-9.372849,157.7557
KITTI_odometry,05,image_0,001361,sequences/05/image_0/001361.png,141.8248,163.4313,-9.345571,157.8717
KITTI_odometry,05,image_0,001362,sequences/05/image_0/001362.png,141.9289,162.5074,-9.319175,157.9875
KITTI_odometry,05,image_0,001363,sequences/05/image_0/001363.png,142.033,161.5861,-9.292716,158.1039
KITTI_odometry,05,image_0,001364,sequences/05/image_0/001364.png,142.1372,160.6649,-9.266246,158.2192
KITTI_odometry,05,image_0,001365,sequences/05/image_0/001365.png,142.2414,159.7474,-9.240598,158.3334
KITTI_odometry,05,image_0,001366,sequences/05/image_0/001366.png,142.3455,158.8262,-9.215462,158.4484
KITTI_odometry,05,image_0,001367,sequences/05/image_0/001367.png,142.4497,157.9056,-9.190463,158.5646
KITTI_odometry,05,image_0,001368,sequences/05/image_0/001368.png,142.5539,156.9846,-9.1649,158.6806
KITTI_odometry,05,image_0,001369,sequences/05/image_0/001369.png,142.6582,156.0604,-9.140166,158.797
KITTI_odometry,05,image_0,001370,sequences/05/image_0/001370.png,142.7624,155.1393,-9.115867,158.9131
KITTI_odometry,05,image_0,001371,sequences/05/image_0/001371.png,142.8667,154.2162,-9.090525,159.0321
KITTI_odometry,05,image_0,001372,sequences/05/image_0/001372.png,142.9708,153.2941,-9.066771,159.1524
KITTI_odometry,05,image_0,001373,sequences/05/image_0/001373.png,143.075,152.3682,-9.042943,159.2745
KITTI_odometry,05,image_0,001374,sequences/05/image_0/001374.png,143.1792,151.4395,-9.019547,159.3998
KITTI_odometry,05,image_0,001375,sequences/05/image_0/001375.png,143.2835,150.5097,-8.996322,159.5288
KITTI_odometry,05,image_0,001376,sequences/05/image_0/001376.png,143.3878,149.575,-8.97432,159.6596
KITTI_odometry,05,image_0,001377,sequences/05/image_0/001377.png,143.492,148.6405,-8.950701,159.7926
KITTI_odometry,05,image_0,001378,sequences/05/image_0/001378.png,143.5963,147.7026,-8.925186,159.9296
KITTI_odometry,05,image_0,001379,sequences/05/image_0/001379.png,143.7005,146.7596,-8.897821,160.0724
KITTI_odometry,05,image_0,001380,sequences/05/image_0/001380.png,143.8048,145.8138,-8.873649,160.2064
KITTI_odometry,05,image_0,001381,sequences/05/image_0/001381.png,143.9089,144.868,-8.847955,160.34
KITTI_odometry,05,image_0,001382,sequences/05/image_0/001382.png,144.0132,143.9212,-8.82219,160.4786
KITTI_odometry,05,image_0,001383,sequences/05/image_0/001383.png,144.1174,142.9636,-8.798621,160.6103
KITTI_odometry,05,image_0,001384,sequences/05/image_0/001384.png,144.2215,142.0006,-8.777652,160.7393
KITTI_odometry,05,image_0,001385,sequences/05/image_0/001385.png,144.3257,141.0308,-8.75628,160.8691
KITTI_odometry,05,image_0,001386,sequences/05/image_0/001386.png,144.4298,140.057,-8.733447,160.9971
KITTI_odometry,05,image_0,001387,sequences/05/image_0/001387.png,144.534,139.0743,-8.708487,161.1209
KITTI_odometry,05,image_0,001388,sequences/05/image_0/001388.png,144.6382,138.0862,-8.682182,161.2368
KITTI_odometry,05,image_0,001389,sequences/05/image_0/001389.png,144.7422,137.0922,-8.657386,161.3479
KITTI_odometry,05,image_0,001390,sequences/05/image_0/001390.png,144.8471,136.0806,-8.63153,161.4547
KITTI_odometry,05,image_0,001391,sequences/05/image_0/001391.png,144.9505,135.0773,-8.603418,161.5535
KITTI_odometry,05,image_0,001392,sequences/05/image_0/001392.png,145.055,134.0592,-8.574292,161.6494
KITTI_odometry,05,image_0,001393,sequences/05/image_0/001393.png,145.1589,133.0445,-8.547327,161.7452
KITTI_odometry,05,image_0,001394,sequences/05/image_0/001394.png,145.263,132.0245,-8.524129,161.8395
KITTI_odometry,05,image_0,001395,sequences/05/image_0/001395.png,145.3673,130.9936,-8.502804,161.9354
KITTI_odometry,05,image_0,001396,sequences/05/image_0/001396.png,145.4714,129.9554,-8.483625,162.0346
KITTI_odometry,05,image_0,001397,sequences/05/image_0/001397.png,145.5756,128.9108,-8.46379,162.1343
KITTI_odometry,05,image_0,001398,sequences/05/image_0/001398.png,145.6799,127.8589,-8.441519,162.2337
KITTI_odometry,05,image_0,001399,sequences/05/image_0/001399.png,145.784,126.8069,-8.416782,162.3308
KITTI_odometry,05,image_0,001400,sequences/05/image_0/001400.png,145.8883,125.7441,-8.389991,162.427
KITTI_odometry,05,image_0,001401,sequences/05/image_0/001401.png,145.9925,124.6838,-8.360019,162.5201
KITTI_odometry,05,image_0,001402,sequences/05/image_0/001402.png,146.0967,123.6206,-8.329073,162.6137
KITTI_odometry,05,image_0,001403,sequences/05/image_0/001403.png,146.2009,122.5559,-8.298898,162.7066
KITTI_odometry,05,image_0,001404,sequences/05/image_0/001404.png,146.305,121.4921,-8.268737,162.7987
KITTI_odometry,05,image_0,001405,sequences/05/image_0/001405.png,146.4093,120.4282,-8.239076,162.8917
KITTI_odometry,05,image_0,001406,sequences/05/image_0/001406.png,146.5134,119.3613,-8.210211,162.9858
KITTI_odometry,05,image_0,001407,sequences/05/image_0/001407.png,146.6175,118.2974,-8.182331,163.082
KITTI_odometry,05,image_0,001408,sequences/05/image_0/001408.png,146.7217,117.2327,-8.154696,163.18
KITTI_odometry,05,image_0,001409,sequences/05/image_0/001409.png,146.8259,116.1672,-8.128439,163.278
KITTI_odometry,05,image_0,001410,sequences/05/image_0/001410.png,146.93,115.1034,-8.101282,163.3778
KITTI_odometry,05,image_0,001411,sequences/05/image_0/001411.png,147.0342,114.0407,-8.072285,163.4755
KITTI_odometry,05,image_0,001412,sequences/05/image_0/001412.png,147.1384,112.9758,-8.042769,163.5739
KITTI_odometry,05,image_0,001413,sequences/05/image_0/001413.png,147.2425,111.9131,-8.015027,163.6726
KITTI_odometry,05,image_0,001414,sequences/05/image_0/001414.png,147.3467,110.8478,-7.987136,163.771
KITTI_odometry,05,image_0,001415,sequences/05/image_0/001415.png,147.4508,109.7863,-7.960902,163.8695
KITTI_odometry,05,image_0,001416,sequences/05/image_0/001416.png,147.555,108.7235,-7.932991,163.9668
KITTI_odometry,05,image_0,001417,sequences/05/image_0/001417.png,147.6591,107.6588,-7.905228,164.0632
KITTI_odometry,05,image_0,001418,sequences/05/image_0/001418.png,147.7632,106.5969,-7.876778,164.1598
KITTI_odometry,05,image_0,001419,sequences/05/image_0/001419.png,147.8674,105.5315,-7.84811,164.2537
KITTI_odometry,05,image_0,001420,sequences/05/image_0/001420.png,147.9717,104.4681,-7.819734,164.3486
KITTI_odometry,05,image_0,001421,sequences/05/image_0/001421.png,148.0758,103.4075,-7.790909,164.4442
KITTI_odometry,05,image_0,001422,sequences/05/image_0/001422.png,148.1799,102.3435,-7.761236,164.5375
KITTI_odometry,05,image_0,001423,sequences/05/image_0/001423.png,148.2842,101.2822,-7.734094,164.6297
KITTI_odometry,05,image_0,001424,sequences/05/image_0/001424.png,148.3882,100.2218,-7.707646,164.7278
KITTI_odometry,05,image_0,001425,sequences/05/image_0/001425.png,148.4925,99.16164,-7.683873,164.8259
KITTI_odometry,05,image_0,001426,sequences/05/image_0/001426.png,148.5968,98.09918,-7.662549,164.9294
KITTI_odometry,05,image_0,001427,sequences/05/image_0/001427.png,148.7009,97.03028,-7.643365,165.0432
KITTI_odometry,05,image_0,001428,sequences/05/image_0/001428.png,148.8051,95.95955,-7.620633,165.1647
KITTI_odometry,05,image_0,001429,sequences/05/image_0/001429.png,148.9093,94.89103,-7.597134,165.2874
KITTI_odometry,05,image_0,001430,sequences/05/image_0/001430.png,149.0136,93.81889,-7.571147,165.4159
KITTI_odometry,05,image_0,001431,sequences/05/image_0/001431.png,149.1176,92.74689,-7.54644,165.5475
KITTI_odometry,05,image_0,001432,sequences/05/image_0/001432.png,149.2218,91.67543,-7.518616,165.6801
KITTI_odometry,05,image_0,001433,sequences/05/image_0/001433.png,149.3261,90.59994,-7.489494,165.8168
KITTI_odometry,05,image_0,001434,sequences/05/image_0/001434.png,149.4303,89.52646,-7.463326,165.956
KITTI_odometry,05,image_0,001435,sequences/05/image_0/001435.png,149.5343,88.4542,-7.437899,166.0963
KITTI_odometry,05,image_0,001436,sequences/05/image_0/001436.png,149.6384,87.37709,-7.414075,166.2382
KITTI_odometry,05,image_0,001437,sequences/05/image_0/001437.png,149.7425,86.29789,-7.391608,166.3815
KITTI_odometry,05,image_0,001438,sequences/05/image_0/001438.png,149.8466,85.21041,-7.368608,166.5279
KITTI_odometry,05,image_0,001439,sequences/05/image_0/001439.png,149.9509,84.1229,-7.34551,166.6739
KITTI_odometry,05,image_0,001440,sequences/05/image_0/001440.png,150.0551,83.03361,-7.320591,166.8171
KITTI_odometry,05,image_0,001441,sequences/05/image_0/001441.png,150.1589,81.94406,-7.29309,166.96
KITTI_odometry,05,image_0,001442,sequences/05/image_0/001442.png,150.2633,80.84055,-7.261076,167.1025
KITTI_odometry,05,image_0,001443,sequences/05/image_0/001443.png,150.3671,79.73697,-7.227048,167.2388
KITTI_odometry,05,image_0,001444,sequences/05/image_0/001444.png,150.4713,78.63341,-7.191115,167.3734
KITTI_odometry,05,image_0,001445,sequences/05/image_0/001445.png,150.5753,77.53438,-7.157274,167.5036
KITTI_odometry,05,image_0,001446,sequences/05/image_0/001446.png,150.6794,76.42718,-7.125179,167.6295
KITTI_odometry,05,image_0,001447,sequences/05/image_0/001447.png,150.7835,75.30977,-7.097765,167.7515
KITTI_odometry,05,image_0,001448,sequences/05/image_0/001448.png,150.8878,74.1784,-7.069079,167.8713
KITTI_odometry,05,image_0,001449,sequences/05/image_0/001449.png,150.9918,73.05032,-7.037583,167.9864
KITTI_odometry,05,image_0,001450,sequences/05/image_0/001450.png,151.096,71.9185,-7.003965,168.0969
KITTI_odometry,05,image_0,001451,sequences/05/image_0/001451.png,151.2001,70.78102,-6.971223,168.2062
KITTI_odometry,05,image_0,001452,sequences/05/image_0/001452.png,151.3042,69.64086,-6.938403,168.3154
KITTI_odometry,05,image_0,001453,sequences/05/image_0/001453.png,151.4083,68.49609,-6.904209,168.4244
KITTI_odometry,05,image_0,001454,sequences/05/image_0/001454.png,151.5124,67.34864,-6.870182,168.533
KITTI_odometry,05,image_0,001455,sequences/05/image_0/001455.png,151.6165,66.19437,-6.835201,168.6371
KITTI_odometry,05,image_0,001456,sequences/05/image_0/001456.png,151.7206,65.03963,-6.801731,168.7381
KITTI_odometry,05,image_0,001457,sequences/05/image_0/001457.png,151.8246,63.8774,-6.767235,168.8352
KITTI_odometry,05,image_0,001458,sequences/05/image_0/001458.png,151.9288,62.71033,-6.732019,168.9315
KITTI_odometry,05,image_0,001459,sequences/05/image_0/001459.png,152.0329,61.5417,-6.69618,169.0232
KITTI_odometry,05,image_0,001460,sequences/05/image_0/001460.png,152.1371,60.37571,-6.659304,169.1131
KITTI_odometry,05,image_0,001461,sequences/05/image_0/001461.png,152.2412,59.21443,-6.621591,169.1996
KITTI_odometry,05,image_0,001462,sequences/05/image_0/001462.png,152.3453,58.05159,-6.585898,169.284
KITTI_odometry,05,image_0,001463,sequences/05/image_0/001463.png,152.4494,56.89176,-6.55129,169.3656
KITTI_odometry,05,image_0,001464,sequences/05/image_0/001464.png,152.5535,55.73464,-6.517709,169.4468
KITTI_odometry,05,image_0,001465,sequences/05/image_0/001465.png,152.6576,54.57773,-6.484729,169.5247
KITTI_odometry,05,image_0,001466,sequences/05/image_0/001466.png,152.7618,53.42406,-6.451831,169.6041
KITTI_odometry,05,image_0,001467,sequences/05/image_0/001467.png,152.8659,52.27198,-6.41965,169.6819
KITTI_odometry,05,image_0,001468,sequences/05/image_0/001468.png,152.97,51.12484,-6.387439,169.7562
KITTI_odometry,05,image_0,001469,sequences/05/image_0/001469.png,153.0743,49.97639,-6.35455,169.8313
KITTI_odometry,05,image_0,001470,sequences/05/image_0/001470.png,153.1784,48.83352,-6.32419,169.9034
KITTI_odometry,05,image_0,001471,sequences/05/image_0/001471.png,153.2825,47.69988,-6.297182,169.9755
KITTI_odometry,05,image_0,001472,sequences/05/image_0/001472.png,153.3867,46.56422,-6.272495,170.0463
KITTI_odometry,05,image_0,001473,sequences/05/image_0/001473.png,153.4908,45.43186,-6.250107,170.1164
KITTI_odometry,05,image_0,001474,sequences/05/image_0/001474.png,153.5949,44.29936,-6.226617,170.1873
KITTI_odometry,05,image_0,001475,sequences/05/image_0/001475.png,153.699,43.17387,-6.202174,170.2539
KITTI_odometry,05,image_0,001476,sequences/05/image_0/001476.png,153.8035,42.05161,-6.17477,170.3153
KITTI_odometry,05,image_0,001477,sequences/05/image_0/001477.png,153.9073,40.94509,-6.147108,170.3738
KITTI_odometry,05,image_0,001478,sequences/05/image_0/001478.png,154.0115,39.83916,-6.117455,170.4305
KITTI_odometry,05,image_0,001479,sequences/05/image_0/001479.png,154.1156,38.74245,-6.088215,170.4827
KITTI_odometry,05,image_0,001480,sequences/05/image_0/001480.png,154.2197,37.66296,-6.057652,170.5334
KITTI_odometry,05,image_0,001481,sequences/05/image_0/001481.png,154.3239,36.59221,-6.026683,170.5825
KITTI_odometry,05,image_0,001482,sequences/05/image_0/001482.png,154.428,35.53534,-5.996165,170.6297
KITTI_odometry,05,image_0,001483,sequences/05/image_0/001483.png,154.5322,34.49412,-5.965499,170.6738
KITTI_odometry,05,image_0,001484,sequences/05/image_0/001484.png,154.6368,33.46274,-5.935626,170.7175
KITTI_odometry,05,image_0,001485,sequences/05/image_0/001485.png,154.7404,32.46088,-5.90536,170.7583
KITTI_odometry,05,image_0,001486,sequences/05/image_0/001486.png,154.8446,31.46543,-5.875136,170.7951
KITTI_odometry,05,image_0,001487,sequences/05/image_0/001487.png,154.9486,30.48833,-5.845567,170.8291
KITTI_odometry,05,image_0,001488,sequences/05/image_0/001488.png,155.0528,29.52698,-5.815888,170.8627
KITTI_odometry,05,image_0,001489,sequences/05/image_0/001489.png,155.1572,28.57775,-5.787166,170.895
KITTI_odometry,05,image_0,001490,sequences/05/image_0/001490.png,155.2612,27.65026,-5.760157,170.9265
KITTI_odometry,05,image_0,001491,sequences/05/image_0/001491.png,155.3653,26.73632,-5.73475,170.955
KITTI_odometry,05,image_0,001492,sequences/05/image_0/001492.png,155.4695,25.83869,-5.709218,170.9809
KITTI_odometry,05,image_0,001493,sequences/05/image_0/001493.png,155.5737,24.9603,-5.685086,171.0072
KITTI_odometry,05,image_0,001494,sequences/05/image_0/001494.png,155.6779,24.09664,-5.661564,171.0324
KITTI_odometry,05,image_0,001495,sequences/05/image_0/001495.png,155.7821,23.25295,-5.641612,171.0614
KITTI_odometry,05,image_0,001496,sequences/05/image_0/001496.png,155.8864,22.41755,-5.619879,171.0938
KITTI_odometry,05,image_0,001497,sequences/05/image_0/001497.png,155.9906,21.59952,-5.600759,171.1323
KITTI_odometry,05,image_0,001498,sequences/05/image_0/001498.png,156.095,20.79122,-5.580908,171.1744
KITTI_odometry,05,image_0,001499,sequences/05/image_0/001499.png,156.1993,20.02074,-5.563485,171.2401
KITTI_odometry,05,image_0,001500,sequences/05/image_0/001500.png,156.3035,19.31659,-5.549652,171.3446
KITTI_odometry,05,image_0,001501,sequences/05/image_0/001501.png,156.4079,18.61169,-5.535798,171.4492
KITTI_odometry,05,image_0,001502,sequences/05/image_0/001502.png,156.5123,17.90668,-5.521934,171.5538
KITTI_odometry,05,image_0,001503,sequences/05/image_0/001503.png,156.6167,17.20176,-5.508066,171.6584
KITTI_odometry,05,image_0,001504,sequences/05/image_0/001504.png,156.7209,16.49795,-5.494212,171.7627
KITTI_odometry,05,image_0,001505,sequences/05/image_0/001505.png,156.8252,15.79417,-5.480351,171.8671
KITTI_odometry,05,image_0,001506,sequences/05/image_0/001506.png,156.9295,15.08984,-5.466472,171.9715
KITTI_odometry,05,image_0,001507,sequences/05/image_0/001507.png,157.0338,14.38616,-5.452598,172.0758
KITTI_odometry,05,image_0,001508,sequences/05/image_0/001508.png,157.138,13.68293,-5.438726,172.1799
KITTI_odometry,05,image_0,001509,sequences/05/image_0/001509.png,157.2421,12.98042,-5.424859,172.284
KITTI_odometry,05,image_0,001510,sequences/05/image_0/001510.png,157.3464,12.27716,-5.41097,172.3881
KITTI_odometry,05,image_0,001511,sequences/05/image_0/001511.png,157.4505,11.57479,-5.39709,172.4921
KITTI_odometry,05,image_0,001512,sequences/05/image_0/001512.png,157.5546,10.87241,-5.383201,172.596
KITTI_odometry,05,image_0,001513,sequences/05/image_0/001513.png,157.6588,10.17025,-5.369307,172.6999
KITTI_odometry,05,image_0,001514,sequences/05/image_0/001514.png,157.7629,9.442106,-5.355689,172.8058
KITTI_odometry,05,image_0,001515,sequences/05/image_0/001515.png,157.8671,8.838192,-5.34064,172.9076
KITTI_odometry,05,image_0,001516,sequences/05/image_0/001516.png,157.9712,8.251533,-5.327136,173.0023
KITTI_odometry,05,image_0,001517,sequences/05/image_0/001517.png,158.0753,7.682227,-5.31349,173.0935
KITTI_odometry,05,image_0,001518,sequences/05/image_0/001518.png,158.1794,7.13235,-5.302335,173.177
KITTI_odometry,05,image_0,001519,sequences/05/image_0/001519.png,158.2835,6.605054,-5.29074,173.2539
KITTI_odometry,05,image_0,001520,sequences/05/image_0/001520.png,158.3877,6.095177,-5.276949,173.323
KITTI_odometry,05,image_0,001521,sequences/05/image_0/001521.png,158.4919,5.611287,-5.263627,173.3874
KITTI_odometry,05,image_0,001522,sequences/05/image_0/001522.png,158.5961,5.150884,-5.252069,173.4464
KITTI_odometry,05,image_0,001523,sequences/05/image_0/001523.png,158.7003,4.717735,-5.24268,173.4989
KITTI_odometry,05,image_0,001524,sequences/05/image_0/001524.png,158.8044,4.309371,-5.233773,173.5445
KITTI_odometry,05,image_0,001525,sequences/05/image_0/001525.png,158.9086,3.925632,-5.22378,173.5834
KITTI_odometry,05,image_0,001526,sequences/05/image_0/001526.png,159.0129,3.568804,-5.214912,173.6202
KITTI_odometry,05,image_0,001527,sequences/05/image_0/001527.png,159.117,3.23742,-5.206743,173.6519
KITTI_odometry,05,image_0,001528,sequences/05/image_0/001528.png,159.2213,2.92919,-5.20024,173.6803
KITTI_odometry,05,image_0,001529,sequences/05/image_0/001529.png,159.3255,2.641612,-5.195601,173.7054
KITTI_odometry,05,image_0,001530,sequences/05/image_0/001530.png,159.4298,2.375838,-5.19204,173.7296
KITTI_odometry,05,image_0,001531,sequences/05/image_0/001531.png,159.534,2.13064,-5.188621,173.7531
KITTI_odometry,05,image_0,001532,sequences/05/image_0/001532.png,159.6381,1.899632,-5.186109,173.7763
KITTI_odometry,05,image_0,001533,sequences/05/image_0/001533.png,159.7426,1.679549,-5.183851,173.7991
KITTI_odometry,05,image_0,001534,sequences/05/image_0/001534.png,159.8466,1.465756,-5.181795,173.8189
KITTI_odometry,05,image_0,001535,sequences/05/image_0/001535.png,159.9509,1.258618,-5.179715,173.8391
KITTI_odometry,05,image_0,001536,sequences/05/image_0/001536.png,160.0552,1.056923,-5.178565,173.8596
KITTI_odometry,05,image_0,001537,sequences/05/image_0/001537.png,160.1594,0.8596177,-5.177557,173.8793
KITTI_odometry,05,image_0,001538,sequences/05/image_0/001538.png,160.2637,0.6630867,-5.175312,173.8951
KITTI_odometry,05,image_0,001539,sequences/05/image_0/001539.png,160.3679,0.465217,-5.169903,173.9093
KITTI_odometry,05,image_0,001540,sequences/05/image_0/001540.png,160.4722,0.2667551,-5.164967,173.9252
KITTI_odometry,05,image_0,001541,sequences/05/image_0/001541.png,160.5765,0.06863829,-5.160977,173.9441
KITTI_odometry,05,image_0,001542,sequences/05/image_0/001542.png,160.6808,-0.1280297,-5.158165,173.9624
KITTI_odometry,05,image_0,001543,sequences/05/image_0/001543.png,160.7851,-0.3247859,-5.154852,173.9782
KITTI_odometry,05,image_0,001544,sequences/05/image_0/001544.png,160.8892,-0.522732,-5.147631,173.9917
KITTI_odometry,05,image_0,001545,sequences/05/image_0/001545.png,160.9934,-0.7202299,-5.142031,174.0033
KITTI_odometry,05,image_0,001546,sequences/05/image_0/001546.png,161.0977,-0.9175144,-5.136067,174.0126
KITTI_odometry,05,image_0,001547,sequences/05/image_0/001547.png,161.2018,-1.118271,-5.131393,174.0188
KITTI_odometry,05,image_0,001548,sequences/05/image_0/001548.png,161.306,-1.330594,-5.124737,174.0238
KITTI_odometry,05,image_0,001549,sequences/05/image_0/001549.png,161.4105,-1.559395,-5.120339,174.0325
KITTI_odometry,05,image_0,001550,sequences/05/image_0/001550.png,161.5144,-1.809787,-5.114207,174.0434
KITTI_odometry,05,image_0,001551,sequences/05/image_0/001551.png,161.6187,-2.080426,-5.109835,174.0552
KITTI_odometry,05,image_0,001552,sequences/05/image_0/001552.png,161.7228,-2.369588,-5.104338,174.0678
KITTI_odometry,05,image_0,001553,sequences/05/image_0/001553.png,161.8271,-2.67389,-5.0985,174.082
KITTI_odometry,05,image_0,001554,sequences/05/image_0/001554.png,161.9312,-2.997577,-5.089512,174.0946
KITTI_odometry,05,image_0,001555,sequences/05/image_0/001555.png,162.0354,-3.339694,-5.081152,174.1046
KITTI_odometry,05,image_0,001556,sequences/05/image_0/001556.png,162.1397,-3.708094,-5.070678,174.1128
KITTI_odometry,05,image_0,001557,sequences/05/image_0/001557.png,162.244,-4.098643,-5.061584,174.1207
KITTI_odometry,05,image_0,001558,sequences/05/image_0/001558.png,162.3482,-4.512924,-5.054777,174.1316
KITTI_odometry,05,image_0,001559,sequences/05/image_0/001559.png,162.4524,-4.953445,-5.04817,174.1479
KITTI_odometry,05,image_0,001560,sequences/05/image_0/001560.png,162.5566,-5.41652,-5.03862,174.168
KITTI_odometry,05,image_0,001561,sequences/05/image_0/001561.png,162.6608,-5.904319,-5.026226,174.1874
KITTI_odometry,05,image_0,001562,sequences/05/image_0/001562.png,162.7651,-6.410143,-5.010688,174.2043
KITTI_odometry,05,image_0,001563,sequences/05/image_0/001563.png,162.8693,-6.936037,-4.995569,174.2283
KITTI_odometry,05,image_0,001564,sequences/05/image_0/001564.png,162.9735,-7.478197,-4.98021,174.2632
KITTI_odometry,05,image_0,001565,sequences/05/image_0/001565.png,163.0779,-8.034194,-4.963354,174.3031
KITTI_odometry,05,image_0,001566,sequences/05/image_0/001566.png,163.1821,-8.609358,-4.943192,174.3404
KITTI_odometry,05,image_0,001567,sequences/05/image_0/001567.png,163.2863,-9.205893,-4.919748,174.3635
KITTI_odometry,05,image_0,001568,sequences/05/image_0/001568.png,163.3906,-9.824702,-4.895504,174.3826
KITTI_odometry,05,image_0,001569,sequences/05/image_0/001569.png,163.4947,-10.46398,-4.868631,174.413
KITTI_odometry,05,image_0,001570,sequences/05/image_0/001570.png,163.5989,-11.1247,-4.841195,174.4515
KITTI_odometry,05,image_0,001571,sequences/05/image_0/001571.png,163.703,-11.80349,-4.81369,174.4789
KITTI_odometry,05,image_0,001572,sequences/05/image_0/001572.png,163.8073,-12.49423,-4.794972,174.495
KITTI_odometry,05,image_0,001573,sequences/05/image_0/001573.png,163.9114,-13.20023,-4.777646,174.5107
KITTI_odometry,05,image_0,001574,sequences/05/image_0/001574.png,164.0156,-13.91906,-4.756739,174.5275
KITTI_odometry,05,image_0,001575,sequences/05/image_0/001575.png,164.1199,-14.66259,-4.737636,174.5442
KITTI_odometry,05,image_0,001576,sequences/05/image_0/001576.png,164.2241,-15.43104,-4.723469,174.5678
KITTI_odometry,05,image_0,001577,sequences/05/image_0/001577.png,164.3284,-16.2223,-4.710841,174.5912
KITTI_odometry,05,image_0,001578,sequences/05/image_0/001578.png,164.4326,-17.02851,-4.696235,174.6127
KITTI_odometry,05,image_0,001579,sequences/05/image_0/001579.png,164.5369,-17.84141,-4.678436,174.6282
KITTI_odometry,05,image_0,001580,sequences/05/image_0/001580.png,164.6416,-18.67406,-4.659978,174.6415
KITTI_odometry,05,image_0,001581,sequences/05/image_0/001581.png,164.7454,-19.51549,-4.643082,174.6569
KITTI_odometry,05,image_0,001582,sequences/05/image_0/001582.png,164.8497,-20.38192,-4.629105,174.6705
KITTI_odometry,05,image_0,001583,sequences/05/image_0/001583.png,164.9539,-21.26296,-4.615818,174.6811
KITTI_odometry,05,image_0,001584,sequences/05/image_0/001584.png,165.058,-22.15315,-4.599401,174.6945
KITTI_odometry,05,image_0,001585,sequences/05/image_0/001585.png,165.1623,-23.05412,-4.580094,174.7108
KITTI_odometry,05,image_0,001586,sequences/05/image_0/001586.png,165.2665,-23.96755,-4.560584,174.7231
KITTI_odometry,05,image_0,001587,sequences/05/image_0/001587.png,165.3708,-24.8917,-4.540819,174.7368
KITTI_odometry,05,image_0,001588,sequences/05/image_0/001588.png,165.475,-25.82517,-4.522439,174.7521
KITTI_odometry,05,image_0,001589,sequences/05/image_0/001589.png,165.5793,-26.77027,-4.501933,174.7678
KITTI_odometry,05,image_0,001590,sequences/05/image_0/001590.png,165.6836,-27.72847,-4.479683,174.7877
KITTI_odometry,05,image_0,001591,sequences/05/image_0/001591.png,165.7878,-28.69788,-4.45841,174.8119
KITTI_odometry,05,image_0,001592,sequences/05/image_0/001592.png,165.892,-29.68056,-4.437364,174.8403
KITTI_odometry,05,image_0,001593,sequences/05/image_0/001593.png,165.9963,-30.66883,-4.414338,174.8694
KITTI_odometry,05,image_0,001594,sequences/05/image_0/001594.png,166.1006,-31.6643,-4.389732,174.9013
KITTI_odometry,05,image_0,001595,sequences/05/image_0/001595.png,166.2049,-32.66632,-4.365966,174.9346
KITTI_odometry,05,image_0,001596,sequences/05/image_0/001596.png,166.3089,-33.67114,-4.34319,174.9701
KITTI_odometry,05,image_0,001597,sequences/05/image_0/001597.png,166.4132,-34.68647,-4.321067,175.0048
KITTI_odometry,05,image_0,001598,sequences/05/image_0/001598.png,166.5174,-35.70777,-4.299213,175.0396
KITTI_odometry,05,image_0,001599,sequences/05/image_0/001599.png,166.6215,-36.73469,-4.276039,175.0748
KITTI_odometry,05,image_0,001600,sequences/05/image_0/001600.png,166.7257,-37.76504,-4.256725,175.1053
KITTI_odometry,05,image_0,001601,sequences/05/image_0/001601.png,166.8299,-38.80365,-4.234575,175.1336
KITTI_odometry,05,image_0,001602,sequences/05/image_0/001602.png,166.934,-39.84361,-4.212951,175.1657
KITTI_odometry,05,image_0,001603,sequences/05/image_0/001603.png,167.0384,-40.89475,-4.191574,175.1957
KITTI_odometry,05,image_0,001604,sequences/05/image_0/001604.png,167.1425,-41.94839,-4.169419,175.2215
KITTI_odometry,05,image_0,001605,sequences/05/image_0/001605.png,167.2466,-43.00116,-4.148064,175.2525
KITTI_odometry,05,image_0,001606,sequences/05/image_0/001606.png,167.351,-44.06189,-4.119551,175.2855
KITTI_odometry,05,image_0,001607,sequences/05/image_0/001607.png,167.455,-45.1225,-4.093854,175.3188
KITTI_odometry,05,image_0,001608,sequences/05/image_0/001608.png,167.559,-46.18491,-4.070273,175.3517
KITTI_odometry,05,image_0,001609,sequences/05/image_0/001609.png,167.6632,-47.2482,-4.044487,175.385
KITTI_odometry,05,image_0,001610,sequences/05/image_0/001610.png,167.7674,-48.30951,-4.018245,175.4145
KITTI_odometry,05,image_0,001611,sequences/05/image_0/001611.png,167.8715,-49.3744,-3.993183,175.4431
KITTI_odometry,05,image_0,001612,sequences/05/image_0/001612.png,167.9756,-50.43287,-3.971419,175.4697
KITTI_odometry,05,image_0,001613,sequences/05/image_0/001613.png,168.0798,-51.4931,-3.950335,175.4987
KITTI_odometry,05,image_0,001614,sequences/05/image_0/001614.png,168.1839,-52.55744,-3.927044,175.526
KITTI_odometry,05,image_0,001615,sequences/05/image_0/001615.png,168.288,-53.62657,-3.89827,175.558
KITTI_odometry,05,image_0,001616,sequences/05/image_0/001616.png,168.3921,-54.69552,-3.863223,175.5883
KITTI_odometry,05,image_0,001617,sequences/05/image_0/001617.png,168.4964,-55.75759,-3.825657,175.616
KITTI_odometry,05,image_0,001618,sequences/05/image_0/001618.png,168.6005,-56.81305,-3.789591,175.6433
KITTI_odometry,05,image_0,001619,sequences/05/image_0/001619.png,168.7047,-57.86797,-3.758663,175.6732
KITTI_odometry,05,image_0,001620,sequences/05/image_0/001620.png,168.8089,-58.92586,-3.729483,175.7029
KITTI_odometry,05,image_0,001621,sequences/05/image_0/001621.png,168.913,-59.99213,-3.703519,175.7368
KITTI_odometry,05,image_0,001622,sequences/05/image_0/001622.png,169.0173,-61.06094,-3.679222,175.7688
KITTI_odometry,05,image_0,001623,sequences/05/image_0/001623.png,169.1217,-62.13007,-3.651678,175.8047
KITTI_odometry,05,image_0,001624,sequences/05/image_0/001624.png,169.2259,-63.19684,-3.624933,175.8393
KITTI_odometry,05,image_0,001625,sequences/05/image_0/001625.png,169.3299,-64.26316,-3.600963,175.8739
KITTI_odometry,05,image_0,001626,sequences/05/image_0/001626.png,169.434,-65.32808,-3.578166,175.9073
KITTI_odometry,05,image_0,001627,sequences/05/image_0/001627.png,169.5381,-66.39425,-3.558276,175.9388
KITTI_odometry,05,image_0,001628,sequences/05/image_0/001628.png,169.6423,-67.46594,-3.537339,175.9716
KITTI_odometry,05,image_0,001629,sequences/05/image_0/001629.png,169.7464,-68.53766,-3.512966,176.0031
KITTI_odometry,05,image_0,001630,sequences/05/image_0/001630.png,169.8507,-69.61315,-3.488117,176.0308
KITTI_odometry,05,image_0,001631,sequences/05/image_0/001631.png,169.9548,-70.68082,-3.460593,176.0582
KITTI_odometry,05,image_0,001632,sequences/05/image_0/001632.png,170.059,-71.74923,-3.434708,176.0809
KITTI_odometry,05,image_0,001633,sequences/05/image_0/001633.png,170.1632,-72.81964,-3.412173,176.1026
KITTI_odometry,05,image_0,001634,sequences/05/image_0/001634.png,170.2674,-73.89568,-3.390842,176.1241
KITTI_odometry,05,image_0,001635,sequences/05/image_0/001635.png,170.3715,-74.9765,-3.367524,176.1459
KITTI_odometry,05,image_0,001636,sequences/05/image_0/001636.png,170.4758,-76.05764,-3.344669,176.1714
KITTI_odometry,05,image_0,001637,sequences/05/image_0/001637.png,170.58,-77.13401,-3.318655,176.1965
KITTI_odometry,05,image_0,001638,sequences/05/image_0/001638.png,170.6841,-78.20879,-3.293468,176.218
KITTI_odometry,05,image_0,001639,sequences/05/image_0/001639.png,170.7883,-79.28739,-3.27149,176.2341
KITTI_odometry,05,image_0,001640,sequences/05/image_0/001640.png,170.8924,-80.36695,-3.250868,176.2443
KITTI_odometry,05,image_0,001641,sequences/05/image_0/001641.png,170.9965,-81.44707,-3.23062,176.2579
KITTI_odometry,05,image_0,001642,sequences/05/image_0/001642.png,171.1007,-82.52764,-3.208247,176.27
KITTI_odometry,05,image_0,001643,sequences/05/image_0/001643.png,171.2049,-83.60948,-3.18689,176.2796
KITTI_odometry,05,image_0,001644,sequences/05/image_0/001644.png,171.3089,-84.69218,-3.168462,176.2906
KITTI_odometry,05,image_0,001645,sequences/05/image_0/001645.png,171.4132,-85.77305,-3.153257,176.2928
KITTI_odometry,05,image_0,001646,sequences/05/image_0/001646.png,171.5173,-86.85268,-3.138841,176.2926
KITTI_odometry,05,image_0,001647,sequences/05/image_0/001647.png,171.6214,-87.93679,-3.126815,176.2887
KITTI_odometry,05,image_0,001648,sequences/05/image_0/001648.png,171.7255,-89.02466,-3.116234,176.2831
KITTI_odometry,05,image_0,001649,sequences/05/image_0/001649.png,171.8298,-90.1181,-3.102292,176.2705
KITTI_odometry,05,image_0,001650,sequences/05/image_0/001650.png,171.9339,-91.21129,-3.083165,176.2584
KITTI_odometry,05,image_0,001651,sequences/05/image_0/001651.png,172.038,-92.30254,-3.064897,176.241
KITTI_odometry,05,image_0,001652,sequences/05/image_0/001652.png,172.1425,-93.39307,-3.043695,176.2245
KITTI_odometry,05,image_0,001653,sequences/05/image_0/001653.png,172.2472,-94.48444,-3.024598,176.2048
KITTI_odometry,05,image_0,001654,sequences/05/image_0/001654.png,172.3512,-95.5735,-3.010653,176.1812
KITTI_odometry,05,image_0,001655,sequences/05/image_0/001655.png,172.4546,-96.65901,-2.997553,176.154
KITTI_odometry,05,image_0,001656,sequences/05/image_0/001656.png,172.5587,-97.757,-2.983233,176.1216
KITTI_odometry,05,image_0,001657,sequences/05/image_0/001657.png,172.6628,-98.85399,-2.968686,176.0869
KITTI_odometry,05,image_0,001658,sequences/05/image_0/001658.png,172.7669,-99.94875,-2.950607,176.0474
KITTI_odometry,05,image_0,001659,sequences/05/image_0/001659.png,172.871,-101.0452,-2.9303,176.0044
KITTI_odometry,05,image_0,001660,sequences/05/image_0/001660.png,172.9752,-102.1429,-2.911418,175.9586
KITTI_odometry,05,image_0,001661,sequences/05/image_0/001661.png,173.0793,-103.24,-2.893548,175.9128
KITTI_odometry,05,image_0,001662,sequences/05/image_0/001662.png,173.1834,-104.339,-2.874527,175.8621
KITTI_odometry,05,image_0,001663,sequences/05/image_0/001663.png,173.2875,-105.4372,-2.858445,175.8098
KITTI_odometry,05,image_0,001664,sequences/05/image_0/001664.png,173.3916,-106.5395,-2.840079,175.7519
KITTI_odometry,05,image_0,001665,sequences/05/image_0/001665.png,173.4958,-107.6403,-2.824004,175.6946
KITTI_odometry,05,image_0,001666,sequences/05/image_0/001666.png,173.5999,-108.7404,-2.806967,175.6373
KITTI_odometry,05,image_0,001667,sequences/05/image_0/001667.png,173.704,-109.8435,-2.790175,175.5812
KITTI_odometry,05,image_0,001668,sequences/05/image_0/001668.png,173.8081,-110.9486,-2.774611,175.5205
KITTI_odometry,05,image_0,001669,sequences/05/image_0/001669.png,173.9123,-112.0575,-2.755965,175.4596
KITTI_odometry,05,image_0,001670,sequences/05/image_0/001670.png,174.0164,-113.1625,-2.735063,175.393
KITTI_odometry,05,image_0,001671,sequences/05/image_0/001671.png,174.1205,-114.2677,-2.717301,175.326
KITTI_odometry,05,image_0,001672,sequences/05/image_0/001672.png,174.2247,-115.3758,-2.700498,175.2594
KITTI_odometry,05,image_0,001673,sequences/05/image_0/001673.png,174.329,-116.488,-2.685105,175.1917
KITTI_odometry,05,image_0,001674,sequences/05/image_0/001674.png,174.4331,-117.5985,-2.671202,175.1231
KITTI_odometry,05,image_0,001675,sequences/05/image_0/001675.png,174.5372,-118.7098,-2.658124,175.0547
KITTI_odometry,05,image_0,001676,sequences/05/image_0/001676.png,174.6414,-119.8273,-2.641605,174.9853
KITTI_odometry,05,image_0,001677,sequences/05/image_0/001677.png,174.7456,-120.9426,-2.62768,174.9232
KITTI_odometry,05,image_0,001678,sequences/05/image_0/001678.png,174.8497,-122.062,-2.613523,174.8566
KITTI_odometry,05,image_0,001679,sequences/05/image_0/001679.png,174.9538,-123.1757,-2.600324,174.7877
KITTI_odometry,05,image_0,001680,sequences/05/image_0/001680.png,175.058,-124.2939,-2.585573,174.7188
KITTI_odometry,05,image_0,001681,sequences/05/image_0/001681.png,175.1621,-125.4127,-2.577424,174.649
KITTI_odometry,05,image_0,001682,sequences/05/image_0/001682.png,175.2663,-126.5349,-2.568074,174.5741
KITTI_odometry,05,image_0,001683,sequences/05/image_0/001683.png,175.3704,-127.663,-2.557687,174.5059
KITTI_odometry,05,image_0,001684,sequences/05/image_0/001684.png,175.4745,-128.7911,-2.5428,174.438
KITTI_odometry,05,image_0,001685,sequences/05/image_0/001685.png,175.5786,-129.9195,-2.526566,174.3664
KITTI_odometry,05,image_0,001686,sequences/05/image_0/001686.png,175.6828,-131.0489,-2.508856,174.2953
KITTI_odometry,05,image_0,001687,sequences/05/image_0/001687.png,175.7873,-132.18,-2.492033,174.2224
KITTI_odometry,05,image_0,001688,sequences/05/image_0/001688.png,175.8911,-133.3093,-2.476347,174.1484
KITTI_odometry,05,image_0,001689,sequences/05/image_0/001689.png,175.9954,-134.4431,-2.462008,174.0725
KITTI_odometry,05,image_0,001690,sequences/05/image_0/001690.png,176.0993,-135.5747,-2.450133,173.9964
KITTI_odometry,05,image_0,001691,sequences/05/image_0/001691.png,176.2034,-136.71,-2.437846,173.9239
KITTI_odometry,05,image_0,001692,sequences/05/image_0/001692.png,176.3076,-137.8472,-2.423048,173.8482
KITTI_odometry,05,image_0,001693,sequences/05/image_0/001693.png,176.4116,-138.9823,-2.408265,173.7749
KITTI_odometry,05,image_0,001694,sequences/05/image_0/001694.png,176.5157,-140.122,-2.39052,173.7057
KITTI_odometry,05,image_0,001695,sequences/05/image_0/001695.png,176.6198,-141.262,-2.3742,173.635
KITTI_odometry,05,image_0,001696,sequences/05/image_0/001696.png,176.7239,-142.3995,-2.361339,173.566
KITTI_odometry,05,image_0,001697,sequences/05/image_0/001697.png,176.828,-143.5357,-2.348108,173.4921
KITTI_odometry,05,image_0,001698,sequences/05/image_0/001698.png,176.9322,-144.6753,-2.334856,173.4155
KITTI_odometry,05,image_0,001699,sequences/05/image_0/001699.png,177.0362,-145.8162,-2.322625,173.3376
KITTI_odometry,05,image_0,001700,sequences/05/image_0/001700.png,177.1405,-146.9598,-2.307135,173.2599
KITTI_odometry,05,image_0,001701,sequences/05/image_0/001701.png,177.2445,-148.0934,-2.289416,173.189
KITTI_odometry,05,image_0,001702,sequences/05/image_0/001702.png,177.3486,-149.2316,-2.271249,173.1167
KITTI_odometry,05,image_0,001703,sequences/05/image_0/001703.png,177.4525,-150.3676,-2.254789,173.0442
KITTI_odometry,05,image_0,001704,sequences/05/image_0/001704.png,177.5569,-151.5066,-2.238994,172.9673
KITTI_odometry,05,image_0,001705,sequences/05/image_0/001705.png,177.6609,-152.6375,-2.223484,172.888
KITTI_odometry,05,image_0,001706,sequences/05/image_0/001706.png,177.7649,-153.7672,-2.206655,172.8079
KITTI_odometry,05,image_0,001707,sequences/05/image_0/001707.png,177.869,-154.9018,-2.189866,172.7283
KITTI_odometry,05,image_0,001708,sequences/05/image_0/001708.png,177.9736,-156.0426,-2.170747,172.6488
KITTI_odometry,05,image_0,001709,sequences/05/image_0/001709.png,178.0773,-157.1702,-2.146778,172.571
KITTI_odometry,05,image_0,001710,sequences/05/image_0/001710.png,178.1814,-158.2929,-2.124401,172.4947
KITTI_odometry,05,image_0,001711,sequences/05/image_0/001711.png,178.2855,-159.4032,-2.104432,172.4115
KITTI_odometry,05,image_0,001712,sequences/05/image_0/001712.png,178.3897,-160.5142,-2.092754,172.3299
KITTI_odometry,05,image_0,001713,sequences/05/image_0/001713.png,178.4938,-161.6322,-2.08328,172.2504
KITTI_odometry,05,image_0,001714,sequences/05/image_0/001714.png,178.598,-162.7528,-2.069616,172.1736
KITTI_odometry,05,image_0,001715,sequences/05/image_0/001715.png,178.7021,-163.8691,-2.048595,172.0977
KITTI_odometry,05,image_0,001716,sequences/05/image_0/001716.png,178.8062,-164.9749,-2.021386,172.0226
KITTI_odometry,05,image_0,001717,sequences/05/image_0/001717.png,178.9104,-166.0744,-1.995178,171.9453
KITTI_odometry,05,image_0,001718,sequences/05/image_0/001718.png,179.0145,-167.158,-1.975524,171.8752
KITTI_odometry,05,image_0,001719,sequences/05/image_0/001719.png,179.1184,-168.236,-1.96172,171.8032
KITTI_odometry,05,image_0,001720,sequences/05/image_0/001720.png,179.2227,-169.3203,-1.95041,171.7341
KITTI_odometry,05,image_0,001721,sequences/05/image_0/001721.png,179.3267,-170.4137,-1.929903,171.6631
KITTI_odometry,05,image_0,001722,sequences/05/image_0/001722.png,179.4308,-171.5024,-1.904604,171.597
KITTI_odometry,05,image_0,001723,sequences/05/image_0/001723.png,179.5348,-172.571,-1.869883,171.5208
KITTI_odometry,05,image_0,001724,sequences/05/image_0/001724.png,179.6389,-173.6221,-1.834797,171.4424
KITTI_odometry,05,image_0,001725,sequences/05/image_0/001725.png,179.7444,-174.6683,-1.814384,171.3599
KITTI_odometry,05,image_0,001726,sequences/05/image_0/001726.png,179.8472,-175.6844,-1.801522,171.2844
KITTI_odometry,05,image_0,001727,sequences/05/image_0/001727.png,179.9513,-176.7136,-1.792166,171.2081
KITTI_odometry,05,image_0,001728,sequences/05/image_0/001728.png,180.0555,-177.7464,-1.781877,171.1325
KITTI_odometry,05,image_0,001729,sequences/05/image_0/001729.png,180.1596,-178.7763,-1.764893,171.0553
KITTI_odometry,05,image_0,001730,sequences/05/image_0/001730.png,180.2637,-179.7942,-1.742396,170.9774
KITTI_odometry,05,image_0,001731,sequences/05/image_0/001731.png,180.3678,-180.8032,-1.714755,170.9033
KITTI_odometry,05,image_0,001732,sequences/05/image_0/001732.png,180.4719,-181.8002,-1.689522,170.8323
KITTI_odometry,05,image_0,001733,sequences/05/image_0/001733.png,180.576,-182.7927,-1.662413,170.7604
KITTI_odometry,05,image_0,001734,sequences/05/image_0/001734.png,180.6802,-183.7787,-1.641427,170.6878
KITTI_odometry,05,image_0,001735,sequences/05/image_0/001735.png,180.7843,-184.7507,-1.619494,170.6164
KITTI_odometry,05,image_0,001736,sequences/05/image_0/001736.png,180.8884,-185.728,-1.592277,170.5457
KITTI_odometry,05,image_0,001737,sequences/05/image_0/001737.png,180.9927,-186.7015,-1.571123,170.4758
KITTI_odometry,05,image_0,001738,sequences/05/image_0/001738.png,181.0972,-187.6684,-1.55135,170.4036
KITTI_odometry,05,image_0,001739,sequences/05/image_0/001739.png,181.2013,-188.6198,-1.529735,170.3337
KITTI_odometry,05,image_0,001740,sequences/05/image_0/001740.png,181.3051,-189.566,-1.512504,170.268
KITTI_odometry,05,image_0,001741,sequences/05/image_0/001741.png,181.4092,-190.5132,-1.500652,170.2009
KITTI_odometry,05,image_0,001742,sequences/05/image_0/001742.png,181.5133,-191.4543,-1.486176,170.1353
KITTI_odometry,05,image_0,001743,sequences/05/image_0/001743.png,181.6175,-192.3913,-1.471672,170.0706
KITTI_odometry,05,image_0,001744,sequences/05/image_0/001744.png,181.7215,-193.3147,-1.458562,170.0043
KITTI_odometry,05,image_0,001745,sequences/05/image_0/001745.png,181.8256,-194.2342,-1.444659,169.9311
KITTI_odometry,05,image_0,001746,sequences/05/image_0/001746.png,181.9297,-195.1499,-1.429746,169.8581
KITTI_odometry,05,image_0,001747,sequences/05/image_0/001747.png,182.0339,-196.0637,-1.416638,169.7845
KITTI_odometry,05,image_0,001748,sequences/05/image_0/001748.png,182.1378,-196.972,-1.404095,169.7012
KITTI_odometry,05,image_0,001749,sequences/05/image_0/001749.png,182.2418,-197.876,-1.386589,169.6264
KITTI_odometry,05,image_0,001750,sequences/05/image_0/001750.png,182.3459,-198.7775,-1.369749,169.55
KITTI_odometry,05,image_0,001751,sequences/05/image_0/001751.png,182.4501,-199.6695,-1.35767,169.4621
KITTI_odometry,05,image_0,001752,sequences/05/image_0/001752.png,182.554,-200.5524,-1.343237,169.3725
KITTI_odometry,05,image_0,001753,sequences/05/image_0/001753.png,182.6582,-201.4348,-1.329844,169.2791
KITTI_odometry,05,image_0,001754,sequences/05/image_0/001754.png,182.7623,-202.3167,-1.318833,169.1756
KITTI_odometry,05,image_0,001755,sequences/05/image_0/001755.png,182.8664,-203.199,-1.30568,169.0637
KITTI_odometry,05,image_0,001756,sequences/05/image_0/001756.png,182.9705,-204.0712,-1.291408,168.9457
KITTI_odometry,05,image_0,001757,sequences/05/image_0/001757.png,183.0747,-204.9337,-1.276326,168.8277
KITTI_odometry,05,image_0,001758,sequences/05/image_0/001758.png,183.1788,-205.787,-1.260867,168.703
KITTI_odometry,05,image_0,001759,sequences/05/image_0/001759.png,183.2831,-206.6345,-1.248153,168.5696
KITTI_odometry,05,image_0,001760,sequences/05/image_0/001760.png,183.3871,-207.48,-1.23653,168.4309
KITTI_odometry,05,image_0,001761,sequences/05/image_0/001761.png,183.4915,-208.3261,-1.224133,168.2904
KITTI_odometry,05,image_0,001762,sequences/05/image_0/001762.png,183.5959,-209.1657,-1.212351,168.1525
KITTI_odometry,05,image_0,001763,sequences/05/image_0/001763.png,183.7003,-210.0005,-1.198274,168.0172
KITTI_odometry,05,image_0,001764,sequences/05/image_0/001764.png,183.8045,-210.824,-1.182468,167.8817
KITTI_odometry,05,image_0,001765,sequences/05/image_0/001765.png,183.9087,-211.6465,-1.165081,167.7511
KITTI_odometry,05,image_0,001766,sequences/05/image_0/001766.png,184.0129,-212.4586,-1.152062,167.6175
KITTI_odometry,05,image_0,001767,sequences/05/image_0/001767.png,184.1174,-213.2583,-1.135705,167.4882
KITTI_odometry,05,image_0,001768,sequences/05/image_0/001768.png,184.2216,-214.0407,-1.119039,167.366
KITTI_odometry,05,image_0,001769,sequences/05/image_0/001769.png,184.3261,-214.8181,-1.100554,167.2539
KITTI_odometry,05,image_0,001770,sequences/05/image_0/001770.png,184.4303,-215.584,-1.086661,167.1555
KITTI_odometry,05,image_0,001771,sequences/05/image_0/001771.png,184.5347,-216.3418,-1.074794,167.0689
KITTI_odometry,05,image_0,001772,sequences/05/image_0/001772.png,184.639,-217.0893,-1.05795,167.0045
KITTI_odometry,05,image_0,001773,sequences/05/image_0/001773.png,184.7433,-217.8256,-1.043016,166.951
KITTI_odometry,05,image_0,001774,sequences/05/image_0/001774.png,184.8479,-218.5566,-1.029719,166.9062
KITTI_odometry,05,image_0,001775,sequences/05/image_0/001775.png,184.9519,-219.2715,-1.016114,166.8699
KITTI_odometry,05,image_0,001776,sequences/05/image_0/001776.png,185.0562,-219.9767,-1.002754,166.8401
KITTI_odometry,05,image_0,001777,sequences/05/image_0/001777.png,185.1604,-220.6711,-0.9893425,166.8244
KITTI_odometry,05,image_0,001778,sequences/05/image_0/001778.png,185.2648,-221.3566,-0.9764641,166.8185
KITTI_odometry,05,image_0,001779,sequences/05/image_0/001779.png,185.3691,-222.0306,-0.9644893,166.8264
KITTI_odometry,05,image_0,001780,sequences/05/image_0/001780.png,185.4734,-222.6959,-0.9525063,166.8429
KITTI_odometry,05,image_0,001781,sequences/05/image_0/001781.png,185.5777,-223.3488,-0.9394063,166.873
KITTI_odometry,05,image_0,001782,sequences/05/image_0/001782.png,185.6819,-223.989,-0.9272047,166.9129
KITTI_odometry,05,image_0,001783,sequences/05/image_0/001783.png,185.7862,-224.6154,-0.9172341,166.9629
KITTI_odometry,05,image_0,001784,sequences/05/image_0/001784.png,185.8904,-225.2279,-0.9093818,167.0217
KITTI_odometry,05,image_0,001785,sequences/05/image_0/001785.png,185.9946,-225.8246,-0.904408,167.0879
KITTI_odometry,05,image_0,001786,sequences/05/image_0/001786.png,186.0988,-226.4105,-0.8990499,167.1581
KITTI_odometry,05,image_0,001787,sequences/05/image_0/001787.png,186.203,-226.987,-0.8920368,167.24
KITTI_odometry,05,image_0,001788,sequences/05/image_0/001788.png,186.3072,-227.5501,-0.886366,167.3258
KITTI_odometry,05,image_0,001789,sequences/05/image_0/001789.png,186.4114,-228.1067,-0.8824469,167.4196
KITTI_odometry,05,image_0,001790,sequences/05/image_0/001790.png,186.5157,-228.648,-0.8786592,167.5134
KITTI_odometry,05,image_0,001791,sequences/05/image_0/001791.png,186.6198,-229.1782,-0.8725095,167.6088
KITTI_odometry,05,image_0,001792,sequences/05/image_0/001792.png,186.7239,-229.6917,-0.8650222,167.7123
KITTI_odometry,05,image_0,001793,sequences/05/image_0/001793.png,186.828,-230.1975,-0.8589438,167.818
KITTI_odometry,05,image_0,001794,sequences/05/image_0/001794.png,186.9322,-230.6927,-0.8530861,167.9201
KITTI_odometry,05,image_0,001795,sequences/05/image_0/001795.png,187.0361,-231.1791,-0.8469939,168.0181
KITTI_odometry,05,image_0,001796,sequences/05/image_0/001796.png,187.1403,-231.6567,-0.8401956,168.1067
KITTI_odometry,05,image_0,001797,sequences/05/image_0/001797.png,187.2443,-232.1216,-0.8314175,168.1921
KITTI_odometry,05,image_0,001798,sequences/05/image_0/001798.png,187.3483,-232.5785,-0.8239308,168.2729
KITTI_odometry,05,image_0,001799,sequences/05/image_0/001799.png,187.4523,-233.0235,-0.8165832,168.3457
KITTI_odometry,05,image_0,001800,sequences/05/image_0/001800.png,187.5562,-233.4536,-0.8087981,168.409
KITTI_odometry,05,image_0,001801,sequences/05/image_0/001801.png,187.6601,-233.8713,-0.8008611,168.4619
KITTI_odometry,05,image_0,001802,sequences/05/image_0/001802.png,187.7642,-234.277,-0.7921932,168.5029
KITTI_odometry,05,image_0,001803,sequences/05/image_0/001803.png,187.868,-234.6695,-0.7834473,168.5283
KITTI_odometry,05,image_0,001804,sequences/05/image_0/001804.png,187.972,-235.0558,-0.7754885,168.5472
KITTI_odometry,05,image_0,001805,sequences/05/image_0/001805.png,188.076,-235.4232,-0.768136,168.5506
KITTI_odometry,05,image_0,001806,sequences/05/image_0/001806.png,188.1799,-235.7868,-0.7590617,168.548
KITTI_odometry,05,image_0,001807,sequences/05/image_0/001807.png,188.2838,-236.1394,-0.7514887,168.5281
KITTI_odometry,05,image_0,001808,sequences/05/image_0/001808.png,188.3878,-236.4725,-0.7440649,168.4838
KITTI_odometry,05,image_0,001809,sequences/05/image_0/001809.png,188.4918,-236.8095,-0.7372334,168.4318
KITTI_odometry,05,image_0,001810,sequences/05/image_0/001810.png,188.5957,-237.1197,-0.7320402,168.357
KITTI_odometry,05,image_0,001811,sequences/05/image_0/001811.png,188.6997,-237.4375,-0.7269099,168.284
KITTI_odometry,05,image_0,001812,sequences/05/image_0/001812.png,188.8037,-237.7491,-0.7226217,168.2022
KITTI_odometry,05,image_0,001813,sequences/05/image_0/001813.png,188.9077,-238.0425,-0.7168135,168.0989
KITTI_odometry,05,image_0,001814,sequences/05/image_0/001814.png,189.0117,-238.3427,-0.7097837,167.9966
KITTI_odometry,05,image_0,001815,sequences/05/image_0/001815.png,189.1158,-238.6225,-0.7024117,167.871
KITTI_odometry,05,image_0,001816,sequences/05/image_0/001816.png,189.2199,-238.905,-0.695277,167.7408
KITTI_odometry,05,image_0,001817,sequences/05/image_0/001817.png,189.3241,-239.1742,-0.6900319,167.5987
KITTI_odometry,05,image_0,001818,sequences/05/image_0/001818.png,189.4283,-239.4235,-0.6865426,167.4391
KITTI_odometry,05,image_0,001819,sequences/05/image_0/001819.png,189.5324,-239.6802,-0.6821689,167.2813
KITTI_odometry,05,image_0,001820,sequences/05/image_0/001820.png,189.6365,-239.9216,-0.6712409,167.1106
KITTI_odometry,05,image_0,001821,sequences/05/image_0/001821.png,189.7406,-240.1679,-0.6646506,166.9481
KITTI_odometry,05,image_0,001822,sequences/05/image_0/001822.png,189.8448,-240.393,-0.659645,166.7739
KITTI_odometry,05,image_0,001823,sequences/05/image_0/001823.png,189.9489,-240.6151,-0.6509621,166.5946
KITTI_odometry,05,image_0,001824,sequences/05/image_0/001824.png,190.0532,-240.8365,-0.6382377,166.4063
KITTI_odometry,05,image_0,001825,sequences/05/image_0/001825.png,190.1575,-241.0523,-0.6232756,166.2067
KITTI_odometry,05,image_0,001826,sequences/05/image_0/001826.png,190.2617,-241.271,-0.6105303,166.0074
KITTI_odometry,05,image_0,001827,sequences/05/image_0/001827.png,190.3665,-241.484,-0.599605,165.8021
KITTI_odometry,05,image_0,001828,sequences/05/image_0/001828.png,190.4703,-241.699,-0.5934784,165.607
KITTI_odometry,05,image_0,001829,sequences/05/image_0/001829.png,190.5748,-241.9169,-0.5908746,165.4069
KITTI_odometry,05,image_0,001830,sequences/05/image_0/001830.png,190.6789,-242.1335,-0.5857004,165.2046
KITTI_odometry,05,image_0,001831,sequences/05/image_0/001831.png,190.7832,-242.3443,-0.5766151,164.9981
KITTI_odometry,05,image_0,001832,sequences/05/image_0/001832.png,190.8875,-242.5519,-0.5665866,164.7805
KITTI_odometry,05,image_0,001833,sequences/05/image_0/001833.png,190.9918,-242.7607,-0.5509374,164.5648
KITTI_odometry,05,image_0,001834,sequences/05/image_0/001834.png,191.0962,-242.9631,-0.5365056,164.334
KITTI_odometry,05,image_0,001835,sequences/05/image_0/001835.png,191.2002,-243.1681,-0.5242799,164.0969
KITTI_odometry,05,image_0,001836,sequences/05/image_0/001836.png,191.3044,-243.3732,-0.5147036,163.8464
KITTI_odometry,05,image_0,001837,sequences/05/image_0/001837.png,191.4088,-243.5713,-0.5052227,163.5855
KITTI_odometry,05,image_0,001838,sequences/05/image_0/001838.png,191.5127,-243.7699,-0.4953107,163.3199
KITTI_odometry,05,image_0,001839,sequences/05/image_0/001839.png,191.6169,-243.9566,-0.4851314,163.0411
KITTI_odometry,05,image_0,001840,sequences/05/image_0/001840.png,191.7231,-244.1465,-0.4736289,162.7476
KITTI_odometry,05,image_0,001841,sequences/05/image_0/001841.png,191.825,-244.312,-0.4621895,162.4453
KITTI_odometry,05,image_0,001842,sequences/05/image_0/001842.png,191.9296,-244.4907,-0.4514481,162.1322
KITTI_odometry,05,image_0,001843,sequences/05/image_0/001843.png,192.034,-244.6683,-0.4380076,161.8087
KITTI_odometry,05,image_0,001844,sequences/05/image_0/001844.png,192.1379,-244.8258,-0.4217408,161.4675
KITTI_odometry,05,image_0,001845,sequences/05/image_0/001845.png,192.2414,-244.9879,-0.4025791,161.1168
KITTI_odometry,05,image_0,001846,sequences/05/image_0/001846.png,192.3456,-245.1278,-0.3823338,160.7348
KITTI_odometry,05,image_0,001847,sequences/05/image_0/001847.png,192.4497,-245.2706,-0.3612924,160.3393
KITTI_odometry,05,image_0,001848,sequences/05/image_0/001848.png,192.5538,-245.4187,-0.3462077,159.9254
KITTI_odometry,05,image_0,001849,sequences/05/image_0/001849.png,192.6579,-245.5572,-0.3306834,159.4835
KITTI_odometry,05,image_0,001850,sequences/05/image_0/001850.png,192.7625,-245.696,-0.3150386,159.0286
KITTI_odometry,05,image_0,001851,sequences/05/image_0/001851.png,192.8663,-245.8151,-0.3006187,158.5517
KITTI_odometry,05,image_0,001852,sequences/05/image_0/001852.png,192.9707,-245.9384,-0.2852335,158.0533
KITTI_odometry,05,image_0,001853,sequences/05/image_0/001853.png,193.0751,-246.0638,-0.2685615,157.5327
KITTI_odometry,05,image_0,001854,sequences/05/image_0/001854.png,193.1795,-246.2,-0.2480926,156.9917
KITTI_odometry,05,image_0,001855,sequences/05/image_0/001855.png,193.2837,-246.3426,-0.2290965,156.4306
KITTI_odometry,05,image_0,001856,sequences/05/image_0/001856.png,193.388,-246.4823,-0.2083879,155.8415
KITTI_odometry,05,image_0,001857,sequences/05/image_0/001857.png,193.4922,-246.6139,-0.1903707,155.23
KITTI_odometry,05,image_0,001858,sequences/05/image_0/001858.png,193.5963,-246.7355,-0.1659753,154.5891
KITTI_odometry,05,image_0,001859,sequences/05/image_0/001859.png,193.7005,-246.853,-0.1389029,153.9159
KITTI_odometry,05,image_0,001860,sequences/05/image_0/001860.png,193.8048,-246.9677,-0.108872,153.2143
KITTI_odometry,05,image_0,001861,sequences/05/image_0/001861.png,193.9091,-247.075,-0.08501331,152.4803
KITTI_odometry,05,image_0,001862,sequences/05/image_0/001862.png,194.0133,-247.1762,-0.05578414,151.7237
KITTI_odometry,05,image_0,001863,sequences/05/image_0/001863.png,194.1175,-247.267,-0.02502766,150.9436
KITTI_odometry,05,image_0,001864,sequences/05/image_0/001864.png,194.2218,-247.3551,0.006672745,150.1413
KITTI_odometry,05,image_0,001865,sequences/05/image_0/001865.png,194.3262,-247.4407,0.03865681,149.3093
KITTI_odometry,05,image_0,001866,sequences/05/image_0/001866.png,194.4305,-247.5215,0.0718115,148.4519
KITTI_odometry,05,image_0,001867,sequences/05/image_0/001867.png,194.5349,-247.6008,0.1027961,147.5729
KITTI_odometry,05,image_0,001868,sequences/05/image_0/001868.png,194.6392,-247.6815,0.1344629,146.6712
KITTI_odometry,05,image_0,001869,sequences/05/image_0/001869.png,194.7435,-247.7634,0.1704041,145.7494
KITTI_odometry,05,image_0,001870,sequences/05/image_0/001870.png,194.8477,-247.8453,0.2055884,144.8041
KITTI_odometry,05,image_0,001871,sequences/05/image_0/001871.png,194.9521,-247.9304,0.2420599,143.8343
KITTI_odometry,05,image_0,001872,sequences/05/image_0/001872.png,195.0563,-248.018,0.2815153,142.8411
KITTI_odometry,05,image_0,001873,sequences/05/image_0/001873.png,195.1606,-248.1048,0.3208857,141.8238
KITTI_odometry,05,image_0,001874,sequences/05/image_0/001874.png,195.2648,-248.1925,0.3629577,140.7837
KITTI_odometry,05,image_0,001875,sequences/05/image_0/001875.png,195.369,-248.2772,0.4036542,139.7205
KITTI_odometry,05,image_0,001876,sequences/05/image_0/001876.png,195.4733,-248.3614,0.4450745,138.6355
KITTI_odometry,05,image_0,001877,sequences/05/image_0/001877.png,195.5775,-248.4434,0.4856777,137.5273
KITTI_odometry,05,image_0,001878,sequences/05/image_0/001878.png,195.6819,-248.5231,0.5232463,136.3895
KITTI_odometry,05,image_0,001879,sequences/05/image_0/001879.png,195.7861,-248.6041,0.5595817,135.2321
KITTI_odometry,05,image_0,001880,sequences/05/image_0/001880.png,195.8902,-248.6891,0.5985779,134.0542
KITTI_odometry,05,image_0,001881,sequences/05/image_0/001881.png,195.9944,-248.7732,0.6419872,132.8705
KITTI_odometry,05,image_0,001882,sequences/05/image_0/001882.png,196.0985,-248.8563,0.6871201,131.6857
KITTI_odometry,05,image_0,001883,sequences/05/image_0/001883.png,196.2028,-248.9393,0.7334063,130.508
KITTI_odometry,05,image_0,001884,sequences/05/image_0/001884.png,196.307,-249.0158,0.7775391,129.3357
KITTI_odometry,05,image_0,001885,sequences/05/image_0/001885.png,196.4112,-249.0873,0.8166562,128.1648
KITTI_odometry,05,image_0,001886,sequences/05/image_0/001886.png,196.5154,-249.1564,0.8564476,126.9897
KITTI_odometry,05,image_0,001887,sequences/05/image_0/001887.png,196.6195,-249.2184,0.8958454,125.8149
KITTI_odometry,05,image_0,001888,sequences/05/image_0/001888.png,196.7237,-249.2779,0.939707,124.6419
KITTI_odometry,05,image_0,001889,sequences/05/image_0/001889.png,196.828,-249.3389,0.986567,123.4622
KITTI_odometry,05,image_0,001890,sequences/05/image_0/001890.png,196.932,-249.3978,1.029505,122.2863
KITTI_odometry,05,image_0,001891,sequences/05/image_0/001891.png,197.0363,-249.4573,1.073562,121.109
KITTI_odometry,05,image_0,001892,sequences/05/image_0/001892.png,197.1405,-249.5133,1.116077,119.9316
KITTI_odometry,05,image_0,001893,sequences/05/image_0/001893.png,197.2448,-249.5652,1.158347,118.755
KITTI_odometry,05,image_0,001894,sequences/05/image_0/001894.png,197.3488,-249.6122,1.200686,117.5798
KITTI_odometry,05,image_0,001895,sequences/05/image_0/001895.png,197.4531,-249.6546,1.243901,116.4065
KITTI_odometry,05,image_0,001896,sequences/05/image_0/001896.png,197.5572,-249.6974,1.287102,115.2382
KITTI_odometry,05,image_0,001897,sequences/05/image_0/001897.png,197.6615,-249.7381,1.332002,114.068
KITTI_odometry,05,image_0,001898,sequences/05/image_0/001898.png,197.7656,-249.7789,1.374204,112.9055
KITTI_odometry,05,image_0,001899,sequences/05/image_0/001899.png,197.8698,-249.8202,1.417276,111.7419
KITTI_odometry,05,image_0,001900,sequences/05/image_0/001900.png,197.9739,-249.8613,1.459159,110.5835
KITTI_odometry,05,image_0,001901,sequences/05/image_0/001901.png,198.0781,-249.9023,1.500434,109.4248
KITTI_odometry,05,image_0,001902,sequences/05/image_0/001902.png,198.1822,-249.9433,1.543852,108.2684
KITTI_odometry,05,image_0,001903,sequences/05/image_0/001903.png,198.2864,-249.9793,1.58768,107.1143
KITTI_odometry,05,image_0,001904,sequences/05/image_0/001904.png,198.3904,-250.0131,1.631849,105.9629
KITTI_odometry,05,image_0,001905,sequences/05/image_0/001905.png,198.4945,-250.0448,1.676822,104.815
KITTI_odometry,05,image_0,001906,sequences/05/image_0/001906.png,198.5987,-250.0737,1.718794,103.6695
KITTI_odometry,05,image_0,001907,sequences/05/image_0/001907.png,198.7028,-250.1003,1.761959,102.5248
KITTI_odometry,05,image_0,001908,sequences/05/image_0/001908.png,198.8069,-250.1253,1.804161,101.3868
KITTI_odometry,05,image_0,001909,sequences/05/image_0/001909.png,198.911,-250.1481,1.843847,100.2511
KITTI_odometry,05,image_0,001910,sequences/05/image_0/001910.png,199.015,-250.1691,1.88255,99.11866
KITTI_odometry,05,image_0,001911,sequences/05/image_0/001911.png,199.1192,-250.1893,1.92228,97.98601
KITTI_odometry,05,image_0,001912,sequences/05/image_0/001912.png,199.2233,-250.2072,1.959653,96.85531
KITTI_odometry,05,image_0,001913,sequences/05/image_0/001913.png,199.3275,-250.2252,1.999499,95.72318
KITTI_odometry,05,image_0,001914,sequences/05/image_0/001914.png,199.4318,-250.244,2.039049,94.59878
KITTI_odometry,05,image_0,001915,sequences/05/image_0/001915.png,199.5357,-250.264,2.077975,93.48269
KITTI_odometry,05,image_0,001916,sequences/05/image_0/001916.png,199.6399,-250.2833,2.11406,92.36877
KITTI_odometry,05,image_0,001917,sequences/05/image_0/001917.png,199.744,-250.3056,2.147887,91.25917
KITTI_odometry,05,image_0,001918,sequences/05/image_0/001918.png,199.8482,-250.3296,2.179142,90.14576
KITTI_odometry,05,image_0,001919,sequences/05/image_0/001919.png,199.9525,-250.3622,2.212074,89.03749
KITTI_odometry,05,image_0,001920,sequences/05/image_0/001920.png,200.0568,-250.4001,2.245753,87.93668
KITTI_odometry,05,image_0,001921,sequences/05/image_0/001921.png,200.1609,-250.4481,2.278946,86.83995
KITTI_odometry,05,image_0,001922,sequences/05/image_0/001922.png,200.265,-250.4984,2.312027,85.74277
KITTI_odometry,05,image_0,001923,sequences/05/image_0/001923.png,200.3692,-250.5497,2.348702,84.64524
KITTI_odometry,05,image_0,001924,sequences/05/image_0/001924.png,200.4733,-250.5976,2.388874,83.54718
KITTI_odometry,05,image_0,001925,sequences/05/image_0/001925.png,200.5774,-250.6416,2.434553,82.44945
KITTI_odometry,05,image_0,001926,sequences/05/image_0/001926.png,200.6816,-250.6902,2.482656,81.35667
KITTI_odometry,05,image_0,001927,sequences/05/image_0/001927.png,200.7857,-250.7343,2.530906,80.27234
KITTI_odometry,05,image_0,001928,sequences/05/image_0/001928.png,200.8898,-250.7859,2.575919,79.18868
KITTI_odometry,05,image_0,001929,sequences/05/image_0/001929.png,200.9939,-250.847,2.617494,78.1038
KITTI_odometry,05,image_0,001930,sequences/05/image_0/001930.png,201.098,-250.9057,2.65992,77.01311
KITTI_odometry,05,image_0,001931,sequences/05/image_0/001931.png,201.2023,-250.9642,2.700125,75.91871
KITTI_odometry,05,image_0,001932,sequences/05/image_0/001932.png,201.3064,-251.0203,2.74224,74.82449
KITTI_odometry,05,image_0,001933,sequences/05/image_0/001933.png,201.4106,-251.0737,2.790144,73.72705
KITTI_odometry,05,image_0,001934,sequences/05/image_0/001934.png,201.5147,-251.1257,2.836662,72.63674
KITTI_odometry,05,image_0,001935,sequences/05/image_0/001935.png,201.6189,-251.1812,2.887503,71.54963
KITTI_odometry,05,image_0,001936,sequences/05/image_0/001936.png,201.7233,-251.2376,2.93557,70.4648
KITTI_odometry,05,image_0,001937,sequences/05/image_0/001937.png,201.8272,-251.2974,2.98287,69.3806
KITTI_odometry,05,image_0,001938,sequences/05/image_0/001938.png,201.9313,-251.3532,3.027809,68.29941
KITTI_odometry,05,image_0,001939,sequences/05/image_0/001939.png,202.0355,-251.4065,3.073084,67.22089
KITTI_odometry,05,image_0,001940,sequences/05/image_0/001940.png,202.1396,-251.4574,3.116928,66.14286
KITTI_odometry,05,image_0,001941,sequences/05/image_0/001941.png,202.2438,-251.5044,3.160878,65.06813
KITTI_odometry,05,image_0,001942,sequences/05/image_0/001942.png,202.3479,-251.5491,3.206256,63.99155
KITTI_odometry,05,image_0,001943,sequences/05/image_0/001943.png,202.4521,-251.5927,3.251783,62.9207
KITTI_odometry,05,image_0,001944,sequences/05/image_0/001944.png,202.5562,-251.6351,3.296922,61.85252
KITTI_odometry,05,image_0,001945,sequences/05/image_0/001945.png,202.6604,-251.6749,3.342394,60.7869
KITTI_odometry,05,image_0,001946,sequences/05/image_0/001946.png,202.7646,-251.7122,3.385498,59.72549
KITTI_odometry,05,image_0,001947,sequences/05/image_0/001947.png,202.8687,-251.7477,3.426715,58.66186
KITTI_odometry,05,image_0,001948,sequences/05/image_0/001948.png,202.9729,-251.7821,3.465372,57.60151
KITTI_odometry,05,image_0,001949,sequences/05/image_0/001949.png,203.0771,-251.8135,3.507027,56.5465
KITTI_odometry,05,image_0,001950,sequences/05/image_0/001950.png,203.1813,-251.8453,3.548046,55.48984
KITTI_odometry,05,image_0,001951,sequences/05/image_0/001951.png,203.2855,-251.8762,3.588934,54.43875
KITTI_odometry,05,image_0,001952,sequences/05/image_0/001952.png,203.3897,-251.9056,3.63212,53.38734
KITTI_odometry,05,image_0,001953,sequences/05/image_0/001953.png,203.4938,-251.9359,3.673762,52.34366
KITTI_odometry,05,image_0,001954,sequences/05/image_0/001954.png,203.5981,-251.9668,3.715463,51.29772
KITTI_odometry,05,image_0,001955,sequences/05/image_0/001955.png,203.7022,-251.9987,3.756318,50.25774
KITTI_odometry,05,image_0,001956,sequences/05/image_0/001956.png,203.8065,-252.0309,3.79655,49.22008
KITTI_odometry,05,image_0,001957,sequences/05/image_0/001957.png,203.9107,-252.0653,3.837981,48.18245
KITTI_odometry,05,image_0,001958,sequences/05/image_0/001958.png,204.015,-252.1023,3.879003,47.147
KITTI_odometry,05,image_0,001959,sequences/05/image_0/001959.png,204.1192,-252.144,3.921326,46.11671
KITTI_odometry,05,image_0,001960,sequences/05/image_0/001960.png,204.2234,-252.1878,3.963638,45.09288
KITTI_odometry,05,image_0,001961,sequences/05/image_0/001961.png,204.3277,-252.2349,4.004914,44.063
KITTI_odometry,05,image_0,001962,sequences/05/image_0/001962.png,204.4319,-252.2851,4.046284,43.03916
KITTI_odometry,05,image_0,001963,sequences/05/image_0/001963.png,204.5362,-252.3375,4.086177,42.01855
KITTI_odometry,05,image_0,001964,sequences/05/image_0/001964.png,204.6405,-252.391,4.125653,41.00164
KITTI_odometry,05,image_0,001965,sequences/05/image_0/001965.png,204.7447,-252.4478,4.164157,39.98803
KITTI_odometry,05,image_0,001966,sequences/05/image_0/001966.png,204.8488,-252.5055,4.203496,38.9732
KITTI_odometry,05,image_0,001967,sequences/05/image_0/001967.png,204.953,-252.5653,4.241031,37.96223
KITTI_odometry,05,image_0,001968,sequences/05/image_0/001968.png,205.0571,-252.6254,4.278741,36.95639
KITTI_odometry,05,image_0,001969,sequences/05/image_0/001969.png,205.1612,-252.6885,4.313927,35.9533
KITTI_odometry,05,image_0,001970,sequences/05/image_0/001970.png,205.2653,-252.7498,4.352801,34.95497
KITTI_odometry,05,image_0,001971,sequences/05/image_0/001971.png,205.3694,-252.8107,4.392094,33.95482
KITTI_odometry,05,image_0,001972,sequences/05/image_0/001972.png,205.4736,-252.8716,4.430341,32.95905
KITTI_odometry,05,image_0,001973,sequences/05/image_0/001973.png,205.5777,-252.9301,4.468067,31.96578
KITTI_odometry,05,image_0,001974,sequences/05/image_0/001974.png,205.6817,-252.9844,4.504925,30.97807
KITTI_odometry,05,image_0,001975,sequences/05/image_0/001975.png,205.7857,-253.0304,4.541451,29.99395
KITTI_odometry,05,image_0,001976,sequences/05/image_0/001976.png,205.8897,-253.0691,4.577433,29.00968
KITTI_odometry,05,image_0,001977,sequences/05/image_0/001977.png,205.9937,-253.0976,4.612032,28.02895
KITTI_odometry,05,image_0,001978,sequences/05/image_0/001978.png,206.0977,-253.1145,4.646341,27.04982
KITTI_odometry,05,image_0,001979,sequences/05/image_0/001979.png,206.2018,-253.1216,4.680418,26.07376
KITTI_odometry,05,image_0,001980,sequences/05/image_0/001980.png,206.3058,-253.1163,4.716997,25.10115
KITTI_odometry,05,image_0,001981,sequences/05/image_0/001981.png,206.4097,-253.1022,4.753821,24.1304
KITTI_odometry,05,image_0,001982,sequences/05/image_0/001982.png,206.5137,-253.0788,4.788928,23.16709
KITTI_odometry,05,image_0,001983,sequences/05/image_0/001983.png,206.6179,-253.0411,4.82344,22.20336
KITTI_odometry,05,image_0,001984,sequences/05/image_0/001984.png,206.7221,-252.9925,4.860664,21.24133
KITTI_odometry,05,image_0,001985,sequences/05/image_0/001985.png,206.8258,-252.9274,4.897579,20.28205
KITTI_odometry,05,image_0,001986,sequences/05/image_0/001986.png,206.9298,-252.8481,4.933245,19.32422
KITTI_odometry,05,image_0,001987,sequences/05/image_0/001987.png,207.0336,-252.7503,4.970231,18.37471
KITTI_odometry,05,image_0,001988,sequences/05/image_0/001988.png,207.1376,-252.628,5.006666,17.4262
KITTI_odometry,05,image_0,001989,sequences/05/image_0/001989.png,207.2416,-252.488,5.042073,16.48091
KITTI_odometry,05,image_0,001990,sequences/05/image_0/001990.png,207.3456,-252.3224,5.079397,15.53465
KITTI_odometry,05,image_0,001991,sequences/05/image_0/001991.png,207.4497,-252.1417,5.115032,14.59081
KITTI_odometry,05,image_0,001992,sequences/05/image_0/001992.png,207.5537,-251.9437,5.15079,13.65046
KITTI_odometry,05,image_0,001993,sequences/05/image_0/001993.png,207.6576,-251.717,5.186491,12.71269
KITTI_odometry,05,image_0,001994,sequences/05/image_0/001994.png,207.7616,-251.476,5.219589,11.77835
KITTI_odometry,05,image_0,001995,sequences/05/image_0/001995.png,207.8656,-251.2062,5.24993,10.84625
KITTI_odometry,05,image_0,001996,sequences/05/image_0/001996.png,207.9695,-250.9196,5.281337,9.917723
KITTI_odometry,05,image_0,001997,sequences/05/image_0/001997.png,208.0736,-250.6095,5.310708,8.989691
KITTI_odometry,05,image_0,001998,sequences/05/image_0/001998.png,208.1776,-250.2693,5.338465,8.064427
KITTI_odometry,05,image_0,001999,sequences/05/image_0/001999.png,208.2816,-249.9109,5.369207,7.145792
KITTI_odometry,05,image_0,002000,sequences/05/image_0/002000.png,208.3857,-249.5229,5.400639,6.226439
KITTI_odometry,05,image_0,002001,sequences/05/image_0/002001.png,208.4897,-249.1194,5.433542,5.314832
KITTI_odometry,05,image_0,002002,sequences/05/image_0/002002.png,208.5937,-248.6906,5.465713,4.411448
KITTI_odometry,05,image_0,002003,sequences/05/image_0/002003.png,208.698,-248.2273,5.501097,3.510403
KITTI_odometry,05,image_0,002004,sequences/05/image_0/002004.png,208.8022,-247.746,5.534324,2.616861
KITTI_odometry,05,image_0,002005,sequences/05/image_0/002005.png,208.9058,-247.2381,5.564578,1.732723
KITTI_odometry,05,image_0,002006,sequences/05/image_0/002006.png,209.0102,-246.7137,5.59824,0.8535689
KITTI_odometry,05,image_0,002007,sequences/05/image_0/002007.png,209.1141,-246.1661,5.63163,-0.01796892
KITTI_odometry,05,image_0,002008,sequences/05/image_0/002008.png,209.2182,-245.6007,5.655536,-0.8863481
KITTI_odometry,05,image_0,002009,sequences/05/image_0/002009.png,209.3224,-245.0122,5.677791,-1.755502
KITTI_odometry,05,image_0,002010,sequences/05/image_0/002010.png,209.4266,-244.4063,5.699836,-2.619939
KITTI_odometry,05,image_0,002011,sequences/05/image_0/002011.png,209.5312,-243.7822,5.721996,-3.482793
KITTI_odometry,05,image_0,002012,sequences/05/image_0/002012.png,209.6352,-243.1481,5.74405,-4.341979
KITTI_odometry,05,image_0,002013,sequences/05/image_0/002013.png,209.7394,-242.507,5.765582,-5.201607
KITTI_odometry,05,image_0,002014,sequences/05/image_0/002014.png,209.8437,-241.8568,5.78441,-6.066389
KITTI_odometry,05,image_0,002015,sequences/05/image_0/002015.png,209.9479,-241.2026,5.801983,-6.934215
KITTI_odometry,05,image_0,002016,sequences/05/image_0/002016.png,210.0522,-240.5437,5.816429,-7.805212
KITTI_odometry,05,image_0,002017,sequences/05/image_0/002017.png,210.1567,-239.8756,5.831215,-8.680885
KITTI_odometry,05,image_0,002018,sequences/05/image_0/002018.png,210.2607,-239.2054,5.844869,-9.558654
KITTI_odometry,05,image_0,002019,sequences/05/image_0/002019.png,210.3648,-238.5276,5.859514,-10.44142
KITTI_odometry,05,image_0,002020,sequences/05/image_0/002020.png,210.4691,-237.8462,5.873132,-11.32743
KITTI_odometry,05,image_0,002021,sequences/05/image_0/002021.png,210.5749,-237.154,5.887034,-12.22912
KITTI_odometry,05,image_0,002022,sequences/05/image_0/002022.png,210.6775,-236.4829,5.900348,-13.10267
KITTI_odometry,05,image_0,002023,sequences/05/image_0/002023.png,210.7817,-235.8081,5.913428,-13.98867
KITTI_odometry,05,image_0,002024,sequences/05/image_0/002024.png,210.886,-235.1307,5.925277,-14.88366
KITTI_odometry,05,image_0,002025,sequences/05/image_0/002025.png,210.9901,-234.463,5.93575,-15.77832
KITTI_odometry,05,image_0,002026,sequences/05/image_0/002026.png,211.0944,-233.8031,5.946317,-16.67718
KITTI_odometry,05,image_0,002027,sequences/05/image_0/002027.png,211.1987,-233.1506,5.959005,-17.58017
KITTI_odometry,05,image_0,002028,sequences/05/image_0/002028.png,211.3027,-232.5087,5.971457,-18.48187
KITTI_odometry,05,image_0,002029,sequences/05/image_0/002029.png,211.4069,-231.8742,5.985208,-19.38812
KITTI_odometry,05,image_0,002030,sequences/05/image_0/002030.png,211.5112,-231.2485,5.99985,-20.29765
KITTI_odometry,05,image_0,002031,sequences/05/image_0/002031.png,211.6153,-230.6317,6.016131,-21.2116
KITTI_odometry,05,image_0,002032,sequences/05/image_0/002032.png,211.7196,-230.0287,6.032159,-22.12786
KITTI_odometry,05,image_0,002033,sequences/05/image_0/002033.png,211.8239,-229.4332,6.048744,-23.05228
KITTI_odometry,05,image_0,002034,sequences/05/image_0/002034.png,211.9279,-228.8502,6.066954,-23.97314
KITTI_odometry,05,image_0,002035,sequences/05/image_0/002035.png,212.0319,-228.2725,6.086688,-24.89484
KITTI_odometry,05,image_0,002036,sequences/05/image_0/002036.png,212.1361,-227.6946,6.106457,-25.8155
KITTI_odometry,05,image_0,002037,sequences/05/image_0/002037.png,212.2401,-227.1205,6.12393,-26.73151
KITTI_odometry,05,image_0,002038,sequences/05/image_0/002038.png,212.3442,-226.548,6.142417,-27.64633
KITTI_odometry,05,image_0,002039,sequences/05/image_0/002039.png,212.4484,-225.9806,6.161219,-28.55785
KITTI_odometry,05,image_0,002040,sequences/05/image_0/002040.png,212.5524,-225.4202,6.177865,-29.46682
KITTI_odometry,05,image_0,002041,sequences/05/image_0/002041.png,212.6564,-224.8626,6.194842,-30.37398
KITTI_odometry,05,image_0,002042,sequences/05/image_0/002042.png,212.7604,-224.3086,6.213071,-31.27582
KITTI_odometry,05,image_0,002043,sequences/05/image_0/002043.png,212.8646,-223.7566,6.230095,-32.17526
KITTI_odometry,05,image_0,002044,sequences/05/image_0/002044.png,212.9686,-223.2068,6.24745,-33.06925
KITTI_odometry,05,image_0,002045,sequences/05/image_0/002045.png,213.0727,-222.6579,6.265007,-33.96277
KITTI_odometry,05,image_0,002046,sequences/05/image_0/002046.png,213.1768,-222.1135,6.283262,-34.85288
KITTI_odometry,05,image_0,002047,sequences/05/image_0/002047.png,213.2808,-221.5747,6.300099,-35.73435
KITTI_odometry,05,image_0,002048,sequences/05/image_0/002048.png,213.3849,-221.0365,6.315815,-36.61568
KITTI_odometry,05,image_0,002049,sequences/05/image_0/002049.png,213.489,-220.503,6.332407,-37.48779
KITTI_odometry,05,image_0,002050,sequences/05/image_0/002050.png,213.5931,-219.9744,6.349833,-38.34971
KITTI_odometry,05,image_0,002051,sequences/05/image_0/002051.png,213.6971,-219.454,6.366844,-39.19493
KITTI_odometry,05,image_0,002052,sequences/05/image_0/002052.png,213.8011,-218.9456,6.385013,-40.02
KITTI_odometry,05,image_0,002053,sequences/05/image_0/002053.png,213.9051,-218.444,6.403188,-40.8216
KITTI_odometry,05,image_0,002054,sequences/05/image_0/002054.png,214.0091,-217.9538,6.41827,-41.60042
KITTI_odometry,05,image_0,002055,sequences/05/image_0/002055.png,214.1131,-217.4737,6.43124,-42.35038
KITTI_odometry,05,image_0,002056,sequences/05/image_0/002056.png,214.2171,-217.0021,6.443372,-43.07506
KITTI_odometry,05,image_0,002057,sequences/05/image_0/002057.png,214.3211,-216.5389,6.455728,-43.7746
KITTI_odometry,05,image_0,002058,sequences/05/image_0/002058.png,214.4252,-216.0818,6.466055,-44.4499
KITTI_odometry,05,image_0,002059,sequences/05/image_0/002059.png,214.5292,-215.6341,6.475687,-45.0963
KITTI_odometry,05,image_0,002060,sequences/05/image_0/002060.png,214.6332,-215.2018,6.485621,-45.71612
KITTI_odometry,05,image_0,002061,sequences/05/image_0/002061.png,214.7374,-214.7782,6.49547,-46.31022
KITTI_odometry,05,image_0,002062,sequences/05/image_0/002062.png,214.8413,-214.3684,6.50462,-46.87839
KITTI_odometry,05,image_0,002063,sequences/05/image_0/002063.png,214.9455,-213.9679,6.513314,-47.42424
KITTI_odometry,05,image_0,002064,sequences/05/image_0/002064.png,215.0525,-213.5699,6.521274,-47.96337
KITTI_odometry,05,image_0,002065,sequences/05/image_0/002065.png,215.1537,-213.2027,6.528158,-48.45302
KITTI_odometry,05,image_0,002066,sequences/05/image_0/002066.png,215.2578,-212.8329,6.535653,-48.93873
KITTI_odometry,05,image_0,002067,sequences/05/image_0/002067.png,215.3622,-212.4698,6.543111,-49.4066
KITTI_odometry,05,image_0,002068,sequences/05/image_0/002068.png,215.4662,-212.1122,6.55006,-49.855
KITTI_odometry,05,image_0,002069,sequences/05/image_0/002069.png,215.5701,-211.7578,6.557332,-50.28632
KITTI_odometry,05,image_0,002070,sequences/05/image_0/002070.png,215.674,-211.4027,6.563935,-50.70357
KITTI_odometry,05,image_0,002071,sequences/05/image_0/002071.png,215.7782,-211.0501,6.566205,-51.10351
KITTI_odometry,05,image_0,002072,sequences/05/image_0/002072.png,215.8822,-210.6995,6.568704,-51.49244
KITTI_odometry,05,image_0,002073,sequences/05/image_0/002073.png,215.9862,-210.3503,6.571368,-51.86665
KITTI_odometry,05,image_0,002074,sequences/05/image_0/002074.png,216.0903,-210.0072,6.572852,-52.22392
KITTI_odometry,05,image_0,002075,sequences/05/image_0/002075.png,216.1949,-209.6638,6.571371,-52.56511
KITTI_odometry,05,image_0,002076,sequences/05/image_0/002076.png,216.2983,-209.329,6.567908,-52.88218
KITTI_odometry,05,image_0,002077,sequences/05/image_0/002077.png,216.4024,-208.9962,6.565456,-53.18249
KITTI_odometry,05,image_0,002078,sequences/05/image_0/002078.png,216.5064,-208.6629,6.563325,-53.45948
KITTI_odometry,05,image_0,002079,sequences/05/image_0/002079.png,216.6103,-208.3421,6.561582,-53.71281
KITTI_odometry,05,image_0,002080,sequences/05/image_0/002080.png,216.7144,-208.0232,6.554483,-53.93803
KITTI_odometry,05,image_0,002081,sequences/05/image_0/002081.png,216.8184,-207.7233,6.547898,-54.13833
KITTI_odometry,05,image_0,002082,sequences/05/image_0/002082.png,216.9231,-207.4339,6.541905,-54.31481
KITTI_odometry,05,image_0,002083,sequences/05/image_0/002083.png,217.0266,-207.1595,6.536224,-54.47024
KITTI_odometry,05,image_0,002084,sequences/05/image_0/002084.png,217.1307,-206.9009,6.531964,-54.61405
KITTI_odometry,05,image_0,002085,sequences/05/image_0/002085.png,217.2348,-206.6392,6.524111,-54.75077
KITTI_odometry,05,image_0,002086,sequences/05/image_0/002086.png,217.339,-206.3805,6.516998,-54.88102
KITTI_odometry,05,image_0,002087,sequences/05/image_0/002087.png,217.4431,-206.119,6.512863,-55.00359
KITTI_odometry,05,image_0,002088,sequences/05/image_0/002088.png,217.5472,-205.8467,6.507652,-55.11241
KITTI_odometry,05,image_0,002089,sequences/05/image_0/002089.png,217.6514,-205.5811,6.502122,-55.20882
KITTI_odometry,05,image_0,002090,sequences/05/image_0/002090.png,217.7555,-205.3094,6.495054,-55.29491
KITTI_odometry,05,image_0,002091,sequences/05/image_0/002091.png,217.8596,-205.0465,6.489143,-55.37685
KITTI_odometry,05,image_0,002092,sequences/05/image_0/002092.png,217.9637,-204.7845,6.482039,-55.45099
KITTI_odometry,05,image_0,002093,sequences/05/image_0/002093.png,218.0679,-204.5113,6.471127,-55.5142
KITTI_odometry,05,image_0,002094,sequences/05/image_0/002094.png,218.172,-204.2383,6.460492,-55.57213
KITTI_odometry,05,image_0,002095,sequences/05/image_0/002095.png,218.2761,-203.9476,6.451432,-55.62424
KITTI_odometry,05,image_0,002096,sequences/05/image_0/002096.png,218.3802,-203.6539,6.442325,-55.67591
KITTI_odometry,05,image_0,002097,sequences/05/image_0/002097.png,218.4843,-203.3404,6.429446,-55.72001
KITTI_odometry,05,image_0,002098,sequences/05/image_0/002098.png,218.5885,-203.0228,6.415913,-55.75907
KITTI_odometry,05,image_0,002099,sequences/05/image_0/002099.png,218.6926,-202.6932,6.402192,-55.79096
KITTI_odometry,05,image_0,002100,sequences/05/image_0/002100.png,218.7967,-202.3437,6.391656,-55.81263
KITTI_odometry,05,image_0,002101,sequences/05/image_0/002101.png,218.9008,-201.9903,6.380116,-55.82997
KITTI_odometry,05,image_0,002102,sequences/05/image_0/002102.png,219.0049,-201.6126,6.366487,-55.83354
KITTI_odometry,05,image_0,002103,sequences/05/image_0/002103.png,219.109,-201.23,6.351614,-55.8319
KITTI_odometry,05,image_0,002104,sequences/05/image_0/002104.png,219.2131,-200.8309,6.33586,-55.81188
KITTI_odometry,05,image_0,002105,sequences/05/image_0/002105.png,219.3173,-200.4046,6.320815,-55.77561
KITTI_odometry,05,image_0,002106,sequences/05/image_0/002106.png,219.4214,-199.9669,6.306043,-55.72791
KITTI_odometry,05,image_0,002107,sequences/05/image_0/002107.png,219.5256,-199.5014,6.290395,-55.66825
KITTI_odometry,05,image_0,002108,sequences/05/image_0/002108.png,219.6297,-199.0221,6.274124,-55.59858
KITTI_odometry,05,image_0,002109,sequences/05/image_0/002109.png,219.7355,-198.5118,6.257745,-55.5157
KITTI_odometry,05,image_0,002110,sequences/05/image_0/002110.png,219.8381,-197.9991,6.241763,-55.42175
KITTI_odometry,05,image_0,002111,sequences/05/image_0/002111.png,219.9424,-197.4592,6.226768,-55.30993
KITTI_odometry,05,image_0,002112,sequences/05/image_0/002112.png,220.0466,-196.8963,6.21268,-55.17799
KITTI_odometry,05,image_0,002113,sequences/05/image_0/002113.png,220.1514,-196.3171,6.198,-55.02812
KITTI_odometry,05,image_0,002114,sequences/05/image_0/002114.png,220.2551,-195.7191,6.184175,-54.85966
KITTI_odometry,05,image_0,002115,sequences/05/image_0/002115.png,220.3592,-195.1012,6.167599,-54.67531
KITTI_odometry,05,image_0,002116,sequences/05/image_0/002116.png,220.4635,-194.4653,6.149182,-54.46763
KITTI_odometry,05,image_0,002117,sequences/05/image_0/002117.png,220.5676,-193.8069,6.133914,-54.23745
KITTI_odometry,05,image_0,002118,sequences/05/image_0/002118.png,220.6717,-193.1445,6.119265,-53.98002
KITTI_odometry,05,image_0,002119,sequences/05/image_0/002119.png,220.7758,-192.4691,6.103204,-53.69855
KITTI_odometry,05,image_0,002120,sequences/05/image_0/002120.png,220.8802,-191.7846,6.08687,-53.38917
KITTI_odometry,05,image_0,002121,sequences/05/image_0/002121.png,220.9842,-191.0895,6.071799,-53.05956
KITTI_odometry,05,image_0,002122,sequences/05/image_0/002122.png,221.0885,-190.3911,6.049869,-52.69364
KITTI_odometry,05,image_0,002123,sequences/05/image_0/002123.png,221.1927,-189.682,6.021925,-52.29508
KITTI_odometry,05,image_0,002124,sequences/05/image_0/002124.png,221.2969,-188.9595,5.991475,-51.87066
KITTI_odometry,05,image_0,002125,sequences/05/image_0/002125.png,221.4014,-188.2304,5.960013,-51.42014
KITTI_odometry,05,image_0,002126,sequences/05/image_0/002126.png,221.5057,-187.4933,5.928955,-50.94992
KITTI_odometry,05,image_0,002127,sequences/05/image_0/002127.png,221.6101,-186.7483,5.898615,-50.45759
KITTI_odometry,05,image_0,002128,sequences/05/image_0/002128.png,221.7144,-185.9944,5.86996,-49.94782
KITTI_odometry,05,image_0,002129,sequences/05/image_0/002129.png,221.8188,-185.2271,5.839552,-49.42089
KITTI_odometry,05,image_0,002130,sequences/05/image_0/002130.png,221.9233,-184.4468,5.80763,-48.88224
KITTI_odometry,05,image_0,002131,sequences/05/image_0/002131.png,222.0277,-183.653,5.77602,-48.33677
KITTI_odometry,05,image_0,002132,sequences/05/image_0/002132.png,222.1322,-182.8493,5.74214,-47.7881
KITTI_odometry,05,image_0,002133,sequences/05/image_0/002133.png,222.2412,-181.997,5.70842,-47.21172
KITTI_odometry,05,image_0,002134,sequences/05/image_0/002134.png,222.341,-181.2032,5.67605,-46.67761
KITTI_odometry,05,image_0,002135,sequences/05/image_0/002135.png,222.4452,-180.3603,5.639582,-46.112
KITTI_odometry,05,image_0,002136,sequences/05/image_0/002136.png,222.5499,-179.4977,5.600657,-45.53211
KITTI_odometry,05,image_0,002137,sequences/05/image_0/002137.png,222.6539,-178.6275,5.564601,-44.94959
KITTI_odometry,05,image_0,002138,sequences/05/image_0/002138.png,222.7581,-177.7455,5.527931,-44.36122
KITTI_odometry,05,image_0,002139,sequences/05/image_0/002139.png,222.8624,-176.8451,5.490826,-43.76464
KITTI_odometry,05,image_0,002140,sequences/05/image_0/002140.png,222.9666,-175.9365,5.454066,-43.16482
KITTI_odometry,05,image_0,002141,sequences/05/image_0/002141.png,223.0709,-175.0139,5.415626,-42.55993
KITTI_odometry,05,image_0,002142,sequences/05/image_0/002142.png,223.1752,-174.0792,5.374146,-41.95134
KITTI_odometry,05,image_0,002143,sequences/05/image_0/002143.png,223.2794,-173.1293,5.33091,-41.33758
KITTI_odometry,05,image_0,002144,sequences/05/image_0/002144.png,223.3837,-172.1609,5.288826,-40.71585
KITTI_odometry,05,image_0,002145,sequences/05/image_0/002145.png,223.488,-171.1827,5.248273,-40.09405
KITTI_odometry,05,image_0,002146,sequences/05/image_0/002146.png,223.5921,-170.1958,5.214023,-39.47803
KITTI_odometry,05,image_0,002147,sequences/05/image_0/002147.png,223.6963,-169.1962,5.177783,-38.86377
KITTI_odometry,05,image_0,002148,sequences/05/image_0/002148.png,223.8007,-168.1815,5.140427,-38.25218
KITTI_odometry,05,image_0,002149,sequences/05/image_0/002149.png,223.9047,-167.1568,5.104024,-37.64371
KITTI_odometry,05,image_0,002150,sequences/05/image_0/002150.png,224.0089,-166.122,5.066952,-37.03978
KITTI_odometry,05,image_0,002151,sequences/05/image_0/002151.png,224.1133,-165.0807,5.029773,-36.43744
KITTI_odometry,05,image_0,002152,sequences/05/image_0/002152.png,224.2172,-164.0411,4.992355,-35.84195
KITTI_odometry,05,image_0,002153,sequences/05/image_0/002153.png,224.3213,-162.9931,4.95331,-35.2505
KITTI_odometry,05,image_0,002154,sequences/05/image_0/002154.png,224.4255,-161.9369,4.913727,-34.66444
KITTI_odometry,05,image_0,002155,sequences/05/image_0/002155.png,224.5296,-160.8735,4.874235,-34.08707
KITTI_odometry,05,image_0,002156,sequences/05/image_0/002156.png,224.6337,-159.8027,4.834745,-33.51726
KITTI_odometry,05,image_0,002157,sequences/05/image_0/002157.png,224.7377,-158.7309,4.796201,-32.96105
KITTI_odometry,05,image_0,002158,sequences/05/image_0/002158.png,224.8417,-157.6554,4.760142,-32.4102
KITTI_odometry,05,image_0,002159,sequences/05/image_0/002159.png,224.9458,-156.5776,4.724677,-31.86329
KITTI_odometry,05,image_0,002160,sequences/05/image_0/002160.png,225.0498,-155.4985,4.693787,-31.32607
KITTI_odometry,05,image_0,002161,sequences/05/image_0/002161.png,225.1538,-154.4229,4.661896,-30.78859
KITTI_odometry,05,image_0,002162,sequences/05/image_0/002162.png,225.2577,-153.3542,4.628272,-30.27178
KITTI_odometry,05,image_0,002163,sequences/05/image_0/002163.png,225.3617,-152.2849,4.59448,-29.75452
KITTI_odometry,05,image_0,002164,sequences/05/image_0/002164.png,225.4659,-151.2111,4.55467,-29.2325
KITTI_odometry,05,image_0,002165,sequences/05/image_0/002165.png,225.5698,-150.1382,4.513587,-28.70806
KITTI_odometry,05,image_0,002166,sequences/05/image_0/002166.png,225.6737,-149.0693,4.477108,-28.18276
KITTI_odometry,05,image_0,002167,sequences/05/image_0/002167.png,225.7777,-148.0044,4.441814,-27.65773
KITTI_odometry,05,image_0,002168,sequences/05/image_0/002168.png,225.8817,-146.9315,4.40594,-27.13375
KITTI_odometry,05,image_0,002169,sequences/05/image_0/002169.png,225.9861,-145.8577,4.36895,-26.61215
KITTI_odometry,05,image_0,002170,sequences/05/image_0/002170.png,226.0899,-144.7893,4.329825,-26.09816
KITTI_odometry,05,image_0,002171,sequences/05/image_0/002171.png,226.1939,-143.7156,4.287681,-25.57867
KITTI_odometry,05,image_0,002172,sequences/05/image_0/002172.png,226.2978,-142.641,4.241418,-25.057
KITTI_odometry,05,image_0,002173,sequences/05/image_0/002173.png,226.4019,-141.5608,4.193464,-24.53011
KITTI_odometry,05,image_0,002174,sequences/05/image_0/002174.png,226.5059,-140.4819,4.146681,-24.00687
KITTI_odometry,05,image_0,002175,sequences/05/image_0/002175.png,226.61,-139.4025,4.100868,-23.48633
KITTI_odometry,05,image_0,002176,sequences/05/image_0/002176.png,226.7141,-138.3236,4.055097,-22.96824
KITTI_odometry,05,image_0,002177,sequences/05/image_0/002177.png,226.8181,-137.2477,4.007681,-22.4509
KITTI_odometry,05,image_0,002178,sequences/05/image_0/002178.png,226.9221,-136.173,3.960473,-21.93465
KITTI_odometry,05,image_0,002179,sequences/05/image_0/002179.png,227.0261,-135.0973,3.912458,-21.41571
KITTI_odometry,05,image_0,002180,sequences/05/image_0/002180.png,227.1302,-134.0227,3.866005,-20.89614
KITTI_odometry,05,image_0,002181,sequences/05/image_0/002181.png,227.2346,-132.9453,3.821506,-20.37706
KITTI_odometry,05,image_0,002182,sequences/05/image_0/002182.png,227.3384,-131.8768,3.781015,-19.86621
KITTI_odometry,05,image_0,002183,sequences/05/image_0/002183.png,227.4423,-130.8138,3.739768,-19.35808
KITTI_odometry,05,image_0,002184,sequences/05/image_0/002184.png,227.5463,-129.7549,3.696042,-18.84932
KITTI_odometry,05,image_0,002185,sequences/05/image_0/002185.png,227.6505,-128.6987,3.651177,-18.33706
KITTI_odometry,05,image_0,002186,sequences/05/image_0/002186.png,227.7545,-127.6469,3.605648,-17.82499
KITTI_odometry,05,image_0,002187,sequences/05/image_0/002187.png,227.8586,-126.5948,3.559821,-17.31178
KITTI_odometry,05,image_0,002188,sequences/05/image_0/002188.png,227.9626,-125.5523,3.51531,-16.80016
KITTI_odometry,05,image_0,002189,sequences/05/image_0/002189.png,228.0667,-124.516,3.470006,-16.28867
KITTI_odometry,05,image_0,002190,sequences/05/image_0/002190.png,228.1709,-123.4816,3.426795,-15.77719
KITTI_odometry,05,image_0,002191,sequences/05/image_0/002191.png,228.275,-122.4473,3.385704,-15.26694
KITTI_odometry,05,image_0,002192,sequences/05/image_0/002192.png,228.3791,-121.4091,3.345291,-14.76313
KITTI_odometry,05,image_0,002193,sequences/05/image_0/002193.png,228.4832,-120.382,3.311607,-14.27526
KITTI_odometry,05,image_0,002194,sequences/05/image_0/002194.png,228.5874,-119.3569,3.277647,-13.79956
KITTI_odometry,05,image_0,002195,sequences/05/image_0/002195.png,228.6917,-118.328,3.239201,-13.33353
KITTI_odometry,05,image_0,002196,sequences/05/image_0/002196.png,228.7959,-117.2909,3.197775,-12.87873
KITTI_odometry,05,image_0,002197,sequences/05/image_0/002197.png,228.9001,-116.2439,3.158455,-12.43525
KITTI_odometry,05,image_0,002198,sequences/05/image_0/002198.png,229.0046,-115.1904,3.12465,-12.00288
KITTI_odometry,05,image_0,002199,sequences/05/image_0/002199.png,229.1091,-114.1405,3.093371,-11.58751
KITTI_odometry,05,image_0,002200,sequences/05/image_0/002200.png,229.2125,-113.1016,3.061043,-11.18769
KITTI_odometry,05,image_0,002201,sequences/05/image_0/002201.png,229.3166,-112.0481,3.025503,-10.78946
KITTI_odometry,05,image_0,002202,sequences/05/image_0/002202.png,229.4206,-110.9859,2.992042,-10.39983
KITTI_odometry,05,image_0,002203,sequences/05/image_0/002203.png,229.5247,-109.9246,2.959612,-10.00735
KITTI_odometry,05,image_0,002204,sequences/05/image_0/002204.png,229.6289,-108.8744,2.928507,-9.617412
KITTI_odometry,05,image_0,002205,sequences/05/image_0/002205.png,229.733,-107.8237,2.896739,-9.243398
KITTI_odometry,05,image_0,002206,sequences/05/image_0/002206.png,229.8371,-106.7662,2.857071,-8.864286
KITTI_odometry,05,image_0,002207,sequences/05/image_0/002207.png,229.9411,-105.7052,2.815858,-8.492253
KITTI_odometry,05,image_0,002208,sequences/05/image_0/002208.png,230.0452,-104.6399,2.777678,-8.124757
KITTI_odometry,05,image_0,002209,sequences/05/image_0/002209.png,230.1492,-103.5751,2.740474,-7.760123
KITTI_odometry,05,image_0,002210,sequences/05/image_0/002210.png,230.2533,-102.5122,2.704654,-7.394219
KITTI_odometry,05,image_0,002211,sequences/05/image_0/002211.png,230.3574,-101.4453,2.668834,-7.020636
KITTI_odometry,05,image_0,002212,sequences/05/image_0/002212.png,230.4616,-100.3834,2.635642,-6.646982
KITTI_odometry,05,image_0,002213,sequences/05/image_0/002213.png,230.5657,-99.32333,2.600359,-6.281885
KITTI_odometry,05,image_0,002214,sequences/05/image_0/002214.png,230.6699,-98.26682,2.563161,-5.927679
KITTI_odometry,05,image_0,002215,sequences/05/image_0/002215.png,230.774,-97.21118,2.51878,-5.584438
KITTI_odometry,05,image_0,002216,sequences/05/image_0/002216.png,230.8782,-96.1341,2.468113,-5.250177
KITTI_odometry,05,image_0,002217,sequences/05/image_0/002217.png,230.9823,-95.05702,2.417757,-4.924307
KITTI_odometry,05,image_0,002218,sequences/05/image_0/002218.png,231.0867,-93.97692,2.371604,-4.604329
KITTI_odometry,05,image_0,002219,sequences/05/image_0/002219.png,231.1909,-92.89696,2.328432,-4.291721
KITTI_odometry,05,image_0,002220,sequences/05/image_0/002220.png,231.2952,-91.81618,2.286046,-3.988153
KITTI_odometry,05,image_0,002221,sequences/05/image_0/002221.png,231.3994,-90.73315,2.243515,-3.695911
KITTI_odometry,05,image_0,002222,sequences/05/image_0/002222.png,231.5033,-89.65036,2.20077,-3.413659
KITTI_odometry,05,image_0,002223,sequences/05/image_0/002223.png,231.6077,-88.56033,2.15907,-3.139167
KITTI_odometry,05,image_0,002224,sequences/05/image_0/002224.png,231.7118,-87.46938,2.117909,-2.871097
KITTI_odometry,05,image_0,002225,sequences/05/image_0/002225.png,231.8159,-86.37312,2.078223,-2.610895
KITTI_odometry,05,image_0,002226,sequences/05/image_0/002226.png,231.9201,-85.27567,2.039649,-2.357662
KITTI_odometry,05,image_0,002227,sequences/05/image_0/002227.png,232.0241,-84.17869,2.003235,-2.113087
KITTI_odometry,05,image_0,002228,sequences/05/image_0/002228.png,232.1282,-83.0809,1.96757,-1.875303
KITTI_odometry,05,image_0,002229,sequences/05/image_0/002229.png,232.2323,-81.98418,1.929078,-1.642797
KITTI_odometry,05,image_0,002230,sequences/05/image_0/002230.png,232.3365,-80.88804,1.891113,-1.413132
KITTI_odometry,05,image_0,002231,sequences/05/image_0/002231.png,232.4405,-79.79309,1.852304,-1.185025
KITTI_odometry,05,image_0,002232,sequences/05/image_0/002232.png,232.5446,-78.69561,1.815692,-0.95672
KITTI_odometry,05,image_0,002233,sequences/05/image_0/002233.png,232.6517,-77.56902,1.781295,-0.725446
KITTI_odometry,05,image_0,002234,sequences/05/image_0/002234.png,232.7529,-76.51124,1.753369,-0.5132001
KITTI_odometry,05,image_0,002235,sequences/05/image_0/002235.png,232.8569,-75.4228,1.72631,-0.3006804
KITTI_odometry,05,image_0,002236,sequences/05/image_0/002236.png,232.9609,-74.33776,1.698157,-0.09103084
KITTI_odometry,05,image_0,002237,sequences/05/image_0/002237.png,233.065,-73.25165,1.670106,0.1148072
KITTI_odometry,05,image_0,002238,sequences/05/image_0/002238.png,233.1691,-72.16636,1.641851,0.3199942
KITTI_odometry,05,image_0,002239,sequences/05/image_0/002239.png,233.2731,-71.08516,1.617211,0.5217201
KITTI_odometry,05,image_0,002240,sequences/05/image_0/002240.png,233.3771,-70.00677,1.591142,0.7229528
KITTI_odometry,05,image_0,002241,sequences/05/image_0/002241.png,233.4812,-68.92853,1.564706,0.9233017
KITTI_odometry,05,image_0,002242,sequences/05/image_0/002242.png,233.5853,-67.8523,1.536979,1.120257
KITTI_odometry,05,image_0,002243,sequences/05/image_0/002243.png,233.6894,-66.77302,1.51068,1.313423
KITTI_odometry,05,image_0,002244,sequences/05/image_0/002244.png,233.7932,-65.70055,1.484221,1.500442
KITTI_odometry,05,image_0,002245,sequences/05/image_0/002245.png,233.8972,-64.62519,1.458586,1.686604
KITTI_odometry,05,image_0,002246,sequences/05/image_0/002246.png,234.0012,-63.55616,1.433237,1.869261
KITTI_odometry,05,image_0,002247,sequences/05/image_0/002247.png,234.1052,-62.48959,1.407401,2.047975
KITTI_odometry,05,image_0,002248,sequences/05/image_0/002248.png,234.2093,-61.42558,1.380271,2.225378
KITTI_odometry,05,image_0,002249,sequences/05/image_0/002249.png,234.3132,-60.36042,1.352125,2.402354
KITTI_odometry,05,image_0,002250,sequences/05/image_0/002250.png,234.4172,-59.29526,1.324166,2.577472
KITTI_odometry,05,image_0,002251,sequences/05/image_0/002251.png,234.5213,-58.23435,1.298326,2.754083
KITTI_odometry,05,image_0,002252,sequences/05/image_0/002252.png,234.6254,-57.17914,1.27158,2.92234
KITTI_odometry,05,image_0,002253,sequences/05/image_0/002253.png,234.7293,-56.12897,1.24574,3.091711
KITTI_odometry,05,image_0,002254,sequences/05/image_0/002254.png,234.8337,-55.07579,1.22013,3.257606
KITTI_odometry,05,image_0,002255,sequences/05/image_0/002255.png,234.9379,-54.02578,1.19098,3.418967
KITTI_odometry,05,image_0,002256,sequences/05/image_0/002256.png,235.0414,-52.98854,1.158485,3.575444
KITTI_odometry,05,image_0,002257,sequences/05/image_0/002257.png,235.1454,-51.94871,1.126192,3.73199
KITTI_odometry,05,image_0,002258,sequences/05/image_0/002258.png,235.2493,-50.90978,1.0927,3.888602
KITTI_odometry,05,image_0,002259,sequences/05/image_0/002259.png,235.3535,-49.86836,1.059508,4.040344
KITTI_odometry,05,image_0,002260,sequences/05/image_0/002260.png,235.4575,-48.83083,1.028182,4.185866
KITTI_odometry,05,image_0,002261,sequences/05/image_0/002261.png,235.5615,-47.80073,0.9972302,4.328703
KITTI_odometry,05,image_0,002262,sequences/05/image_0/002262.png,235.6655,-46.7763,0.9663776,4.464286
KITTI_odometry,05,image_0,002263,sequences/05/image_0/002263.png,235.7694,-45.75602,0.933324,4.596502
KITTI_odometry,05,image_0,002264,sequences/05/image_0/002264.png,235.8736,-44.73131,0.8991455,4.727656
KITTI_odometry,05,image_0,002265,sequences/05/image_0/002265.png,235.9776,-43.71218,0.8642522,4.856902
KITTI_odometry,05,image_0,002266,sequences/05/image_0/002266.png,236.0816,-42.697,0.8291555,4.980987
KITTI_odometry,05,image_0,002267,sequences/05/image_0/002267.png,236.1859,-41.68052,0.7934946,5.102229
KITTI_odometry,05,image_0,002268,sequences/05/image_0/002268.png,236.2905,-40.66636,0.7602702,5.223322
KITTI_odometry,05,image_0,002269,sequences/05/image_0/002269.png,236.3946,-39.66271,0.7277943,5.340218
KITTI_odometry,05,image_0,002270,sequences/05/image_0/002270.png,236.4978,-38.67547,0.6971953,5.453221
KITTI_odometry,05,image_0,002271,sequences/05/image_0/002271.png,236.6018,-37.68929,0.6664957,5.564962
KITTI_odometry,05,image_0,002272,sequences/05/image_0/002272.png,236.7059,-36.71239,0.6339514,5.676298
KITTI_odometry,05,image_0,002273,sequences/05/image_0/002273.png,236.8099,-35.74547,0.6030199,5.782569
KITTI_odometry,05,image_0,002274,sequences/05/image_0/002274.png,236.914,-34.78624,0.5714296,5.888495
KITTI_odometry,05,image_0,002275,sequences/05/image_0/002275.png,237.018,-33.84239,0.5394425,5.992028
KITTI_odometry,05,image_0,002276,sequences/05/image_0/002276.png,237.1221,-32.91346,0.5073475,6.092164
KITTI_odometry,05,image_0,002277,sequences/05/image_0/002277.png,237.2261,-31.99672,0.4767447,6.190015
KITTI_odometry,05,image_0,002278,sequences/05/image_0/002278.png,237.3302,-31.08729,0.4481242,6.284223
KITTI_odometry,05,image_0,002279,sequences/05/image_0/002279.png,237.4342,-30.18694,0.4209403,6.375925
KITTI_odometry,05,image_0,002280,sequences/05/image_0/002280.png,237.5383,-29.29691,0.398124,6.465571
KITTI_odometry,05,image_0,002281,sequences/05/image_0/002281.png,237.6423,-28.42101,0.3793711,6.554033
KITTI_odometry,05,image_0,002282,sequences/05/image_0/002282.png,237.7474,-27.55435,0.3627527,6.639511
KITTI_odometry,05,image_0,002283,sequences/05/image_0/002283.png,237.8505,-26.72099,0.3464437,6.720779
KITTI_odometry,05,image_0,002284,sequences/05/image_0/002284.png,237.9546,-25.90015,0.3315628,6.800062
KITTI_odometry,05,image_0,002285,sequences/05/image_0/002285.png,238.0587,-25.09954,0.3141138,6.878691
KITTI_odometry,05,image_0,002286,sequences/05/image_0/002286.png,238.1627,-24.32024,0.2945977,6.954131
KITTI_odometry,05,image_0,002287,sequences/05/image_0/002287.png,238.2669,-23.55888,0.2745003,7.025199
KITTI_odometry,05,image_0,002288,sequences/05/image_0/002288.png,238.371,-22.81595,0.2547338,7.091691
KITTI_odometry,05,image_0,002289,sequences/05/image_0/002289.png,238.4751,-22.08931,0.2347427,7.159574
KITTI_odometry,05,image_0,002290,sequences/05/image_0/002290.png,238.5793,-21.38003,0.2143897,7.228366
KITTI_odometry,05,image_0,002291,sequences/05/image_0/002291.png,238.6834,-20.6882,0.1953748,7.297213
KITTI_odometry,05,image_0,002292,sequences/05/image_0/002292.png,238.7875,-20.01668,0.1799987,7.362635
KITTI_odometry,05,image_0,002293,sequences/05/image_0/002293.png,238.8916,-19.36227,0.1654748,7.426242
KITTI_odometry,05,image_0,002294,sequences/05/image_0/002294.png,238.9958,-18.72487,0.1491883,7.490892
KITTI_odometry,05,image_0,002295,sequences/05/image_0/002295.png,239.1,-18.10682,0.1335137,7.551445
KITTI_odometry,05,image_0,002296,sequences/05/image_0/002296.png,239.2042,-17.50149,0.1206821,7.606545
KITTI_odometry,05,image_0,002297,sequences/05/image_0/002297.png,239.3086,-16.91207,0.1067444,7.65597
KITTI_odometry,05,image_0,002298,sequences/05/image_0/002298.png,239.4128,-16.33775,0.09110642,7.702083
KITTI_odometry,05,image_0,002299,sequences/05/image_0/002299.png,239.5168,-15.7808,0.07488558,7.74364
KITTI_odometry,05,image_0,002300,sequences/05/image_0/002300.png,239.6211,-15.24156,0.06013457,7.782305
KITTI_odometry,05,image_0,002301,sequences/05/image_0/002301.png,239.7253,-14.72605,0.04502491,7.819683
KITTI_odometry,05,image_0,002302,sequences/05/image_0/002302.png,239.8295,-14.23157,0.02934784,7.858547
KITTI_odometry,05,image_0,002303,sequences/05/image_0/002303.png,239.9337,-13.75924,0.01302983,7.895598
KITTI_odometry,05,image_0,002304,sequences/05/image_0/002304.png,240.0378,-13.3135,-0.004622482,7.930153
KITTI_odometry,05,image_0,002305,sequences/05/image_0/002305.png,240.1421,-12.89537,-0.02060084,7.961591
KITTI_odometry,05,image_0,002306,sequences/05/image_0/002306.png,240.2462,-12.50101,-0.03582507,7.991449
KITTI_odometry,05,image_0,002307,sequences/05/image_0/002307.png,240.3505,-12.12827,-0.05019853,8.022018
KITTI_odometry,05,image_0,002308,sequences/05/image_0/002308.png,240.4546,-11.77624,-0.06087555,8.048012
KITTI_odometry,05,image_0,002309,sequences/05/image_0/002309.png,240.5587,-11.44837,-0.0719744,8.073279
KITTI_odometry,05,image_0,002310,sequences/05/image_0/002310.png,240.6628,-11.13924,-0.08414595,8.100664
KITTI_odometry,05,image_0,002311,sequences/05/image_0/002311.png,240.767,-10.84393,-0.09606796,8.129478
KITTI_odometry,05,image_0,002312,sequences/05/image_0/002312.png,240.871,-10.56139,-0.1092295,8.159923
KITTI_odometry,05,image_0,002313,sequences/05/image_0/002313.png,240.9751,-10.28741,-0.1231666,8.195045
KITTI_odometry,05,image_0,002314,sequences/05/image_0/002314.png,241.0791,-10.02383,-0.1353748,8.231512
KITTI_odometry,05,image_0,002315,sequences/05/image_0/002315.png,241.1831,-9.76838,-0.1456691,8.269016
KITTI_odometry,05,image_0,002316,sequences/05/image_0/002316.png,241.2871,-9.518219,-0.1559451,8.309922
KITTI_odometry,05,image_0,002317,sequences/05/image_0/002317.png,241.3911,-9.271286,-0.1666681,8.356433
KITTI_odometry,05,image_0,002318,sequences/05/image_0/002318.png,241.4951,-9.028161,-0.1786991,8.412767
KITTI_odometry,05,image_0,002319,sequences/05/image_0/002319.png,241.5991,-8.789252,-0.1908124,8.478175
KITTI_odometry,05,image_0,002320,sequences/05/image_0/002320.png,241.7032,-8.555633,-0.2017356,8.547386
KITTI_odometry,05,image_0,002321,sequences/05/image_0/002321.png,241.8073,-8.336972,-0.2107318,8.612311
KITTI_odometry,05,image_0,002322,sequences/05/image_0/002322.png,241.9115,-8.149181,-0.2160158,8.66932
KITTI_odometry,05,image_0,002323,sequences/05/image_0/002323.png,242.0157,-8.000355,-0.2199045,8.711552
KITTI_odometry,05,image_0,002324,sequences/05/image_0/002324.png,242.12,-7.897603,-0.2223291,8.744962
KITTI_odometry,05,image_0,002325,sequences/05/image_0/002325.png,242.2242,-7.829442,-0.224124,8.769976
KITTI_odometry,05,image_0,002326,sequences/05/image_0/002326.png,242.3286,-7.791718,-0.2246539,8.786063
KITTI_odometry,05,image_0,002327,sequences/05/image_0/002327.png,242.4328,-7.78413,-0.2239065,8.790737
KITTI_odometry,05,image_0,002328,sequences/05/image_0/002328.png,242.5371,-7.799252,-0.2248585,8.787461
KITTI_odometry,05,image_0,002329,sequences/05/image_0/002329.png,242.6413,-7.811419,-0.2287597,8.783576
KITTI_odometry,05,image_0,002330,sequences/05/image_0/002330.png,242.7457,-7.813388,-0.230848,8.785181
KITTI_odometry,05,image_0,002331,sequences/05/image_0/002331.png,242.85,-7.813018,-0.2282196,8.786625
KITTI_odometry,05,image_0,002332,sequences/05/image_0/002332.png,242.9541,-7.813526,-0.2248221,8.7872
KITTI_odometry,05,image_0,002333,sequences/05/image_0/002333.png,243.0583,-7.81145,-0.2241583,8.787825
KITTI_odometry,05,image_0,002334,sequences/05/image_0/002334.png,243.1627,-7.809395,-0.2242167,8.788143
KITTI_odometry,05,image_0,002335,sequences/05/image_0/002335.png,243.267,-7.810347,-0.2239353,8.784998
KITTI_odometry,05,image_0,002336,sequences/05/image_0/002336.png,243.3712,-7.811258,-0.2253094,8.781898
KITTI_odometry,05,image_0,002337,sequences/05/image_0/002337.png,243.4755,-7.809451,-0.2268914,8.779
KITTI_odometry,05,image_0,002338,sequences/05/image_0/002338.png,243.5797,-7.808845,-0.2283597,8.776078
KITTI_odometry,05,image_0,002339,sequences/05/image_0/002339.png,243.6838,-7.809797,-0.2294419,8.773619
KITTI_odometry,05,image_0,002340,sequences/05/image_0/002340.png,243.7881,-7.809131,-0.2314897,8.771007
KITTI_odometry,05,image_0,002341,sequences/05/image_0/002341.png,243.8923,-7.806451,-0.2332348,8.768686
KITTI_odometry,05,image_0,002342,sequences/05/image_0/002342.png,243.9966,-7.80591,-0.2344691,8.766426
KITTI_odometry,05,image_0,002343,sequences/05/image_0/002343.png,244.1008,-7.804822,-0.2355641,8.762953
KITTI_odometry,05,image_0,002344,sequences/05/image_0/002344.png,244.2051,-7.804019,-0.2354612,8.761064
KITTI_odometry,05,image_0,002345,sequences/05/image_0/002345.png,244.3093,-7.801403,-0.2381377,8.758008
KITTI_odometry,05,image_0,002346,sequences/05/image_0/002346.png,244.4136,-7.800766,-0.2387322,8.755551
KITTI_odometry,05,image_0,002347,sequences/05/image_0/002347.png,244.5178,-7.798535,-0.239778,8.752918
KITTI_odometry,05,image_0,002348,sequences/05/image_0/002348.png,244.622,-7.796886,-0.2402344,8.75168
KITTI_odometry,05,image_0,002349,sequences/05/image_0/002349.png,244.7262,-7.795082,-0.2417762,8.750163
KITTI_odometry,05,image_0,002350,sequences/05/image_0/002350.png,244.8305,-7.793436,-0.2436941,8.748519
KITTI_odometry,05,image_0,002351,sequences/05/image_0/002351.png,244.9347,-7.79099,-0.2458614,8.746808
KITTI_odometry,05,image_0,002352,sequences/05/image_0/002352.png,245.039,-7.789514,-0.2474295,8.745234
KITTI_odometry,05,image_0,002353,sequences/05/image_0/002353.png,245.1431,-7.788334,-0.248631,8.743396
KITTI_odometry,05,image_0,002354,sequences/05/image_0/002354.png,245.2473,-7.786579,-0.2490955,8.741897
KITTI_odometry,05,image_0,002355,sequences/05/image_0/002355.png,245.3516,-7.78493,-0.2498791,8.740517
KITTI_odometry,05,image_0,002356,sequences/05/image_0/002356.png,245.4558,-7.783308,-0.2516519,8.738162
KITTI_odometry,05,image_0,002357,sequences/05/image_0/002357.png,245.5601,-7.781759,-0.252275,8.736836
KITTI_odometry,05,image_0,002358,sequences/05/image_0/002358.png,245.6643,-7.780166,-0.2531388,8.734843
KITTI_odometry,05,image_0,002359,sequences/05/image_0/002359.png,245.7685,-7.778886,-0.2542421,8.733631
KITTI_odometry,05,image_0,002360,sequences/05/image_0/002360.png,245.8727,-7.777029,-0.257141,8.731859
KITTI_odometry,05,image_0,002361,sequences/05/image_0/002361.png,245.977,-7.775784,-0.2577456,8.730871
KITTI_odometry,05,image_0,002362,sequences/05/image_0/002362.png,246.0811,-7.774105,-0.2601129,8.72855
KITTI_odometry,05,image_0,002363,sequences/05/image_0/002363.png,246.1853,-7.773048,-0.2614363,8.727049
KITTI_odometry,05,image_0,002364,sequences/05/image_0/002364.png,246.2895,-7.7716,-0.2629991,8.72656
KITTI_odometry,05,image_0,002365,sequences/05/image_0/002365.png,246.3937,-7.770532,-0.2636369,8.725711
KITTI_odometry,05,image_0,002366,sequences/05/image_0/002366.png,246.498,-7.76944,-0.2639662,8.724407
KITTI_odometry,05,image_0,002367,sequences/05/image_0/002367.png,246.6021,-7.768634,-0.264494,8.723581
KITTI_odometry,05,image_0,002368,sequences/05/image_0/002368.png,246.7063,-7.767855,-0.2639164,8.723371
KITTI_odometry,05,image_0,002369,sequences/05/image_0/002369.png,246.8106,-7.767373,-0.2626878,8.72271
KITTI_odometry,05,image_0,002370,sequences/05/image_0/002370.png,246.9147,-7.766879,-0.2612522,8.721761
KITTI_odometry,05,image_0,002371,sequences/05/image_0/002371.png,247.019,-7.766332,-0.2601754,8.720475
KITTI_odometry,05,image_0,002372,sequences/05/image_0/002372.png,247.1232,-7.76613,-0.2595991,8.719138
KITTI_odometry,05,image_0,002373,sequences/05/image_0/002373.png,247.2273,-7.765762,-0.2586022,8.717584
KITTI_odometry,05,image_0,002374,sequences/05/image_0/002374.png,247.3316,-7.765154,-0.2580429,8.716311
KITTI_odometry,05,image_0,002375,sequences/05/image_0/002375.png,247.4358,-7.764534,-0.2574981,8.715316
KITTI_odometry,05,image_0,002376,sequences/05/image_0/002376.png,247.54,-7.763983,-0.2572062,8.714586
KITTI_odometry,05,image_0,002377,sequences/05/image_0/002377.png,247.6442,-7.763616,-0.2564538,8.713827
KITTI_odometry,05,image_0,002378,sequences/05/image_0/002378.png,247.7485,-7.763291,-0.2566759,8.713138
KITTI_odometry,05,image_0,002379,sequences/05/image_0/002379.png,247.8526,-7.763294,-0.2577684,8.713489
KITTI_odometry,05,image_0,002380,sequences/05/image_0/002380.png,247.9568,-7.763326,-0.258382,8.712834
KITTI_odometry,05,image_0,002381,sequences/05/image_0/002381.png,248.0611,-7.763222,-0.2602086,8.71282
KITTI_odometry,05,image_0,002382,sequences/05/image_0/002382.png,248.1653,-7.762963,-0.2608122,8.712553
KITTI_odometry,05,image_0,002383,sequences/05/image_0/002383.png,248.2695,-7.763016,-0.2630367,8.712505
KITTI_odometry,05,image_0,002384,sequences/05/image_0/002384.png,248.3737,-7.763016,-0.2640248,8.712363
KITTI_odometry,05,image_0,002385,sequences/05/image_0/002385.png,248.4778,-7.763086,-0.2653472,8.713488
KITTI_odometry,05,image_0,002386,sequences/05/image_0/002386.png,248.5821,-7.762777,-0.2669149,8.713287
KITTI_odometry,05,image_0,002387,sequences/05/image_0/002387.png,248.6862,-7.7623,-0.2682438,8.712924
KITTI_odometry,05,image_0,002388,sequences/05/image_0/002388.png,248.7905,-7.762455,-0.2692439,8.714167
KITTI_odometry,05,image_0,002389,sequences/05/image_0/002389.png,248.8946,-7.762182,-0.2697417,8.716338
KITTI_odometry,05,image_0,002390,sequences/05/image_0/002390.png,248.9989,-7.759318,-0.269078,8.719035
KITTI_odometry,05,image_0,002391,sequences/05/image_0/002391.png,249.103,-7.753295,-0.2684805,8.722145
KITTI_odometry,05,image_0,002392,sequences/05/image_0/002392.png,249.2072,-7.744025,-0.2693866,8.726961
KITTI_odometry,05,image_0,002393,sequences/05/image_0/002393.png,249.3113,-7.73174,-0.2712793,8.733879
KITTI_odometry,05,image_0,002394,sequences/05/image_0/002394.png,249.4156,-7.717107,-0.2740607,8.74234
KITTI_odometry,05,image_0,002395,sequences/05/image_0/002395.png,249.5197,-7.700361,-0.2762791,8.751022
KITTI_odometry,05,image_0,002396,sequences/05/image_0/002396.png,249.624,-7.681544,-0.2780647,8.760683
KITTI_odometry,05,image_0,002397,sequences/05/image_0/002397.png,249.7281,-7.658875,-0.279927,8.770779
KITTI_odometry,05,image_0,002398,sequences/05/image_0/002398.png,249.8323,-7.62709,-0.2824105,8.786498
KITTI_odometry,05,image_0,002399,sequences/05/image_0/002399.png,249.9365,-7.580503,-0.2851154,8.806943
KITTI_odometry,05,image_0,002400,sequences/05/image_0/002400.png,250.0406,-7.513039,-0.2896364,8.836058
KITTI_odometry,05,image_0,002401,sequences/05/image_0/002401.png,250.1446,-7.424021,-0.2951357,8.873075
KITTI_odometry,05,image_0,002402,sequences/05/image_0/002402.png,250.2487,-7.310861,-0.3014302,8.92222
KITTI_odometry,05,image_0,002403,sequences/05/image_0/002403.png,250.3527,-7.175297,-0.3092874,8.982757
KITTI_odometry,05,image_0,002404,sequences/05/image_0/002404.png,250.4567,-7.020116,-0.3170139,9.054806
KITTI_odometry,05,image_0,002405,sequences/05/image_0/002405.png,250.5606,-6.840984,-0.3244552,9.13861
KITTI_odometry,05,image_0,002406,sequences/05/image_0/002406.png,250.6646,-6.640897,-0.3325367,9.236569
KITTI_odometry,05,image_0,002407,sequences/05/image_0/002407.png,250.7685,-6.421125,-0.3434678,9.355307
KITTI_odometry,05,image_0,002408,sequences/05/image_0/002408.png,250.8722,-6.183682,-0.3541851,9.491639
KITTI_odometry,05,image_0,002409,sequences/05/image_0/002409.png,250.9761,-5.930743,-0.3653588,9.644152
KITTI_odometry,05,image_0,002410,sequences/05/image_0/002410.png,251.08,-5.669734,-0.3802068,9.825674
KITTI_odometry,05,image_0,002411,sequences/05/image_0/002411.png,251.1837,-5.39913,-0.3975713,10.02988
KITTI_odometry,05,image_0,002412,sequences/05/image_0/002412.png,251.2876,-5.12074,-0.4174511,10.25779
KITTI_odometry,05,image_0,002413,sequences/05/image_0/002413.png,251.3915,-4.837331,-0.438501,10.50906
KITTI_odometry,05,image_0,002414,sequences/05/image_0/002414.png,251.4952,-4.550622,-0.4541678,10.78166
KITTI_odometry,05,image_0,002415,sequences/05/image_0/002415.png,251.599,-4.260731,-0.4659758,11.0807
KITTI_odometry,05,image_0,002416,sequences/05/image_0/002416.png,251.7028,-3.97491,-0.478802,11.40594
KITTI_odometry,05,image_0,002417,sequences/05/image_0/002417.png,251.8067,-3.693711,-0.4927691,11.75393
KITTI_odometry,05,image_0,002418,sequences/05/image_0/002418.png,251.9106,-3.414512,-0.5085419,12.13562
KITTI_odometry,05,image_0,002419,sequences/05/image_0/002419.png,252.0145,-3.135391,-0.5243862,12.54641
KITTI_odometry,05,image_0,002420,sequences/05/image_0/002420.png,252.1185,-2.862178,-0.5380326,12.99267
KITTI_odometry,05,image_0,002421,sequences/05/image_0/002421.png,252.2225,-2.599066,-0.5509808,13.4679
KITTI_odometry,05,image_0,002422,sequences/05/image_0/002422.png,252.3266,-2.352855,-0.5588841,13.97239
KITTI_odometry,05,image_0,002423,sequences/05/image_0/002423.png,252.4306,-2.118271,-0.5719196,14.51226
KITTI_odometry,05,image_0,002424,sequences/05/image_0/002424.png,252.5347,-1.884998,-0.5854659,15.08331
KITTI_odometry,05,image_0,002425,sequences/05/image_0/002425.png,252.639,-1.661773,-0.5949507,15.68604
KITTI_odometry,05,image_0,002426,sequences/05/image_0/002426.png,252.7432,-1.456347,-0.6010921,16.31856
KITTI_odometry,05,image_0,002427,sequences/05/image_0/002427.png,252.8475,-1.2601,-0.6127757,16.97489
KITTI_odometry,05,image_0,002428,sequences/05/image_0/002428.png,252.9517,-1.073956,-0.6240981,17.66108
KITTI_odometry,05,image_0,002429,sequences/05/image_0/002429.png,253.056,-0.9045466,-0.6338585,18.37374
KITTI_odometry,05,image_0,002430,sequences/05/image_0/002430.png,253.1602,-0.7660186,-0.6447196,19.11706
KITTI_odometry,05,image_0,002431,sequences/05/image_0/002431.png,253.2643,-0.6476116,-0.6598908,19.88282
KITTI_odometry,05,image_0,002432,sequences/05/image_0/002432.png,253.3687,-0.54815,-0.6749805,20.67541
KITTI_odometry,05,image_0,002433,sequences/05/image_0/002433.png,253.473,-0.469374,-0.6929246,21.48941
KITTI_odometry,05,image_0,002434,sequences/05/image_0/002434.png,253.5772,-0.4117778,-0.7110847,22.32327
KITTI_odometry,05,image_0,002435,sequences/05/image_0/002435.png,253.6815,-0.3740026,-0.7320349,23.18476
KITTI_odometry,05,image_0,002436,sequences/05/image_0/002436.png,253.7858,-0.3531069,-0.7554471,24.06623
KITTI_odometry,05,image_0,002437,sequences/05/image_0/002437.png,253.8902,-0.3456498,-0.783142,24.97417
KITTI_odometry,05,image_0,002438,sequences/05/image_0/002438.png,253.9946,-0.3477693,-0.8110963,25.89974
KITTI_odometry,05,image_0,002439,sequences/05/image_0/002439.png,254.099,-0.3561916,-0.8396012,26.85034
KITTI_odometry,05,image_0,002440,sequences/05/image_0/002440.png,254.2035,-0.3699857,-0.8686624,27.82127
KITTI_odometry,05,image_0,002441,sequences/05/image_0/002441.png,254.3079,-0.387238,-0.8972598,28.81849
KITTI_odometry,05,image_0,002442,sequences/05/image_0/002442.png,254.4123,-0.4057436,-0.9266744,29.83658
KITTI_odometry,05,image_0,002443,sequences/05/image_0/002443.png,254.5167,-0.4250198,-0.9552236,30.874
KITTI_odometry,05,image_0,002444,sequences/05/image_0/002444.png,254.6211,-0.4435254,-0.9834229,31.93512
KITTI_odometry,05,image_0,002445,sequences/05/image_0/002445.png,254.7255,-0.4593569,-1.012283,33.0176
KITTI_odometry,05,image_0,002446,sequences/05/image_0/002446.png,254.8297,-0.4747214,-1.041566,34.12627
KITTI_odometry,05,image_0,002447,sequences/05/image_0/002447.png,254.934,-0.4931853,-1.069567,35.25202
KITTI_odometry,05,image_0,002448,sequences/05/image_0/002448.png,255.0382,-0.5126275,-1.095653,36.3924
KITTI_odometry,05,image_0,002449,sequences/05/image_0/002449.png,255.1426,-0.535546,-1.12161,37.53899
KITTI_odometry,05,image_0,002450,sequences/05/image_0/002450.png,255.2467,-0.5588949,-1.147517,38.6862
KITTI_odometry,05,image_0,002451,sequences/05/image_0/002451.png,255.351,-0.5843039,-1.17408,39.83562
KITTI_odometry,05,image_0,002452,sequences/05/image_0/002452.png,255.4552,-0.6096948,-1.200981,40.98569
KITTI_odometry,05,image_0,002453,sequences/05/image_0/002453.png,255.5595,-0.6387808,-1.227352,42.13484
KITTI_odometry,05,image_0,002454,sequences/05/image_0/002454.png,255.6636,-0.6691375,-1.254196,43.28304
KITTI_odometry,05,image_0,002455,sequences/05/image_0/002455.png,255.7678,-0.7035249,-1.285555,44.42219
KITTI_odometry,05,image_0,002456,sequences/05/image_0/002456.png,255.872,-0.7394543,-1.316843,45.56433
KITTI_odometry,05,image_0,002457,sequences/05/image_0/002457.png,255.9761,-0.775721,-1.350382,46.70678
KITTI_odometry,05,image_0,002458,sequences/05/image_0/002458.png,256.0804,-0.8149361,-1.383309,47.8533
KITTI_odometry,05,image_0,002459,sequences/05/image_0/002459.png,256.1845,-0.8503797,-1.414736,48.99701
KITTI_odometry,05,image_0,002460,sequences/05/image_0/002460.png,256.2886,-0.88452,-1.444282,50.13248
KITTI_odometry,05,image_0,002461,sequences/05/image_0/002461.png,256.3927,-0.9230893,-1.47426,51.26683
KITTI_odometry,05,image_0,002462,sequences/05/image_0/002462.png,256.497,-0.9579931,-1.502468,52.39662
KITTI_odometry,05,image_0,002463,sequences/05/image_0/002463.png,256.6011,-0.9936302,-1.535368,53.52159
KITTI_odometry,05,image_0,002464,sequences/05/image_0/002464.png,256.7052,-1.026726,-1.570397,54.64386
KITTI_odometry,05,image_0,002465,sequences/05/image_0/002465.png,256.8093,-1.058519,-1.607705,55.76123
KITTI_odometry,05,image_0,002466,sequences/05/image_0/002466.png,256.9135,-1.089707,-1.645788,56.8837
KITTI_odometry,05,image_0,002467,sequences/05/image_0/002467.png,257.0177,-1.121249,-1.68199,58.00859
KITTI_odometry,05,image_0,002468,sequences/05/image_0/002468.png,257.1218,-1.153354,-1.713449,59.1322
KITTI_odometry,05,image_0,002469,sequences/05/image_0/002469.png,257.226,-1.185006,-1.739715,60.24888
KITTI_odometry,05,image_0,002470,sequences/05/image_0/002470.png,257.3301,-1.213473,-1.765856,61.35987
KITTI_odometry,05,image_0,002471,sequences/05/image_0/002471.png,257.4341,-1.23885,-1.790051,62.46393
KITTI_odometry,05,image_0,002472,sequences/05/image_0/002472.png,257.5382,-1.270319,-1.822128,63.56585
KITTI_odometry,05,image_0,002473,sequences/05/image_0/002473.png,257.6423,-1.304675,-1.856919,64.66489
KITTI_odometry,05,image_0,002474,sequences/05/image_0/002474.png,257.7466,-1.337326,-1.894574,65.7627
KITTI_odometry,05,image_0,002475,sequences/05/image_0/002475.png,257.8507,-1.374798,-1.935202,66.86894
KITTI_odometry,05,image_0,002476,sequences/05/image_0/002476.png,257.9548,-1.411676,-1.975334,67.96703
KITTI_odometry,05,image_0,002477,sequences/05/image_0/002477.png,258.059,-1.442686,-2.008672,69.06158
KITTI_odometry,05,image_0,002478,sequences/05/image_0/002478.png,258.1631,-1.472152,-2.039409,70.15547
KITTI_odometry,05,image_0,002479,sequences/05/image_0/002479.png,258.2672,-1.501593,-2.071991,71.24366
KITTI_odometry,05,image_0,002480,sequences/05/image_0/002480.png,258.3713,-1.531721,-2.102578,72.33085
KITTI_odometry,05,image_0,002481,sequences/05/image_0/002481.png,258.4755,-1.562229,-2.13256,73.41608
KITTI_odometry,05,image_0,002482,sequences/05/image_0/002482.png,258.5796,-1.593624,-2.162929,74.49454
KITTI_odometry,05,image_0,002483,sequences/05/image_0/002483.png,258.6837,-1.625772,-2.193626,75.56828
KITTI_odometry,05,image_0,002484,sequences/05/image_0/002484.png,258.7878,-1.660434,-2.225262,76.63661
KITTI_odometry,05,image_0,002485,sequences/05/image_0/002485.png,258.892,-1.698099,-2.257835,77.7096
KITTI_odometry,05,image_0,002486,sequences/05/image_0/002486.png,258.9961,-1.736262,-2.2899,78.78068
KITTI_odometry,05,image_0,002487,sequences/05/image_0/002487.png,259.1003,-1.775229,-2.319234,79.85204
KITTI_odometry,05,image_0,002488,sequences/05/image_0/002488.png,259.2045,-1.815737,-2.346468,80.91453
KITTI_odometry,05,image_0,002489,sequences/05/image_0/002489.png,259.3086,-1.856476,-2.370869,81.97255
KITTI_odometry,05,image_0,002490,sequences/05/image_0/002490.png,259.4128,-1.895797,-2.393122,83.03226
KITTI_odometry,05,image_0,002491,sequences/05/image_0/002491.png,259.517,-1.93672,-2.417674,84.08849
KITTI_odometry,05,image_0,002492,sequences/05/image_0/002492.png,259.6211,-1.977116,-2.443876,85.13908
KITTI_odometry,05,image_0,002493,sequences/05/image_0/002493.png,259.7252,-2.017852,-2.466419,86.18538
KITTI_odometry,05,image_0,002494,sequences/05/image_0/002494.png,259.8293,-2.060208,-2.490081,87.23802
KITTI_odometry,05,image_0,002495,sequences/05/image_0/002495.png,259.9335,-2.103774,-2.513205,88.28643
KITTI_odometry,05,image_0,002496,sequences/05/image_0/002496.png,260.0376,-2.146481,-2.536284,89.32926
KITTI_odometry,05,image_0,002497,sequences/05/image_0/002497.png,260.1417,-2.187833,-2.559082,90.36824
KITTI_odometry,05,image_0,002498,sequences/05/image_0/002498.png,260.246,-2.226841,-2.581569,91.40553
KITTI_odometry,05,image_0,002499,sequences/05/image_0/002499.png,260.3501,-2.2634,-2.605028,92.44253
KITTI_odometry,05,image_0,002500,sequences/05/image_0/002500.png,260.4542,-2.300411,-2.62912,93.47693
KITTI_odometry,05,image_0,002501,sequences/05/image_0/002501.png,260.5583,-2.33605,-2.652197,94.50818
KITTI_odometry,05,image_0,002502,sequences/05/image_0/002502.png,260.6625,-2.372203,-2.672743,95.53822
KITTI_odometry,05,image_0,002503,sequences/05/image_0/002503.png,260.7667,-2.406668,-2.69523,96.56505
KITTI_odometry,05,image_0,002504,sequences/05/image_0/002504.png,260.8708,-2.437822,-2.720792,97.59023
KITTI_odometry,05,image_0,002505,sequences/05/image_0/002505.png,260.975,-2.465941,-2.746454,98.60554
KITTI_odometry,05,image_0,002506,sequences/05/image_0/002506.png,261.0791,-2.491997,-2.772152,99.61807
KITTI_odometry,05,image_0,002507,sequences/05/image_0/002507.png,261.1833,-2.516259,-2.802258,100.6323
KITTI_odometry,05,image_0,002508,sequences/05/image_0/002508.png,261.2875,-2.540211,-2.838082,101.6515
KITTI_odometry,05,image_0,002509,sequences/05/image_0/002509.png,261.3917,-2.559424,-2.870099,102.672
KITTI_odometry,05,image_0,002510,sequences/05/image_0/002510.png,261.4958,-2.573631,-2.89944,103.6884
KITTI_odometry,05,image_0,002511,sequences/05/image_0/002511.png,261.6001,-2.582148,-2.925752,104.6967
KITTI_odometry,05,image_0,002512,sequences/05/image_0/002512.png,261.7042,-2.587543,-2.951613,105.6908
KITTI_odometry,05,image_0,002513,sequences/05/image_0/002513.png,261.8083,-2.591377,-2.985411,106.6807
KITTI_odometry,05,image_0,002514,sequences/05/image_0/002514.png,261.9125,-2.595436,-3.023919,107.6743
KITTI_odometry,05,image_0,002515,sequences/05/image_0/002515.png,262.0166,-2.603074,-3.068168,108.6731
KITTI_odometry,05,image_0,002516,sequences/05/image_0/002516.png,262.1207,-2.613518,-3.112783,109.6792
KITTI_odometry,05,image_0,002517,sequences/05/image_0/002517.png,262.225,-2.621977,-3.15495,110.6919
KITTI_odometry,05,image_0,002518,sequences/05/image_0/002518.png,262.3291,-2.632184,-3.191876,111.7158
KITTI_odometry,05,image_0,002519,sequences/05/image_0/002519.png,262.4332,-2.64363,-3.225087,112.748
KITTI_odometry,05,image_0,002520,sequences/05/image_0/002520.png,262.5373,-2.648827,-3.251978,113.7867
KITTI_odometry,05,image_0,002521,sequences/05/image_0/002521.png,262.6415,-2.658982,-3.272939,114.8366
KITTI_odometry,05,image_0,002522,sequences/05/image_0/002522.png,262.7456,-2.670822,-3.289386,115.8956
KITTI_odometry,05,image_0,002523,sequences/05/image_0/002523.png,262.8498,-2.681214,-3.305847,116.9672
KITTI_odometry,05,image_0,002524,sequences/05/image_0/002524.png,262.954,-2.693727,-3.316682,118.0391
KITTI_odometry,05,image_0,002525,sequences/05/image_0/002525.png,263.0581,-2.704277,-3.331533,119.1204
KITTI_odometry,05,image_0,002526,sequences/05/image_0/002526.png,263.1623,-2.72144,-3.353173,120.2045
KITTI_odometry,05,image_0,002527,sequences/05/image_0/002527.png,263.2666,-2.737358,-3.381869,121.2928
KITTI_odometry,05,image_0,002528,sequences/05/image_0/002528.png,263.3707,-2.75313,-3.418047,122.3904
KITTI_odometry,05,image_0,002529,sequences/05/image_0/002529.png,263.475,-2.774777,-3.458707,123.5067
KITTI_odometry,05,image_0,002530,sequences/05/image_0/002530.png,263.5791,-2.796853,-3.498461,124.6336
KITTI_odometry,05,image_0,002531,sequences/05/image_0/002531.png,263.6832,-2.818486,-3.533192,125.7673
KITTI_odometry,05,image_0,002532,sequences/05/image_0/002532.png,263.7873,-2.842109,-3.568332,126.9024
KITTI_odometry,05,image_0,002533,sequences/05/image_0/002533.png,263.8915,-2.868633,-3.606098,128.0456
KITTI_odometry,05,image_0,002534,sequences/05/image_0/002534.png,263.9957,-2.894674,-3.642637,129.1941
KITTI_odometry,05,image_0,002535,sequences/05/image_0/002535.png,264.0999,-2.924595,-3.680213,130.351
KITTI_odometry,05,image_0,002536,sequences/05/image_0/002536.png,264.204,-2.955332,-3.716558,131.5075
KITTI_odometry,05,image_0,002537,sequences/05/image_0/002537.png,264.3081,-2.989266,-3.751573,132.6632
KITTI_odometry,05,image_0,002538,sequences/05/image_0/002538.png,264.4122,-3.024507,-3.787047,133.8196
KITTI_odometry,05,image_0,002539,sequences/05/image_0/002539.png,264.5163,-3.061487,-3.822251,134.9693
KITTI_odometry,05,image_0,002540,sequences/05/image_0/002540.png,264.6205,-3.098988,-3.858432,136.1179
KITTI_odometry,05,image_0,002541,sequences/05/image_0/002541.png,264.7246,-3.138966,-3.892406,137.2625
KITTI_odometry,05,image_0,002542,sequences/05/image_0/002542.png,264.8287,-3.181202,-3.926711,138.4126
KITTI_odometry,05,image_0,002543,sequences/05/image_0/002543.png,264.9328,-3.223176,-3.959275,139.5546
KITTI_odometry,05,image_0,002544,sequences/05/image_0/002544.png,265.0371,-3.265946,-3.992143,140.6935
KITTI_odometry,05,image_0,002545,sequences/05/image_0/002545.png,265.1412,-3.308422,-4.025489,141.8271
KITTI_odometry,05,image_0,002546,sequences/05/image_0/002546.png,265.2453,-3.349036,-4.057588,142.9599
KITTI_odometry,05,image_0,002547,sequences/05/image_0/002547.png,265.3495,-3.389718,-4.089633,144.0955
KITTI_odometry,05,image_0,002548,sequences/05/image_0/002548.png,265.4536,-3.431331,-4.117886,145.2273
KITTI_odometry,05,image_0,002549,sequences/05/image_0/002549.png,265.5577,-3.477541,-4.142642,146.351
KITTI_odometry,05,image_0,002550,sequences/05/image_0/002550.png,265.6618,-3.526115,-4.167273,147.4675
KITTI_odometry,05,image_0,002551,sequences/05/image_0/002551.png,265.766,-3.577485,-4.193843,148.5769
KITTI_odometry,05,image_0,002552,sequences/05/image_0/002552.png,265.8701,-3.624478,-4.226003,149.6798
KITTI_odometry,05,image_0,002553,sequences/05/image_0/002553.png,265.9742,-3.671472,-4.261989,150.7753
KITTI_odometry,05,image_0,002554,sequences/05/image_0/002554.png,266.0783,-3.714791,-4.296808,151.8613
KITTI_odometry,05,image_0,002555,sequences/05/image_0/002555.png,266.1826,-3.754718,-4.333155,152.939
KITTI_odometry,05,image_0,002556,sequences/05/image_0/002556.png,266.2867,-3.794318,-4.368932,154.0039
KITTI_odometry,05,image_0,002557,sequences/05/image_0/002557.png,266.391,-3.831714,-4.406174,155.0663
KITTI_odometry,05,image_0,002558,sequences/05/image_0/002558.png,266.4951,-3.868959,-4.438864,156.1225
KITTI_odometry,05,image_0,002559,sequences/05/image_0/002559.png,266.5992,-3.904131,-4.473277,157.1722
KITTI_odometry,05,image_0,002560,sequences/05/image_0/002560.png,266.7035,-3.938124,-4.504975,158.2148
KITTI_odometry,05,image_0,002561,sequences/05/image_0/002561.png,266.8076,-3.96946,-4.537441,159.2473
KITTI_odometry,05,image_0,002562,sequences/05/image_0/002562.png,266.9117,-3.996788,-4.569107,160.2765
KITTI_odometry,05,image_0,002563,sequences/05/image_0/002563.png,267.016,-4.024156,-4.602946,161.3026
KITTI_odometry,05,image_0,002564,sequences/05/image_0/002564.png,267.1201,-4.053863,-4.638812,162.3204
KITTI_odometry,05,image_0,002565,sequences/05/image_0/002565.png,267.2243,-4.071651,-4.668349,163.334
KITTI_odometry,05,image_0,002566,sequences/05/image_0/002566.png,267.3285,-4.08898,-4.70262,164.3467
KITTI_odometry,05,image_0,002567,sequences/05/image_0/002567.png,267.4327,-4.105311,-4.733185,165.36
KITTI_odometry,05,image_0,002568,sequences/05/image_0/002568.png,267.5369,-4.122556,-4.761485,166.3689
KITTI_odometry,05,image_0,002569,sequences/05/image_0/002569.png,267.6411,-4.143234,-4.790723,167.3719
KITTI_odometry,05,image_0,002570,sequences/05/image_0/002570.png,267.7452,-4.167454,-4.821002,168.3701
KITTI_odometry,05,image_0,002571,sequences/05/image_0/002571.png,267.8493,-4.194278,-4.852698,169.3809
KITTI_odometry,05,image_0,002572,sequences/05/image_0/002572.png,267.9535,-4.218861,-4.886548,170.3973
KITTI_odometry,05,image_0,002573,sequences/05/image_0/002573.png,268.0576,-4.242992,-4.921437,171.4177
KITTI_odometry,05,image_0,002574,sequences/05/image_0/002574.png,268.1617,-4.264263,-4.946285,172.4404
KITTI_odometry,05,image_0,002575,sequences/05/image_0/002575.png,268.266,-4.279245,-4.974309,173.4701
KITTI_odometry,05,image_0,002576,sequences/05/image_0/002576.png,268.3701,-4.29427,-4.999888,174.5052
KITTI_odometry,05,image_0,002577,sequences/05/image_0/002577.png,268.4742,-4.319751,-5.021846,175.5473
KITTI_odometry,05,image_0,002578,sequences/05/image_0/002578.png,268.5785,-4.342706,-5.037103,176.6016
KITTI_odometry,05,image_0,002579,sequences/05/image_0/002579.png,268.6826,-4.36619,-5.046741,177.656
KITTI_odometry,05,image_0,002580,sequences/05/image_0/002580.png,268.7867,-4.393173,-5.055111,178.7056
KITTI_odometry,05,image_0,002581,sequences/05/image_0/002581.png,268.8908,-4.428389,-5.066353,179.7615
KITTI_odometry,05,image_0,002582,sequences/05/image_0/002582.png,268.9951,-4.461887,-5.080405,180.8223
KITTI_odometry,05,image_0,002583,sequences/05/image_0/002583.png,269.0992,-4.501446,-5.102497,181.8929
KITTI_odometry,05,image_0,002584,sequences/05/image_0/002584.png,269.2035,-4.538249,-5.128816,182.9724
KITTI_odometry,05,image_0,002585,sequences/05/image_0/002585.png,269.3076,-4.577398,-5.161098,184.0596
KITTI_odometry,05,image_0,002586,sequences/05/image_0/002586.png,269.4118,-4.607667,-5.19387,185.156
KITTI_odometry,05,image_0,002587,sequences/05/image_0/002587.png,269.516,-4.635545,-5.228298,186.2574
KITTI_odometry,05,image_0,002588,sequences/05/image_0/002588.png,269.6201,-4.669631,-5.26411,187.3649
KITTI_odometry,05,image_0,002589,sequences/05/image_0/002589.png,269.7242,-4.701222,-5.299376,188.4778
KITTI_odometry,05,image_0,002590,sequences/05/image_0/002590.png,269.8285,-4.740433,-5.337478,189.6005
KITTI_odometry,05,image_0,002591,sequences/05/image_0/002591.png,269.9326,-4.775134,-5.370083,190.7235
KITTI_odometry,05,image_0,002592,sequences/05/image_0/002592.png,270.0367,-4.806531,-5.400336,191.8495
KITTI_odometry,05,image_0,002593,sequences/05/image_0/002593.png,270.141,-4.834232,-5.432643,192.9745
KITTI_odometry,05,image_0,002594,sequences/05/image_0/002594.png,270.2451,-4.861001,-5.46595,194.0911
KITTI_odometry,05,image_0,002595,sequences/05/image_0/002595.png,270.3492,-4.887285,-5.503274,195.2074
KITTI_odometry,05,image_0,002596,sequences/05/image_0/002596.png,270.4534,-4.913229,-5.542014,196.3293
KITTI_odometry,05,image_0,002597,sequences/05/image_0/002597.png,270.5575,-4.944453,-5.583495,197.4501
KITTI_odometry,05,image_0,002598,sequences/05/image_0/002598.png,270.6617,-4.976513,-5.62018,198.5656
KITTI_odometry,05,image_0,002599,sequences/05/image_0/002599.png,270.7659,-5.004174,-5.653498,199.6738
KITTI_odometry,05,image_0,002600,sequences/05/image_0/002600.png,270.87,-5.032187,-5.688522,200.7832
KITTI_odometry,05,image_0,002601,sequences/05/image_0/002601.png,270.9741,-5.057617,-5.726707,201.8908
KITTI_odometry,05,image_0,002602,sequences/05/image_0/002602.png,271.0782,-5.080255,-5.763733,202.9899
KITTI_odometry,05,image_0,002603,sequences/05/image_0/002603.png,271.1823,-5.108008,-5.794768,204.0882
KITTI_odometry,05,image_0,002604,sequences/05/image_0/002604.png,271.2865,-5.132018,-5.828125,205.1795
KITTI_odometry,05,image_0,002605,sequences/05/image_0/002605.png,271.3906,-5.162327,-5.858524,206.2655
KITTI_odometry,05,image_0,002606,sequences/05/image_0/002606.png,271.4947,-5.187354,-5.8846,207.3378
KITTI_odometry,05,image_0,002607,sequences/05/image_0/002607.png,271.5989,-5.210165,-5.91054,208.394
KITTI_odometry,05,image_0,002608,sequences/05/image_0/002608.png,271.703,-5.229687,-5.935315,209.4337
KITTI_odometry,05,image_0,002609,sequences/05/image_0/002609.png,271.8072,-5.256357,-5.964227,210.4534
KITTI_odometry,05,image_0,002610,sequences/05/image_0/002610.png,271.9114,-5.281372,-5.994618,211.4515
KITTI_odometry,05,image_0,002611,sequences/05/image_0/002611.png,272.0155,-5.306406,-6.028197,212.4318
KITTI_odometry,05,image_0,002612,sequences/05/image_0/002612.png,272.1196,-5.333844,-6.061449,213.4063
KITTI_odometry,05,image_0,002613,sequences/05/image_0/002613.png,272.2237,-5.354878,-6.093104,214.3656
KITTI_odometry,05,image_0,002614,sequences/05/image_0/002614.png,272.3279,-5.376504,-6.125768,215.319
KITTI_odometry,05,image_0,002615,sequences/05/image_0/002615.png,272.4321,-5.394247,-6.155286,216.2647
KITTI_odometry,05,image_0,002616,sequences/05/image_0/002616.png,272.5362,-5.416052,-6.187427,217.2057
KITTI_odometry,05,image_0,002617,sequences/05/image_0/002617.png,272.6405,-5.436926,-6.219919,218.1455
KITTI_odometry,05,image_0,002618,sequences/05/image_0/002618.png,272.7446,-5.451802,-6.252915,219.0794
KITTI_odometry,05,image_0,002619,sequences/05/image_0/002619.png,272.8488,-5.469074,-6.284507,220.014
KITTI_odometry,05,image_0,002620,sequences/05/image_0/002620.png,272.953,-5.483243,-6.315979,220.9438
KITTI_odometry,05,image_0,002621,sequences/05/image_0/002621.png,273.0572,-5.49549,-6.347473,221.8719
KITTI_odometry,05,image_0,002622,sequences/05/image_0/002622.png,273.1615,-5.505322,-6.379467,222.7981
KITTI_odometry,05,image_0,002623,sequences/05/image_0/002623.png,273.2656,-5.516509,-6.411726,223.7223
KITTI_odometry,05,image_0,002624,sequences/05/image_0/002624.png,273.3699,-5.529255,-6.442633,224.647
KITTI_odometry,05,image_0,002625,sequences/05/image_0/002625.png,273.4741,-5.545023,-6.475233,225.5714
KITTI_odometry,05,image_0,002626,sequences/05/image_0/002626.png,273.5784,-5.545765,-6.504615,226.4983
KITTI_odometry,05,image_0,002627,sequences/05/image_0/002627.png,273.6825,-5.552133,-6.541266,227.42
KITTI_odometry,05,image_0,002628,sequences/05/image_0/002628.png,273.7867,-5.56361,-6.579923,228.3373
KITTI_odometry,05,image_0,002629,sequences/05/image_0/002629.png,273.8909,-5.565319,-6.618473,229.259
KITTI_odometry,05,image_0,002630,sequences/05/image_0/002630.png,273.995,-5.574282,-6.662608,230.1888
KITTI_odometry,05,image_0,002631,sequences/05/image_0/002631.png,274.0991,-5.59868,-6.712705,231.1303
KITTI_odometry,05,image_0,002632,sequences/05/image_0/002632.png,274.2032,-5.627327,-6.756883,232.0713
KITTI_odometry,05,image_0,002633,sequences/05/image_0/002633.png,274.3073,-5.665685,-6.795956,233.0283
KITTI_odometry,05,image_0,002634,sequences/05/image_0/002634.png,274.4115,-5.715519,-6.828623,233.9927
KITTI_odometry,05,image_0,002635,sequences/05/image_0/002635.png,274.5156,-5.771009,-6.852764,234.9616
KITTI_odometry,05,image_0,002636,sequences/05/image_0/002636.png,274.6197,-5.826839,-6.869182,235.9345
KITTI_odometry,05,image_0,002637,sequences/05/image_0/002637.png,274.724,-5.886862,-6.885877,236.9129
KITTI_odometry,05,image_0,002638,sequences/05/image_0/002638.png,274.8282,-5.960975,-6.902209,237.9024
KITTI_odometry,05,image_0,002639,sequences/05/image_0/002639.png,274.9326,-6.024778,-6.92119,238.9004
KITTI_odometry,05,image_0,002640,sequences/05/image_0/002640.png,275.037,-6.076718,-6.943334,239.9117
KITTI_odometry,05,image_0,002641,sequences/05/image_0/002641.png,275.1412,-6.127033,-6.963063,240.9341
KITTI_odometry,05,image_0,002642,sequences/05/image_0/002642.png,275.2456,-6.173462,-6.989056,241.9667
KITTI_odometry,05,image_0,002643,sequences/05/image_0/002643.png,275.3499,-6.214931,-7.013397,243.0115
KITTI_odometry,05,image_0,002644,sequences/05/image_0/002644.png,275.4541,-6.260968,-7.04254,244.0632
KITTI_odometry,05,image_0,002645,sequences/05/image_0/002645.png,275.5584,-6.311473,-7.075354,245.1299
KITTI_odometry,05,image_0,002646,sequences/05/image_0/002646.png,275.6626,-6.364206,-7.112863,246.21
KITTI_odometry,05,image_0,002647,sequences/05/image_0/002647.png,275.7669,-6.418186,-7.149031,247.3066
KITTI_odometry,05,image_0,002648,sequences/05/image_0/002648.png,275.8711,-6.472198,-7.184133,248.4194
KITTI_odometry,05,image_0,002649,sequences/05/image_0/002649.png,275.9754,-6.521044,-7.214125,249.5426
KITTI_odometry,05,image_0,002650,sequences/05/image_0/002650.png,276.0796,-6.568485,-7.241317,250.6774
KITTI_odometry,05,image_0,002651,sequences/05/image_0/002651.png,276.1839,-6.614428,-7.271394,251.8203
KITTI_odometry,05,image_0,002652,sequences/05/image_0/002652.png,276.288,-6.657659,-7.302307,252.972
KITTI_odometry,05,image_0,002653,sequences/05/image_0/002653.png,276.3922,-6.699168,-7.339793,254.1351
KITTI_odometry,05,image_0,002654,sequences/05/image_0/002654.png,276.4965,-6.746367,-7.379589,255.3108
KITTI_odometry,05,image_0,002655,sequences/05/image_0/002655.png,276.6006,-6.794881,-7.41447,256.4919
KITTI_odometry,05,image_0,002656,sequences/05/image_0/002656.png,276.7049,-6.837373,-7.444359,257.6737
KITTI_odometry,05,image_0,002657,sequences/05/image_0/002657.png,276.809,-6.881155,-7.475593,258.8504
KITTI_odometry,05,image_0,002658,sequences/05/image_0/002658.png,276.9131,-6.924264,-7.504615,260.0266
KITTI_odometry,05,image_0,002659,sequences/05/image_0/002659.png,277.0174,-6.967188,-7.534244,261.1974
KITTI_odometry,05,image_0,002660,sequences/05/image_0/002660.png,277.1215,-7.013517,-7.568596,262.3621
KITTI_odometry,05,image_0,002661,sequences/05/image_0/002661.png,277.2257,-7.052122,-7.602776,263.5226
KITTI_odometry,05,image_0,002662,sequences/05/image_0/002662.png,277.3299,-7.093594,-7.643185,264.6822
KITTI_odometry,05,image_0,002663,sequences/05/image_0/002663.png,277.434,-7.131035,-7.687472,265.8405
KITTI_odometry,05,image_0,002664,sequences/05/image_0/002664.png,277.5382,-7.164917,-7.729946,266.9982
KITTI_odometry,05,image_0,002665,sequences/05/image_0/002665.png,277.6424,-7.20139,-7.770953,268.1579
KITTI_odometry,05,image_0,002666,sequences/05/image_0/002666.png,277.7466,-7.243244,-7.807983,269.3111
KITTI_odometry,05,image_0,002667,sequences/05/image_0/002667.png,277.8507,-7.284815,-7.841528,270.4572
KITTI_odometry,05,image_0,002668,sequences/05/image_0/002668.png,277.9549,-7.330537,-7.87592,271.5913
KITTI_odometry,05,image_0,002669,sequences/05/image_0/002669.png,278.0591,-7.373617,-7.917319,272.7257
KITTI_odometry,05,image_0,002670,sequences/05/image_0/002670.png,278.1632,-7.417194,-7.959648,273.8528
KITTI_odometry,05,image_0,002671,sequences/05/image_0/002671.png,278.2674,-7.451103,-8.002928,274.9698
KITTI_odometry,05,image_0,002672,sequences/05/image_0/002672.png,278.3715,-7.486337,-8.037434,276.0763
KITTI_odometry,05,image_0,002673,sequences/05/image_0/002673.png,278.4757,-7.523524,-8.072171,277.1744
KITTI_odometry,05,image_0,002674,sequences/05/image_0/002674.png,278.5799,-7.564462,-8.102989,278.2512
KITTI_odometry,05,image_0,002675,sequences/05/image_0/002675.png,278.684,-7.607877,-8.132476,279.3126
KITTI_odometry,05,image_0,002676,sequences/05/image_0/002676.png,278.7881,-7.651625,-8.164074,280.3583
KITTI_odometry,05,image_0,002677,sequences/05/image_0/002677.png,278.8922,-7.695437,-8.196817,281.3917
KITTI_odometry,05,image_0,002678,sequences/05/image_0/002678.png,278.9962,-7.739183,-8.228729,282.4095
KITTI_odometry,05,image_0,002679,sequences/05/image_0/002679.png,279.1004,-7.782923,-8.257546,283.4149
KITTI_odometry,05,image_0,002680,sequences/05/image_0/002680.png,279.2045,-7.827832,-8.283317,284.4024
KITTI_odometry,05,image_0,002681,sequences/05/image_0/002681.png,279.3086,-7.871954,-8.306128,285.3685
KITTI_odometry,05,image_0,002682,sequences/05/image_0/002682.png,279.4128,-7.918403,-8.323367,286.3152
KITTI_odometry,05,image_0,002683,sequences/05/image_0/002683.png,279.5169,-7.965933,-8.34068,287.2514
KITTI_odometry,05,image_0,002684,sequences/05/image_0/002684.png,279.621,-8.012239,-8.358964,288.1858
KITTI_odometry,05,image_0,002685,sequences/05/image_0/002685.png,279.7251,-8.055697,-8.377774,289.1193
KITTI_odometry,05,image_0,002686,sequences/05/image_0/002686.png,279.8294,-8.099656,-8.395247,290.0536
KITTI_odometry,05,image_0,002687,sequences/05/image_0/002687.png,279.9335,-8.14395,-8.412569,290.9826
KITTI_odometry,05,image_0,002688,sequences/05/image_0/002688.png,280.0377,-8.18546,-8.425613,291.9113
KITTI_odometry,05,image_0,002689,sequences/05/image_0/002689.png,280.142,-8.229547,-8.444553,292.8345
KITTI_odometry,05,image_0,002690,sequences/05/image_0/002690.png,280.2461,-8.273088,-8.465367,293.7505
KITTI_odometry,05,image_0,002691,sequences/05/image_0/002691.png,280.3504,-8.314789,-8.489262,294.6684
KITTI_odometry,05,image_0,002692,sequences/05/image_0/002692.png,280.4546,-8.352569,-8.513983,295.5867
KITTI_odometry,05,image_0,002693,sequences/05/image_0/002693.png,280.5588,-8.389719,-8.543865,296.5071
KITTI_odometry,05,image_0,002694,sequences/05/image_0/002694.png,280.663,-8.425515,-8.576711,297.4337
KITTI_odometry,05,image_0,002695,sequences/05/image_0/002695.png,280.7672,-8.452455,-8.607877,298.3651
KITTI_odometry,05,image_0,002696,sequences/05/image_0/002696.png,280.8714,-8.469175,-8.637605,299.2996
KITTI_odometry,05,image_0,002697,sequences/05/image_0/002697.png,280.9756,-8.486769,-8.662529,300.2399
KITTI_odometry,05,image_0,002698,sequences/05/image_0/002698.png,281.0797,-8.503287,-8.687345,301.1803
KITTI_odometry,05,image_0,002699,sequences/05/image_0/002699.png,281.184,-8.517484,-8.709594,302.1317
KITTI_odometry,05,image_0,002700,sequences/05/image_0/002700.png,281.2881,-8.528132,-8.728974,303.0876
KITTI_odometry,05,image_0,002701,sequences/05/image_0/002701.png,281.3924,-8.533879,-8.74547,304.0586
KITTI_odometry,05,image_0,002702,sequences/05/image_0/002702.png,281.4966,-8.539296,-8.762769,305.0331
KITTI_odometry,05,image_0,002703,sequences/05/image_0/002703.png,281.6007,-8.538802,-8.775323,306.0125
KITTI_odometry,05,image_0,002704,sequences/05/image_0/002704.png,281.705,-8.536915,-8.794196,307.001
KITTI_odometry,05,image_0,002705,sequences/05/image_0/002705.png,281.8093,-8.525271,-8.814466,308.0124
KITTI_odometry,05,image_0,002706,sequences/05/image_0/002706.png,281.9134,-8.512542,-8.837861,309.0309
KITTI_odometry,05,image_0,002707,sequences/05/image_0/002707.png,282.0176,-8.492832,-8.861627,310.0558
KITTI_odometry,05,image_0,002708,sequences/05/image_0/002708.png,282.1219,-8.470877,-8.889772,311.0803
KITTI_odometry,05,image_0,002709,sequences/05/image_0/002709.png,282.226,-8.446156,-8.92188,312.1119
KITTI_odometry,05,image_0,002710,sequences/05/image_0/002710.png,282.3302,-8.417003,-8.96025,313.1671
KITTI_odometry,05,image_0,002711,sequences/05/image_0/002711.png,282.4345,-8.389103,-9.000111,314.2336
KITTI_odometry,05,image_0,002712,sequences/05/image_0/002712.png,282.5386,-8.3519,-9.032267,315.2979
KITTI_odometry,05,image_0,002713,sequences/05/image_0/002713.png,282.6429,-8.309687,-9.063443,316.3648
KITTI_odometry,05,image_0,002714,sequences/05/image_0/002714.png,282.747,-8.262018,-9.098983,317.4365
KITTI_odometry,05,image_0,002715,sequences/05/image_0/002715.png,282.8512,-8.211642,-9.139482,318.5205
KITTI_odometry,05,image_0,002716,sequences/05/image_0/002716.png,282.9555,-8.15587,-9.183213,319.6104
KITTI_odometry,05,image_0,002717,sequences/05/image_0/002717.png,283.0596,-8.09554,-9.226087,320.7088
KITTI_odometry,05,image_0,002718,sequences/05/image_0/002718.png,283.1637,-8.03187,-9.263036,321.8163
KITTI_odometry,05,image_0,002719,sequences/05/image_0/002719.png,283.268,-7.960404,-9.297324,322.9341
KITTI_odometry,05,image_0,002720,sequences/05/image_0/002720.png,283.3722,-7.881873,-9.325499,324.0556
KITTI_odometry,05,image_0,002721,sequences/05/image_0/002721.png,283.4764,-7.798255,-9.353057,325.1794
KITTI_odometry,05,image_0,002722,sequences/05/image_0/002722.png,283.5806,-7.703403,-9.376684,326.3113
KITTI_odometry,05,image_0,002723,sequences/05/image_0/002723.png,283.6848,-7.60792,-9.406538,327.4454
KITTI_odometry,05,image_0,002724,sequences/05/image_0/002724.png,283.7889,-7.51371,-9.435047,328.583
KITTI_odometry,05,image_0,002725,sequences/05/image_0/002725.png,283.893,-7.419185,-9.470959,329.7352
KITTI_odometry,05,image_0,002726,sequences/05/image_0/002726.png,283.9971,-7.322558,-9.507679,330.8977
KITTI_odometry,05,image_0,002727,sequences/05/image_0/002727.png,284.1012,-7.22706,-9.545983,332.0704
KITTI_odometry,05,image_0,002728,sequences/05/image_0/002728.png,284.2054,-7.127779,-9.583792,333.2491
KITTI_odometry,05,image_0,002729,sequences/05/image_0/002729.png,284.3095,-7.028228,-9.625415,334.4427
KITTI_odometry,05,image_0,002730,sequences/05/image_0/002730.png,284.4136,-6.93036,-9.674579,335.6446
KITTI_odometry,05,image_0,002731,sequences/05/image_0/002731.png,284.5177,-6.83286,-9.724804,336.8462
KITTI_odometry,05,image_0,002732,sequences/05/image_0/002732.png,284.6219,-6.734158,-9.772633,338.0489
KITTI_odometry,05,image_0,002733,sequences/05/image_0/002733.png,284.726,-6.634241,-9.817662,339.2522
KITTI_odometry,05,image_0,002734,sequences/05/image_0/002734.png,284.8301,-6.537898,-9.86447,340.4585
KITTI_odometry,05,image_0,002735,sequences/05/image_0/002735.png,284.9341,-6.445909,-9.910367,341.6581
KITTI_odometry,05,image_0,002736,sequences/05/image_0/002736.png,285.0382,-6.35332,-9.950653,342.8491
KITTI_odometry,05,image_0,002737,sequences/05/image_0/002737.png,285.1424,-6.266625,-9.994225,344.0377
KITTI_odometry,05,image_0,002738,sequences/05/image_0/002738.png,285.2464,-6.181209,-10.04011,345.2194
KITTI_odometry,05,image_0,002739,sequences/05/image_0/002739.png,285.3505,-6.099343,-10.09924,346.4097
KITTI_odometry,05,image_0,002740,sequences/05/image_0/002740.png,285.4546,-6.015877,-10.15062,347.5921
KITTI_odometry,05,image_0,002741,sequences/05/image_0/002741.png,285.5587,-5.935452,-10.20417,348.7732
KITTI_odometry,05,image_0,002742,sequences/05/image_0/002742.png,285.6627,-5.858059,-10.2529,349.945
KITTI_odometry,05,image_0,002743,sequences/05/image_0/002743.png,285.7669,-5.787179,-10.30853,351.1117
KITTI_odometry,05,image_0,002744,sequences/05/image_0/002744.png,285.871,-5.716445,-10.3623,352.28
KITTI_odometry,05,image_0,002745,sequences/05/image_0/002745.png,285.9751,-5.647279,-10.41632,353.444
KITTI_odometry,05,image_0,002746,sequences/05/image_0/002746.png,286.0792,-5.576861,-10.46583,354.601
KITTI_odometry,05,image_0,002747,sequences/05/image_0/002747.png,286.1834,-5.509189,-10.51734,355.7461
KITTI_odometry,05,image_0,002748,sequences/05/image_0/002748.png,286.2874,-5.439992,-10.56737,356.885
KITTI_odometry,05,image_0,002749,sequences/05/image_0/002749.png,286.3915,-5.370219,-10.61757,358.0303
KITTI_odometry,05,image_0,002750,sequences/05/image_0/002750.png,286.4956,-5.307417,-10.66318,359.1764
KITTI_odometry,05,image_0,002751,sequences/05/image_0/002751.png,286.5997,-5.251048,-10.6981,360.3156
KITTI_odometry,05,image_0,002752,sequences/05/image_0/002752.png,286.7039,-5.194755,-10.72819,361.4428
KITTI_odometry,05,image_0,002753,sequences/05/image_0/002753.png,286.8081,-5.144171,-10.756,362.5628
KITTI_odometry,05,image_0,002754,sequences/05/image_0/002754.png,286.9122,-5.098453,-10.79009,363.6716
KITTI_odometry,05,image_0,002755,sequences/05/image_0/002755.png,287.0164,-5.048256,-10.82466,364.7771
KITTI_odometry,05,image_0,002756,sequences/05/image_0/002756.png,287.1205,-5.000053,-10.86545,365.885
KITTI_odometry,05,image_0,002757,sequences/05/image_0/002757.png,287.2246,-4.951017,-10.90103,366.9898
KITTI_odometry,05,image_0,002758,sequences/05/image_0/002758.png,287.3287,-4.901568,-10.93291,368.089
KITTI_odometry,05,image_0,002759,sequences/05/image_0/002759.png,287.4329,-4.851686,-10.96449,369.1784
KITTI_odometry,05,image_0,002760,sequences/05/image_0/002760.png,287.537,-4.804541,-10.99719,370.2569
