split,event_id,dataset,sequence,spatial_radius_m,temporal_exclusion_frames,query_frame,reference_frame,spatial_distance_m,query_heading_deg,reference_heading_deg,heading_difference_deg,traversal_class
calibration,1,KITTI_odometry,05,5.0,100,1292,532,4.9045491250470725,215.37831635321965,328.8412641276212,113.46294777440153,oblique
calibration,1,KITTI_odometry,05,5.0,100,1292,533,4.735816550501107,215.37831635321965,325.5344425023367,110.15612614911703,oblique
calibration,1,KITTI_odometry,05,5.0,100,1292,534,4.651633076673196,215.37831635321965,322.1601446540785,106.78182830085888,oblique
calibration,1,KITTI_odometry,05,5.0,100,1292,535,4.575609557206573,215.37831635321965,318.77344782273946,103.39513146951981,oblique
calibration,1,KITTI_odometry,05,5.0,100,1292,536,4.59857897724939,215.37831635321965,315.4142963006465,100.03597994742688,oblique
calibration,1,KITTI_odometry,05,5.0,100,1292,537,4.635794130459211,215.37831635321965,312.08716499370746,96.70884864048782,oblique
calibration,1,KITTI_odometry,05,5.0,100,1292,538,4.72037698706367,215.37831635321965,308.7441949945224,93.36587864130274,oblique
calibration,1,KITTI_odometry,05,5.0,100,1292,539,4.8932579842064605,215.37831635321965,305.45838991965076,90.08007356643111,oblique
calibration,1,KITTI_odometry,05,5.0,100,1293,530,4.915192627964856,218.08756671193282,335.42473320825013,117.33716649631731,oblique
calibration,1,KITTI_odometry,05,5.0,100,1293,531,4.684854851540227,218.08756671193282,332.13512489761126,114.04755818567844,oblique
calibration,1,KITTI_odometry,05,5.0,100,1293,532,4.463392790243765,218.08756671193282,328.8412641276212,110.75369741568835,oblique
calibration,1,KITTI_odometry,05,5.0,100,1293,533,4.284024224954873,218.08756671193282,325.5344425023367,107.44687579040385,oblique
calibration,1,KITTI_odometry,05,5.0,100,1293,534,4.190755273217484,218.08756671193282,322.1601446540785,104.0725779421457,oblique
calibration,1,KITTI_odometry,05,5.0,100,1293,535,4.108865889755972,218.08756671193282,318.77344782273946,100.68588111080663,oblique
calibration,1,KITTI_odometry,05,5.0,100,1293,536,4.129231082174991,218.08756671193282,315.4142963006465,97.3267295887137,oblique
calibration,1,KITTI_odometry,05,5.0,100,1293,537,4.167396753370152,218.08756671193282,312.08716499370746,93.99959828177464,oblique
calibration,1,KITTI_odometry,05,5.0,100,1293,538,4.256023724088045,218.08756671193282,308.7441949945224,90.65662828258957,oblique
calibration,1,KITTI_odometry,05,5.0,100,1293,539,4.435294626064909,218.08756671193282,305.45838991965076,87.37082320771793,oblique
calibration,1,KITTI_odometry,05,5.0,100,1293,540,4.625136071511853,218.08756671193282,302.2439659605065,84.15639924857368,oblique
calibration,1,KITTI_odometry,05,5.0,100,1293,541,4.887803207986188,218.08756671193282,299.0414771614983,80.95391044956546,oblique
calibration,1,KITTI_odometry,05,5.0,100,1294,529,4.814914215227514,220.87616929542216,338.620020935055,117.74385163963282,oblique
calibration,1,KITTI_odometry,05,5.0,100,1294,530,4.503071114250801,220.87616929542216,335.42473320825013,114.54856391282797,oblique
calibration,1,KITTI_odometry,05,5.0,100,1294,531,4.255101109256969,220.87616929542216,332.13512489761126,111.2589556021891,oblique
calibration,1,KITTI_odometry,05,5.0,100,1294,532,4.01692254468516,220.87616929542216,328.8412641276212,107.96509483219901,oblique
calibration,1,KITTI_odometry,05,5.0,100,1294,533,3.8213692166552087,220.87616929542216,325.5344425023367,104.65827320691452,oblique
calibration,1,KITTI_odometry,05,5.0,100,1294,534,3.7130790794164343,220.87616929542216,322.1601446540785,101.28397535865636,oblique
calibration,1,KITTI_odometry,05,5.0,100,1294,535,3.620173245854399,220.87616929542216,318.77344782273946,97.8972785273173,oblique
calibration,1,KITTI_odometry,05,5.0,100,1294,536,3.633552710502475,220.87616929542216,315.4142963006465,94.53812700522437,oblique
calibration,1,KITTI_odometry,05,5.0,100,1294,537,3.669663135765993,220.87616929542216,312.08716499370746,91.2109956982853,oblique
calibration,1,KITTI_odometry,05,5.0,100,1294,538,3.760506855465106,220.87616929542216,308.7441949945224,87.86802569910023,oblique
calibration,1,KITTI_odometry,05,5.0,100,1294,539,3.945309444137435,220.87616929542216,305.45838991965076,84.5822206242286,oblique
calibration,1,KITTI_odometry,05,5.0,100,1294,540,4.142599021146009,220.87616929542216,302.2439659605065,81.36779666508434,oblique
calibration,1,KITTI_odometry,05,5.0,100,1294,541,4.4134905290483895,220.87616929542216,299.0414771614983,78.16530786607612,oblique
calibration,1,KITTI_odometry,05,5.0,100,1294,542,4.67422610706842,220.87616929542216,295.8857582810042,75.00958898558204,oblique
calibration,1,KITTI_odometry,05,5.0,100,1294,543,4.98999810120203,220.87616929542216,292.87694522882236,72.0007759334002,oblique
calibration,1,KITTI_odometry,05,5.0,100,1295,528,4.8124009984621985,223.78259284131212,341.7237454725234,117.94115263121125,oblique
calibration,1,KITTI_odometry,05,5.0,100,1295,529,4.479753361514452,223.78259284131212,338.620020935055,114.83742809374286,oblique
calibration,1,KITTI_odometry,05,5.0,100,1295,530,4.152206875867336,223.78259284131212,335.42473320825013,111.64214036693801,oblique
calibration,1,KITTI_odometry,05,5.0,100,1295,531,3.884452580480281,223.78259284131212,332.13512489761126,108.35253205629914,oblique
calibration,1,KITTI_odometry,05,5.0,100,1295,532,3.626836755355822,223.78259284131212,328.8412641276212,105.05867128630905,oblique
calibration,1,KITTI_odometry,05,5.0,100,1295,533,3.4114919097075496,223.78259284131212,325.5344425023367,101.75184966102455,oblique
calibration,1,KITTI_odometry,05,5.0,100,1295,534,3.283632715454033,223.78259284131212,322.1601446540785,98.3775518127664,oblique
calibration,1,KITTI_odometry,05,5.0,100,1295,535,3.1753980931530466,223.78259284131212,318.77344782273946,94.99085498142733,oblique
calibration,1,KITTI_odometry,05,5.0,100,1295,536,3.177788932575592,223.78259284131212,315.4142963006465,91.6317034593344,oblique
calibration,1,KITTI_odometry,05,5.0,100,1295,537,3.2089302033543725,223.78259284131212,312.08716499370746,88.30457215239534,oblique
calibration,1,KITTI_odometry,05,5.0,100,1295,538,3.300050601127212,223.78259284131212,308.7441949945224,84.96160215321026,oblique
calibration,1,KITTI_odometry,05,5.0,100,1295,539,3.489249416421826,223.78259284131212,305.45838991965076,81.67579707833863,oblique
calibration,1,KITTI_odometry,05,5.0,100,1295,540,3.6933447131292674,223.78259284131212,302.2439659605065,78.46137311919438,oblique
calibration,1,KITTI_odometry,05,5.0,100,1295,541,3.9719795933513904,223.78259284131212,299.0414771614983,75.25888432018616,oblique
calibration,1,KITTI_odometry,05,5.0,100,1295,542,4.241027019484788,223.78259284131212,295.8857582810042,72.10316543969208,oblique
calibration,1,KITTI_odometry,05,5.0,100,1295,543,4.5646871623365275,223.78259284131212,292.87694522882236,69.09435238751024,oblique
calibration,1,KITTI_odometry,05,5.0,100,1295,544,4.881138051725221,223.78259284131212,290.0646334479956,66.2820406066835,oblique
calibration,1,KITTI_odometry,05,5.0,100,1296,527,4.90144961924532,226.83220349826414,344.8385166091405,118.00631311087639,oblique
calibration,1,KITTI_odometry,05,5.0,100,1296,528,4.5157590203641345,226.83220349826414,341.7237454725234,114.89154197425924,oblique
calibration,1,KITTI_odometry,05,5.0,100,1296,529,4.166194738607415,226.83220349826414,338.620020935055,111.78781743679085,oblique
calibration,1,KITTI_odometry,05,5.0,100,1296,530,3.8204176106808077,226.83220349826414,335.42473320825013,108.592529709986,oblique
calibration,1,KITTI_odometry,05,5.0,100,1296,531,3.528005885766065,226.83220349826414,332.13512489761126,105.30292139934713,oblique
calibration,1,KITTI_odometry,05,5.0,100,1296,532,3.245214730953876,226.83220349826414,328.8412641276212,102.00906062935704,oblique
calibration,1,KITTI_odometry,05,5.0,100,1296,533,3.002691261185561,226.83220349826414,325.5344425023367,98.70223900407254,oblique
calibration,1,KITTI_odometry,05,5.0,100,1296,534,2.8459114550526894,226.83220349826414,322.1601446540785,95.32794115581439,oblique
calibration,1,KITTI_odometry,05,5.0,100,1296,535,2.713553362290873,226.83220349826414,318.77344782273946,91.94124432447532,oblique
calibration,1,KITTI_odometry,05,5.0,100,1296,536,2.696898381474547,226.83220349826414,315.4142963006465,88.58209280238239,oblique
calibration,1,KITTI_odometry,05,5.0,100,1296,537,2.717653335140458,226.83220349826414,312.08716499370746,85.25496149544333,oblique
calibration,1,KITTI_odometry,05,5.0,100,1296,538,2.806107747396771,226.83220349826414,308.7441949945224,81.91199149625825,oblique
calibration,1,KITTI_odometry,05,5.0,100,1296,539,2.998824531378949,226.83220349826414,305.45838991965076,78.62618642138662,oblique
calibration,1,KITTI_odometry,05,5.0,100,1296,540,3.2100565618069825,226.83220349826414,302.2439659605065,75.41176246224236,oblique
calibration,1,KITTI_odometry,05,5.0,100,1296,541,3.4971837312328966,226.83220349826414,299.0414771614983,72.20927366323414,oblique
calibration,1,KITTI_odometry,05,5.0,100,1296,542,3.7754560254358926,226.83220349826414,295.8857582810042,69.05355478274006,oblique
calibration,1,KITTI_odometry,05,5.0,100,1296,543,4.1077281032220325,226.83220349826414,292.87694522882236,66.04474173055823,oblique
calibration,1,KITTI_odometry,05,5.0,100,1296,544,4.432301499221379,226.83220349826414,290.0646334479956,63.23242994973148,oblique
calibration,1,KITTI_odometry,05,5.0,100,1296,545,4.774895159058467,226.83220349826414,287.5029838919545,60.670780393690364,oblique
calibration,1,KITTI_odometry,05,5.0,100,1297,527,4.688471136735304,229.9048922023268,344.8385166091405,114.93362440681372,oblique
calibration,1,KITTI_odometry,05,5.0,100,1297,528,4.29428238475301,229.9048922023268,341.7237454725234,111.81885327019657,oblique
calibration,1,KITTI_odometry,05,5.0,100,1297,529,3.929533485033568,229.9048922023268,338.620020935055,108.71512873272818,oblique
calibration,1,KITTI_odometry,05,5.0,100,1297,530,3.5670508897407114,229.9048922023268,335.42473320825013,105.51984100592333,oblique
calibration,1,KITTI_odometry,05,5.0,100,1297,531,3.249904998611491,229.9048922023268,332.13512489761126,102.23023269528446,oblique
calibration,1,KITTI_odometry,05,5.0,100,1297,532,2.940841138177989,229.9048922023268,328.8412641276212,98.93637192529437,oblique
calibration,1,KITTI_odometry,05,5.0,100,1297,533,2.6679363860482295,229.9048922023268,325.5344425023367,95.62955030000987,oblique
calibration,1,KITTI_odometry,05,5.0,100,1297,534,2.475778188772185,229.9048922023268,322.1601446540785,92.25525245175172,oblique
calibration,1,KITTI_odometry,05,5.0,100,1297,535,2.311812816817155,229.9048922023268,318.77344782273946,88.86855562041265,oblique
calibration,1,KITTI_odometry,05,5.0,100,1297,536,2.2677239360204333,229.9048922023268,315.4142963006465,85.50940409831972,oblique
calibration,1,KITTI_odometry,05,5.0,100,1297,537,2.271744373823787,229.9048922023268,312.08716499370746,82.18227279138065,oblique
calibration,1,KITTI_odometry,05,5.0,100,1297,538,2.353525835847174,229.9048922023268,308.7441949945224,78.83930279219558,oblique
calibration,1,KITTI_odometry,05,5.0,100,1297,539,2.5478880077429102,229.9048922023268,305.45838991965076,75.55349771732395,oblique
calibration,1,KITTI_odometry,05,5.0,100,1297,540,2.765575997870976,229.9048922023268,302.2439659605065,72.3390737581797,oblique
calibration,1,KITTI_odometry,05,5.0,100,1297,541,3.060862518964227,229.9048922023268,299.0414771614983,69.13658495917147,oblique
calibration,1,KITTI_odometry,05,5.0,100,1297,542,3.3480799885904995,229.9048922023268,295.8857582810042,65.9808660786774,oblique
calibration,1,KITTI_odometry,05,5.0,100,1297,543,3.6885014870540664,229.9048922023268,292.87694522882236,62.97205302649556,oblique
calibration,1,KITTI_odometry,05,5.0,100,1297,544,4.020650953514874,229.9048922023268,290.0646334479956,60.15974124566881,oblique
calibration,1,KITTI_odometry,05,5.0,100,1297,545,4.3696204514808805,229.9048922023268,287.5029838919545,57.598091689627694,oblique
calibration,1,KITTI_odometry,05,5.0,100,1297,546,4.74664701131232,229.9048922023268,285.1932057093629,55.28831350703612,oblique
calibration,1,KITTI_odometry,05,5.0,100,1298,526,4.9445916656484314,232.93597645682647,347.83805310385793,114.90207664703146,oblique
calibration,1,KITTI_odometry,05,5.0,100,1298,527,4.539319346554062,232.93597645682647,344.8385166091405,111.90254015231406,oblique
calibration,1,KITTI_odometry,05,5.0,100,1298,528,4.13916293107676,232.93597645682647,341.7237454725234,108.78776901569691,oblique
calibration,1,KITTI_odometry,05,5.0,100,1298,529,3.761084410113661,232.93597645682647,338.620020935055,105.68404447822851,oblique
calibration,1,KITTI_odometry,05,5.0,100,1298,530,3.383785953632404,232.93597645682647,335.42473320825013,102.48875675142367,oblique
calibration,1,KITTI_odometry,05,5.0,100,1298,531,3.041884161173782,232.93597645682647,332.13512489761126,99.1991484407848,oblique
calibration,1,KITTI_odometry,05,5.0,100,1298,532,2.7055481459401136,232.93597645682647,328.8412641276212,95.9052876707947,oblique
calibration,1,KITTI_odometry,05,5.0,100,1298,533,2.398446282492073,232.93597645682647,325.5344425023367,92.59846604551021,oblique
calibration,1,KITTI_odometry,05,5.0,100,1298,534,2.1615219753682937,232.93597645682647,322.1601446540785,89.22416819725206,oblique
calibration,1,KITTI_odometry,05,5.0,100,1298,535,1.953832329039532,232.93597645682647,318.77344782273946,85.83747136591299,oblique
calibration,1,KITTI_odometry,05,5.0,100,1298,536,1.8666169666002674,232.93597645682647,315.4142963006465,82.47831984382006,oblique
calibration,1,KITTI_odometry,05,5.0,100,1298,537,1.840996895706239,232.93597645682647,312.08716499370746,79.151188536881,oblique
calibration,1,KITTI_odometry,05,5.0,100,1298,538,1.907527659039338,232.93597645682647,308.7441949945224,75.80821853769592,oblique
calibration,1,KITTI_odometry,05,5.0,100,1298,539,2.099545553209098,232.93597645682647,305.45838991965076,72.52241346282429,oblique
calibration,1,KITTI_odometry,05,5.0,100,1298,540,2.322430789065635,232.93597645682647,302.2439659605065,69.30798950368003,oblique
calibration,1,KITTI_odometry,05,5.0,100,1298,541,2.6255954086644833,232.93597645682647,299.0414771614983,66.10550070467181,oblique
calibration,1,KITTI_odometry,05,5.0,100,1298,542,2.9217378972112,232.93597645682647,295.8857582810042,62.949781824177734,oblique
calibration,1,KITTI_odometry,05,5.0,100,1298,543,3.2701237606549443,232.93597645682647,292.87694522882236,59.9409687719959,oblique
calibration,1,KITTI_odometry,05,5.0,100,1298,544,3.609583831967343,232.93597645682647,290.0646334479956,57.12865699116915,oblique
calibration,1,KITTI_odometry,05,5.0,100,1298,545,3.9645168230189114,232.93597645682647,287.5029838919545,54.56700743512803,oblique
calibration,1,KITTI_odometry,05,5.0,100,1298,546,4.346023849451376,232.93597645682647,285.1932057093629,52.25722925253646,oblique
calibration,1,KITTI_odometry,05,5.0,100,1298,547,4.716870874849127,232.93597645682647,283.16516460373293,50.229188146906466,oblique
calibration,1,KITTI_odometry,05,5.0,100,1299,526,4.856847933588191,235.9403773181461,347.83805310385793,111.89767578571184,oblique
calibration,1,KITTI_odometry,05,5.0,100,1299,527,4.451716219616871,235.9403773181461,344.8385166091405,108.89813929099444,oblique
calibration,1,KITTI_odometry,05,5.0,100,1299,528,4.049230724470997,235.9403773181461,341.7237454725234,105.78336815437729,oblique
calibration,1,KITTI_odometry,05,5.0,100,1299,529,3.660795220986825,235.9403773181461,338.620020935055,102.67964361690889,oblique
calibration,1,KITTI_odometry,05,5.0,100,1299,530,3.272205044003188,235.9403773181461,335.42473320825013,99.48435589010404,oblique
calibration,1,KITTI_odometry,05,5.0,100,1299,531,2.9072078425870895,235.9403773181461,332.13512489761126,96.19474757946517,oblique
calibration,1,KITTI_odometry,05,5.0,100,1299,532,2.5449267376488374,235.9403773181461,328.8412641276212,92.90088680947508,oblique
calibration,1,KITTI_odometry,05,5.0,100,1299,533,2.2020704121349057,235.9403773181461,325.5344425023367,89.59406518419058,oblique
calibration,1,KITTI_odometry,05,5.0,100,1299,534,1.9105269482527636,235.9403773181461,322.1601446540785,86.21976733593243,oblique
calibration,1,KITTI_odometry,05,5.0,100,1299,535,1.6433645974037565,235.9403773181461,318.77344782273946,82.83307050459337,oblique
calibration,1,KITTI_odometry,05,5.0,100,1299,536,1.4857405863743365,235.9403773181461,315.4142963006465,79.47391898250044,oblique
calibration,1,KITTI_odometry,05,5.0,100,1299,537,1.4043584300313023,235.9403773181461,312.08716499370746,76.14678767556137,oblique
calibration,1,KITTI_odometry,05,5.0,100,1299,538,1.4370580224890201,235.9403773181461,308.7441949945224,72.8038176763763,oblique
calibration,1,KITTI_odometry,05,5.0,100,1299,539,1.6189169836653325,235.9403773181461,305.45838991965076,69.51801260150467,oblique
calibration,1,KITTI_odometry,05,5.0,100,1299,540,1.8457388385142701,235.9403773181461,302.2439659605065,66.30358864236041,oblique
calibration,1,KITTI_odometry,05,5.0,100,1299,541,2.1575802789235907,235.9403773181461,299.0414771614983,63.10109984335219,oblique
calibration,1,KITTI_odometry,05,5.0,100,1299,542,2.4638461498235014,235.9403773181461,295.8857582810042,59.94538096285811,oblique
calibration,1,KITTI_odometry,05,5.0,100,1299,543,2.820911455540569,235.9403773181461,292.87694522882236,56.936567910676274,oblique
calibration,1,KITTI_odometry,05,5.0,100,1299,544,3.168147195128412,235.9403773181461,290.0646334479956,54.12425612984953,oblique
calibration,1,KITTI_odometry,05,5.0,100,1299,545,3.529130721580026,235.9403773181461,287.5029838919545,51.56260657380841,oblique
calibration,1,KITTI_odometry,05,5.0,100,1299,546,3.9148689032967785,235.9403773181461,285.1932057093629,49.25282839121684,oblique
calibration,1,KITTI_odometry,05,5.0,100,1299,547,4.289909164539496,235.9403773181461,283.16516460373293,47.22478728558684,oblique
calibration,1,KITTI_odometry,05,5.0,100,1299,548,4.683439355858049,235.9403773181461,281.34791982693224,45.40754250878615,oblique
calibration,1,KITTI_odometry,05,5.0,100,1300,526,4.846740339650973,238.97055739261887,347.83805310385793,108.86749571123906,oblique
calibration,1,KITTI_odometry,05,5.0,100,1300,527,4.445571397469627,238.97055739261887,344.8385166091405,105.86795921652165,oblique
calibration,1,KITTI_odometry,05,5.0,100,1300,528,4.045418708860683,238.97055739261887,341.7237454725234,102.7531880799045,oblique
calibration,1,KITTI_odometry,05,5.0,100,1300,529,3.6523809932700186,238.97055739261887,338.620020935055,99.64946354243611,oblique
calibration,1,KITTI_odometry,05,5.0,100,1300,530,3.259449830876369,238.97055739261887,335.42473320825013,96.45417581563126,oblique
calibration,1,KITTI_odometry,05,5.0,100,1300,531,2.879520190934586,238.97055739261887,332.13512489761126,93.16456750499239,oblique
calibration,1,KITTI_odometry,05,5.0,100,1300,532,2.5009453992440602,238.97055739261887,328.8412641276212,89.8707067350023,oblique
calibration,1,KITTI_odometry,05,5.0,100,1300,533,2.1328903511432644,238.97055739261887,325.5344425023367,86.5638851097178,oblique
calibration,1,KITTI_odometry,05,5.0,100,1300,534,1.7940823531822787,238.97055739261887,322.1601446540785,83.18958726145965,oblique
calibration,1,KITTI_odometry,05,5.0,100,1300,535,1.4696675440384614,238.97055739261887,318.77344782273946,79.80289043012058,oblique
calibration,1,KITTI_odometry,05,5.0,100,1300,536,1.2238279617658596,238.97055739261887,315.4142963006465,76.44373890802765,oblique
calibration,1,KITTI_odometry,05,5.0,100,1300,537,1.0547161182043219,238.97055739261887,312.08716499370746,73.11660760108859,oblique
calibration,1,KITTI_odometry,05,5.0,100,1300,538,1.0201414068647692,238.97055739261887,308.7441949945224,69.77363760190352,oblique
calibration,1,KITTI_odometry,05,5.0,100,1300,539,1.174743057012905,238.97055739261887,305.45838991965076,66.48783252703188,oblique
calibration,1,KITTI_odometry,05,5.0,100,1300,540,1.4012011026258788,238.97055739261887,302.2439659605065,63.27340856788763,oblique
calibration,1,KITTI_odometry,05,5.0,100,1300,541,1.7211050432788708,238.97055739261887,299.0414771614983,60.070919768879406,oblique
calibration,1,KITTI_odometry,05,5.0,100,1300,542,2.0373201319380385,238.97055739261887,295.8857582810042,56.91520088838533,oblique
calibration,1,KITTI_odometry,05,5.0,100,1300,543,2.40243597417287,238.97055739261887,292.87694522882236,53.90638783620349,oblique
calibration,1,KITTI_odometry,05,5.0,100,1300,544,2.7566430490725393,238.97055739261887,290.0646334479956,51.094076055376746,oblique
calibration,1,KITTI_odometry,05,5.0,100,1300,545,3.122700578025354,238.97055739261887,287.5029838919545,48.53242649933563,oblique
calibration,1,KITTI_odometry,05,5.0,100,1300,546,3.5116152181012112,238.97055739261887,285.1932057093629,46.222648316744056,oblique
calibration,1,KITTI_odometry,05,5.0,100,1300,547,3.889884117811203,238.97055739261887,283.16516460373293,44.19460721111406,same_direction
calibration,1,KITTI_odometry,05,5.0,100,1300,548,4.28593990275178,238.97055739261887,281.34791982693224,42.37736243431337,same_direction
calibration,1,KITTI_odometry,05,5.0,100,1300,549,4.688554622695559,238.97055739261887,279.8997204818009,40.929163089182026,same_direction
calibration,1,KITTI_odometry,05,5.0,100,1301,526,4.894389822030927,242.02373814099397,347.83805310385793,105.81431496286396,oblique
calibration,1,KITTI_odometry,05,5.0,100,1301,527,4.50154349084844,242.02373814099397,344.8385166091405,102.81477846814656,oblique
calibration,1,KITTI_odometry,05,5.0,100,1301,528,4.108736764505601,242.02373814099397,341.7237454725234,99.7000073315294,oblique
calibration,1,KITTI_odometry,05,5.0,100,1301,529,3.7166045969406034,242.02373814099397,338.620020935055,96.59628279406101,oblique
calibration,1,KITTI_odometry,05,5.0,100,1301,530,3.3262333727506137,242.02373814099397,335.42473320825013,93.40099506725616,oblique
calibration,1,KITTI_odometry,05,5.0,100,1301,531,2.9391974040543625,242.02373814099397,332.13512489761126,90.11138675661729,oblique
calibration,1,KITTI_odometry,05,5.0,100,1301,532,2.554563117247252,242.02373814099397,328.8412641276212,86.8175259866272,oblique
calibration,1,KITTI_odometry,05,5.0,100,1301,533,2.1741073846523746,242.02373814099397,325.5344425023367,83.5107043613427,oblique
calibration,1,KITTI_odometry,05,5.0,100,1301,534,1.8014893616116727,242.02373814099397,322.1601446540785,80.13640651308455,oblique
calibration,1,KITTI_odometry,05,5.0,100,1301,535,1.4351062748103427,242.02373814099397,318.77344782273946,76.74970968174549,oblique
calibration,1,KITTI_odometry,05,5.0,100,1301,536,1.098409545661344,242.02373814099397,315.4142963006465,73.39055815965256,oblique
calibration,1,KITTI_odometry,05,5.0,100,1301,537,0.8067153277333836,242.02373814099397,312.08716499370746,70.06342685271349,oblique
calibration,1,KITTI_odometry,05,5.0,100,1301,538,0.6271000717588874,242.02373814099397,308.7441949945224,66.72045685352842,oblique
calibration,1,KITTI_odometry,05,5.0,100,1301,539,0.7010989231199845,242.02373814099397,305.45838991965076,63.434651778656786,oblique
calibration,1,KITTI_odometry,05,5.0,100,1301,540,0.9215432708234467,242.02373814099397,302.2439659605065,60.22022781951253,oblique
calibration,1,KITTI_odometry,05,5.0,100,1301,541,1.253880712029644,242.02373814099397,299.0414771614983,57.01773902050431,oblique
calibration,1,KITTI_odometry,05,5.0,100,1301,542,1.5840768699782264,242.02373814099397,295.8857582810042,53.86202014001023,oblique
calibration,1,KITTI_odometry,05,5.0,100,1301,543,1.958847584678284,242.02373814099397,292.87694522882236,50.853207087828395,oblique
calibration,1,KITTI_odometry,05,5.0,100,1301,544,2.320821434320174,242.02373814099397,290.0646334479956,48.04089530700165,oblique
calibration,1,KITTI_odometry,05,5.0,100,1301,545,2.6918747612026634,242.02373814099397,287.5029838919545,45.47924575096053,oblique
calibration,1,KITTI_odometry,05,5.0,100,1301,546,3.0832718092960945,242.02373814099397,285.1932057093629,43.16946756836896,same_direction
calibration,1,KITTI_odometry,05,5.0,100,1301,547,3.4642983965010656,242.02373814099397,283.16516460373293,41.14142646273896,same_direction
calibration,1,KITTI_odometry,05,5.0,100,1301,548,3.862294584829068,242.02373814099397,281.34791982693224,39.32418168593827,same_direction
calibration,1,KITTI_odometry,05,5.0,100,1301,549,4.266235607652244,242.02373814099397,279.8997204818009,37.87598234080693,same_direction
calibration,1,KITTI_odometry,05,5.0,100,1301,550,4.6851577774926625,242.02373814099397,278.5526475404798,36.528909399485855,same_direction
calibration,1,KITTI_odometry,05,5.0,100,1302,527,4.6262198412959,245.0334926665773,344.8385166091405,99.80502394256322,oblique
calibration,1,KITTI_odometry,05,5.0,100,1302,528,4.244110999962169,245.0334926665773,341.7237454725234,96.69025280594607,oblique
calibration,1,KITTI_odometry,05,5.0,100,1302,529,3.8577359746358946,245.0334926665773,338.620020935055,93.58652826847768,oblique
calibration,1,KITTI_odometry,05,5.0,100,1302,530,3.4756328013758653,245.0334926665773,335.42473320825013,90.39124054167283,oblique
calibration,1,KITTI_odometry,05,5.0,100,1302,531,3.0899032476761854,245.0334926665773,332.13512489761126,87.10163223103396,oblique
calibration,1,KITTI_odometry,05,5.0,100,1302,532,2.709651435148062,245.0334926665773,328.8412641276212,83.80777146104387,oblique
calibration,1,KITTI_odometry,05,5.0,100,1302,533,2.33131727999428,245.0334926665773,325.5344425023367,80.50094983575937,oblique
calibration,1,KITTI_odometry,05,5.0,100,1302,534,1.9474349950640195,245.0334926665773,322.1601446540785,77.12665198750122,oblique
calibration,1,KITTI_odometry,05,5.0,100,1302,535,1.570946720929769,245.0334926665773,318.77344782273946,73.73995515616215,oblique
calibration,1,KITTI_odometry,05,5.0,100,1302,536,1.1904112440664971,245.0334926665773,315.4142963006465,70.38080363406922,oblique
calibration,1,KITTI_odometry,05,5.0,100,1302,537,0.8265587698403404,245.0334926665773,312.08716499370746,67.05367232713016,oblique
calibration,1,KITTI_odometry,05,5.0,100,1302,538,0.4832898095345992,245.0334926665773,308.7441949945224,63.710702327945086,oblique
calibration,1,KITTI_odometry,05,5.0,100,1302,539,0.29856945590599787,245.0334926665773,305.45838991965076,60.42489725307345,oblique
calibration,1,KITTI_odometry,05,5.0,100,1302,540,0.46848242229565684,245.0334926665773,302.2439659605065,57.2104732939292,oblique
calibration,1,KITTI_odometry,05,5.0,100,1302,541,0.8179462696290105,245.0334926665773,299.0414771614983,54.007984494920976,oblique
calibration,1,KITTI_odometry,05,5.0,100,1302,542,1.164383721116049,245.0334926665773,295.8857582810042,50.8522656144269,oblique
calibration,1,KITTI_odometry,05,5.0,100,1302,543,1.5474312650324782,245.0334926665773,292.87694522882236,47.84345256224506,oblique
calibration,1,KITTI_odometry,05,5.0,100,1302,544,1.9154795561425426,245.0334926665773,290.0646334479956,45.031140781418316,oblique
calibration,1,KITTI_odometry,05,5.0,100,1302,545,2.2895301111800217,245.0334926665773,287.5029838919545,42.4694912253772,same_direction
calibration,1,KITTI_odometry,05,5.0,100,1302,546,2.681386665514714,245.0334926665773,285.1932057093629,40.159713042785626,same_direction
calibration,1,KITTI_odometry,05,5.0,100,1302,547,3.0636267396665646,245.0334926665773,283.16516460373293,38.13167193715563,same_direction
calibration,1,KITTI_odometry,05,5.0,100,1302,548,3.4621715786483036,245.0334926665773,281.34791982693224,36.31442716035494,same_direction
calibration,1,KITTI_odometry,05,5.0,100,1302,549,3.8662406960767535,245.0334926665773,279.8997204818009,34.866227815223596,same_direction
calibration,1,KITTI_odometry,05,5.0,100,1302,550,4.2839978454709975,245.0334926665773,278.5526475404798,33.51915487390252,same_direction
calibration,1,KITTI_odometry,05,5.0,100,1302,551,4.710310857045433,245.0334926665773,277.403867546864,32.370374880286676,same_direction
calibration,1,KITTI_odometry,05,5.0,100,1303,527,4.820520245782596,248.0005133537756,344.8385166091405,96.83800325536492,oblique
calibration,1,KITTI_odometry,05,5.0,100,1303,528,4.452775583835313,248.0005133537756,341.7237454725234,93.72323211874777,oblique
calibration,1,KITTI_odometry,05,5.0,100,1303,529,4.076473751908626,248.0005133537756,338.620020935055,90.61950758127938,oblique
calibration,1,KITTI_odometry,05,5.0,100,1303,530,3.7075601262824947,248.0005133537756,335.42473320825013,87.42421985447453,oblique
calibration,1,KITTI_odometry,05,5.0,100,1303,531,3.3294703512720845,248.0005133537756,332.13512489761126,84.13461154383566,oblique
calibration,1,KITTI_odometry,05,5.0,100,1303,532,2.9611680465654056,248.0005133537756,328.8412641276212,80.84075077384557,oblique
calibration,1,KITTI_odometry,05,5.0,100,1303,533,2.5947768150652055,248.0005133537756,325.5344425023367,77.53392914856107,oblique
calibration,1,KITTI_odometry,05,5.0,100,1303,534,2.214772268202763,248.0005133537756,322.1601446540785,74.15963130030292,oblique
calibration,1,KITTI_odometry,05,5.0,100,1303,535,1.8491967174965471,248.0005133537756,318.77344782273946,70.77293446896385,oblique
calibration,1,KITTI_odometry,05,5.0,100,1303,536,1.4644938955147448,248.0005133537756,315.4142963006465,67.41378294687092,oblique
calibration,1,KITTI_odometry,05,5.0,100,1303,537,1.0991841065080874,248.0005133537756,312.08716499370746,64.08665163993186,oblique
calibration,1,KITTI_odometry,05,5.0,100,1303,538,0.7356898939090919,248.0005133537756,308.7441949945224,60.743681640746786,oblique
calibration,1,KITTI_odometry,05,5.0,100,1303,539,0.3545728980054516,248.0005133537756,305.45838991965076,57.457876565875154,oblique
calibration,1,KITTI_odometry,05,5.0,100,1303,540,0.04472359556209081,248.0005133537756,302.2439659605065,54.2434526067309,oblique
calibration,1,KITTI_odometry,05,5.0,100,1303,541,0.3854652254095185,248.0005133537756,299.0414771614983,51.040963807722676,oblique
calibration,1,KITTI_odometry,05,5.0,100,1303,542,0.7465127259464733,248.0005133537756,295.8857582810042,47.8852449272286,oblique
calibration,1,KITTI_odometry,05,5.0,100,1303,543,1.1298931365399143,248.0005133537756,292.87694522882236,44.87643187504676,same_direction
calibration,1,KITTI_odometry,05,5.0,100,1303,544,1.499178378312607,248.0005133537756,290.0646334479956,42.064120094220016,same_direction
calibration,1,KITTI_odometry,05,5.0,100,1303,545,1.8718184233520088,248.0005133537756,287.5029838919545,39.5024705381789,same_direction
calibration,1,KITTI_odometry,05,5.0,100,1303,546,2.2600517626815737,248.0005133537756,285.1932057093629,37.192692355587326,same_direction
calibration,1,KITTI_odometry,05,5.0,100,1303,547,2.640947303525758,248.0005133537756,283.16516460373293,35.16465124995733,same_direction
calibration,1,KITTI_odometry,05,5.0,100,1303,548,3.0378520997573375,248.0005133537756,281.34791982693224,33.34740647315664,same_direction
calibration,1,KITTI_odometry,05,5.0,100,1303,549,3.4402365877945136,248.0005133537756,279.8997204818009,31.899207128025296,same_direction
calibration,1,KITTI_odometry,05,5.0,100,1303,550,3.8550458778074375,248.0005133537756,278.5526475404798,30.552134186704222,same_direction
calibration,1,KITTI_odometry,05,5.0,100,1303,551,4.278784178946172,248.0005133537756,277.403867546864,29.403354193088376,same_direction
calibration,1,KITTI_odometry,05,5.0,100,1303,552,4.718119461183677,248.0005133537756,276.54267138039677,28.542158026621166,same_direction
calibration,1,KITTI_odometry,05,5.0,100,1304,528,4.720990307128374,250.93811522917508,341.7237454725234,90.7856302433483,oblique
calibration,1,KITTI_odometry,05,5.0,100,1304,529,4.355865866851287,250.93811522917508,338.620020935055,87.6819057058799,oblique
calibration,1,KITTI_odometry,05,5.0,100,1304,530,4.000792042833514,250.93811522917508,335.42473320825013,84.48661797907505,oblique
calibration,1,KITTI_odometry,05,5.0,100,1304,531,3.632708876307038,250.93811522917508,332.13512489761126,81.19700966843618,oblique
calibration,1,KITTI_odometry,05,5.0,100,1304,532,3.278104818336361,250.93811522917508,328.8412641276212,77.90314889844609,oblique
calibration,1,KITTI_odometry,05,5.0,100,1304,533,2.92598201634938,250.93811522917508,325.5344425023367,74.59632727316159,oblique
calibration,1,KITTI_odometry,05,5.0,100,1304,534,2.5560051956128857,250.93811522917508,322.1601446540785,71.22202942490344,oblique
calibration,1,KITTI_odometry,05,5.0,100,1304,535,2.206641543160113,250.93811522917508,318.77344782273946,67.83533259356437,oblique
calibration,1,KITTI_odometry,05,5.0,100,1304,536,1.8327635226618788,250.93811522917508,315.4142963006465,64.47618107147144,oblique
calibration,1,KITTI_odometry,05,5.0,100,1304,537,1.4857495414772979,250.93811522917508,312.08716499370746,61.14904976453238,oblique
calibration,1,KITTI_odometry,05,5.0,100,1304,538,1.1456681631257633,250.93811522917508,308.7441949945224,57.806079765347306,oblique
calibration,1,KITTI_odometry,05,5.0,100,1304,539,0.7879319894508452,250.93811522917508,305.45838991965076,54.520274690475674,oblique
calibration,1,KITTI_odometry,05,5.0,100,1304,540,0.48790376100209676,250.93811522917508,302.2439659605065,51.30585073133142,oblique
calibration,1,KITTI_odometry,05,5.0,100,1304,541,0.28563088068344156,250.93811522917508,299.0414771614983,48.103361932323196,oblique
calibration,1,KITTI_odometry,05,5.0,100,1304,542,0.45891834785721886,250.93811522917508,295.8857582810042,44.94764305182912,same_direction
calibration,1,KITTI_odometry,05,5.0,100,1304,543,0.7827288291611466,250.93811522917508,292.87694522882236,41.93882999964728,same_direction
calibration,1,KITTI_odometry,05,5.0,100,1304,544,1.1319837145471598,250.93811522917508,290.0646334479956,39.126518218820536,same_direction
calibration,1,KITTI_odometry,05,5.0,100,1304,545,1.491341788457621,250.93811522917508,287.5029838919545,36.56486866277942,same_direction
calibration,1,KITTI_odometry,05,5.0,100,1304,546,1.8682440017299773,250.93811522917508,285.1932057093629,34.255090480187846,same_direction
calibration,1,KITTI_odometry,05,5.0,100,1304,547,2.243294207187264,250.93811522917508,283.16516460373293,32.22704937455785,same_direction
calibration,1,KITTI_odometry,05,5.0,100,1304,548,2.6353053599156246,250.93811522917508,281.34791982693224,30.40980459775716,same_direction
calibration,1,KITTI_odometry,05,5.0,100,1304,549,3.033656213218628,250.93811522917508,279.8997204818009,28.961605252625816,same_direction
calibration,1,KITTI_odometry,05,5.0,100,1304,550,3.443738671850704,250.93811522917508,278.5526475404798,27.614532311304743,same_direction
calibration,1,KITTI_odometry,05,5.0,100,1304,551,3.863608128420895,250.93811522917508,277.403867546864,26.465752317688896,same_direction
calibration,1,KITTI_odometry,05,5.0,100,1304,552,4.2995457585656744,250.93811522917508,276.54267138039677,25.604556151221686,same_direction
calibration,1,KITTI_odometry,05,5.0,100,1304,553,4.7482069847469965,250.93811522917508,275.72429897455345,24.786183745378366,same_direction
calibration,1,KITTI_odometry,05,5.0,100,1305,529,4.696038042861261,253.79287542517872,338.620020935055,84.82714550987626,oblique
calibration,1,KITTI_odometry,05,5.0,100,1305,530,4.355906814889416,253.79287542517872,335.42473320825013,81.63185778307141,oblique
calibration,1,KITTI_odometry,05,5.0,100,1305,531,3.999501400174781,253.79287542517872,332.13512489761126,78.34224947243254,oblique
calibration,1,KITTI_odometry,05,5.0,100,1305,532,3.659726253423904,253.79287542517872,328.8412641276212,75.04838870244245,oblique
calibration,1,KITTI_odometry,05,5.0,100,1305,533,3.322832148935612,253.79287542517872,325.5344425023367,71.74156707715795,oblique
calibration,1,KITTI_odometry,05,5.0,100,1305,534,2.9649259569169937,253.79287542517872,322.1601446540785,68.3672692288998,oblique
calibration,1,KITTI_odometry,05,5.0,100,1305,535,2.6321835517304115,253.79287542517872,318.77344782273946,64.98057239756073,oblique
calibration,1,KITTI_odometry,05,5.0,100,1305,536,2.2714063705114604,253.79287542517872,315.4142963006465,61.621420875467805,oblique
calibration,1,KITTI_odometry,05,5.0,100,1305,537,1.94183733870787,253.79287542517872,312.08716499370746,58.29428956852874,oblique
calibration,1,KITTI_odometry,05,5.0,100,1305,538,1.6203112447921832,253.79287542517872,308.7441949945224,54.95131956934367,oblique
calibration,1,KITTI_odometry,05,5.0,100,1305,539,1.2777255299946044,253.79287542517872,305.45838991965076,51.665514494472035,oblique
calibration,1,KITTI_odometry,05,5.0,100,1305,540,0.9835155768975004,253.79287542517872,302.2439659605065,48.45109053532778,oblique
calibration,1,KITTI_odometry,05,5.0,100,1305,541,0.6943694765757081,253.79287542517872,299.0414771614983,45.24860173631956,oblique
calibration,1,KITTI_odometry,05,5.0,100,1305,542,0.5543970598767604,253.79287542517872,295.8857582810042,42.09288285582548,same_direction
calibration,1,KITTI_odometry,05,5.0,100,1305,543,0.6048947098462506,253.79287542517872,292.87694522882236,39.084069803643644,same_direction
calibration,1,KITTI_odometry,05,5.0,100,1305,544,0.8410561931286004,253.79287542517872,290.0646334479956,36.2717580228169,same_direction
calibration,1,KITTI_odometry,05,5.0,100,1305,545,1.145045553678963,253.79287542517872,287.5029838919545,33.71010846677578,same_direction
calibration,1,KITTI_odometry,05,5.0,100,1305,546,1.4875121041524306,253.79287542517872,285.1932057093629,31.400330284184207,same_direction
calibration,1,KITTI_odometry,05,5.0,100,1305,547,1.8449662137827598,253.79287542517872,283.16516460373293,29.37228917855421,same_direction
calibration,1,KITTI_odometry,05,5.0,100,1305,548,2.2243353636535916,253.79287542517872,281.34791982693224,27.55504440175352,same_direction
calibration,1,KITTI_odometry,05,5.0,100,1305,549,2.6133973769788454,253.79287542517872,279.8997204818009,26.106845056622177,same_direction
calibration,1,KITTI_odometry,05,5.0,100,1305,550,3.01457050506369,253.79287542517872,278.5526475404798,24.759772115301104,same_direction
calibration,1,KITTI_odometry,05,5.0,100,1305,551,3.4275529988608358,253.79287542517872,277.403867546864,23.610992121685257,same_direction
calibration,1,KITTI_odometry,05,5.0,100,1305,552,3.8577852117503837,253.79287542517872,276.54267138039677,22.749795955218048,same_direction
calibration,1,KITTI_odometry,05,5.0,100,1305,553,4.302424925550707,253.79287542517872,275.72429897455345,21.931423549374728,same_direction
calibration,1,KITTI_odometry,05,5.0,100,1305,554,4.762484435670082,253.79287542517872,274.78592033592554,20.993044910746818,same_direction
calibration,1,KITTI_odometry,05,5.0,100,1306,530,4.742274882374482,256.5056000323599,335.42473320825013,78.91913317589024,oblique
calibration,1,KITTI_odometry,05,5.0,100,1306,531,4.3963144575883,256.5056000323599,332.13512489761126,75.62952486525137,oblique
calibration,1,KITTI_odometry,05,5.0,100,1306,532,4.069029236808218,256.5056000323599,328.8412641276212,72.33566409526128,oblique
calibration,1,KITTI_odometry,05,5.0,100,1306,533,3.744557470516369,256.5056000323599,325.5344425023367,69.02884246997678,oblique
calibration,1,KITTI_odometry,05,5.0,100,1306,534,3.3966976859885647,256.5056000323599,322.1601446540785,65.65454462171863,oblique
calibration,1,KITTI_odometry,05,5.0,100,1306,535,3.076350163749253,256.5056000323599,318.77344782273946,62.26784779037956,oblique
calibration,1,KITTI_odometry,05,5.0,100,1306,536,2.7253120665347637,256.5056000323599,315.4142963006465,58.90869626828663,oblique
calibration,1,KITTI_odometry,05,5.0,100,1306,537,2.4067619595631005,256.5056000323599,312.08716499370746,55.58156496134757,oblique
calibration,1,KITTI_odometry,05,5.0,100,1306,538,2.094935657723153,256.5056000323599,308.7441949945224,52.238594962162495,oblique
calibration,1,KITTI_odometry,05,5.0,100,1306,539,1.758061037051885,256.5056000323599,305.45838991965076,48.95278988729086,oblique
calibration,1,KITTI_odometry,05,5.0,100,1306,540,1.4625502008478224,256.5056000323599,302.2439659605065,45.73836592814661,oblique
calibration,1,KITTI_odometry,05,5.0,100,1306,541,1.1510067115356106,256.5056000323599,299.0414771614983,42.535877129138385,same_direction
calibration,1,KITTI_odometry,05,5.0,100,1306,542,0.9190809866382769,256.5056000323599,295.8857582810042,39.38015824864431,same_direction
calibration,1,KITTI_odometry,05,5.0,100,1306,543,0.748919174544222,256.5056000323599,292.87694522882236,36.37134519646247,same_direction
calibration,1,KITTI_odometry,05,5.0,100,1306,544,0.7588531610265598,256.5056000323599,290.0646334479956,33.559033415635724,same_direction
calibration,1,KITTI_odometry,05,5.0,100,1306,545,0.9179772981942487,256.5056000323599,287.5029838919545,30.997383859594606,same_direction
calibration,1,KITTI_odometry,05,5.0,100,1306,546,1.1762117581456286,256.5056000323599,285.1932057093629,28.687605677003035,same_direction
calibration,1,KITTI_odometry,05,5.0,100,1306,547,1.492231969232653,256.5056000323599,283.16516460373293,26.65956457137304,same_direction
calibration,1,KITTI_odometry,05,5.0,100,1306,548,1.8453692665697092,256.5056000323599,281.34791982693224,24.842319794572347,same_direction
calibration,1,KITTI_odometry,05,5.0,100,1306,549,2.2171014974511185,256.5056000323599,279.8997204818009,23.394120449441004,same_direction
calibration,1,KITTI_odometry,05,5.0,100,1306,550,2.604006914353346,256.5056000323599,278.5526475404798,22.04704750811993,same_direction
calibration,1,KITTI_odometry,05,5.0,100,1306,551,3.0066675373243408,256.5056000323599,277.403867546864,20.898267514504084,same_direction
calibration,1,KITTI_odometry,05,5.0,100,1306,552,3.4288759586780126,256.5056000323599,276.54267138039677,20.037071348036875,same_direction
calibration,1,KITTI_odometry,05,5.0,100,1306,553,3.867944885853485,256.5056000323599,275.72429897455345,19.218698942193555,same_direction
calibration,1,KITTI_odometry,05,5.0,100,1306,554,4.323671685038067,256.5056000323599,274.78592033592554,18.280320303565645,same_direction
calibration,1,KITTI_odometry,05,5.0,100,1306,555,4.795077814801341,256.5056000323599,273.82235785717904,17.31675782481915,same_direction
calibration,1,KITTI_odometry,05,5.0,100,1307,531,4.827529606330745,259.03866595359625,332.13512489761126,73.09645894401501,oblique
calibration,1,KITTI_odometry,05,5.0,100,1307,532,4.511240862556559,259.03866595359625,328.8412641276212,69.80259817402492,oblique
calibration,1,KITTI_odometry,05,5.0,100,1307,533,4.197388607217576,259.03866595359625,325.5344425023367,66.49577654874042,oblique
calibration,1,KITTI_odometry,05,5.0,100,1307,534,3.8580762304547633,259.03866595359625,322.1601446540785,63.12147870048227,oblique
calibration,1,KITTI_odometry,05,5.0,100,1307,535,3.5475097772944917,259.03866595359625,318.77344782273946,59.734781869143205,oblique
calibration,1,KITTI_odometry,05,5.0,100,1307,536,3.2039410497073657,259.03866595359625,315.4142963006465,56.375630347050276,oblique
calibration,1,KITTI_odometry,05,5.0,100,1307,537,2.8929663703541335,259.03866595359625,312.08716499370746,53.04849904011121,oblique
calibration,1,KITTI_odometry,05,5.0,100,1307,538,2.5869473168195505,259.03866595359625,308.7441949945224,49.70552904092614,oblique
calibration,1,KITTI_odometry,05,5.0,100,1307,539,2.252623488290905,259.03866595359625,305.45838991965076,46.419723966054505,oblique
calibration,1,KITTI_odometry,05,5.0,100,1307,540,1.9550242249138383,259.03866595359625,302.2439659605065,43.20530000691025,same_direction
calibration,1,KITTI_odometry,05,5.0,100,1307,541,1.6323884341663222,259.03866595359625,299.0414771614983,40.00281120790203,same_direction
calibration,1,KITTI_odometry,05,5.0,100,1307,542,1.3658826047651136,259.03866595359625,295.8857582810042,36.84709232740795,same_direction
calibration,1,KITTI_odometry,05,5.0,100,1307,543,1.1070256817255697,259.03866595359625,292.87694522882236,33.838279275226114,same_direction
calibration,1,KITTI_odometry,05,5.0,100,1307,544,0.948964957203356,259.03866595359625,290.0646334479956,31.025967494399367,same_direction
calibration,1,KITTI_odometry,05,5.0,100,1307,545,0.903967748318486,259.03866595359625,287.5029838919545,28.46431793835825,same_direction
calibration,1,KITTI_odometry,05,5.0,100,1307,546,0.9918674558629269,259.03866595359625,285.1932057093629,26.154539755766677,same_direction
calibration,1,KITTI_odometry,05,5.0,100,1307,547,1.210718836063911,259.03866595359625,283.16516460373293,24.126498650136682,same_direction
calibration,1,KITTI_odometry,05,5.0,100,1307,548,1.505194372830304,259.03866595359625,281.34791982693224,22.30925387333599,same_direction
calibration,1,KITTI_odometry,05,5.0,100,1307,549,1.8411800400829859,259.03866595359625,279.8997204818009,20.861054528204647,same_direction
calibration,1,KITTI_odometry,05,5.0,100,1307,550,2.202061379707665,259.03866595359625,278.5526475404798,19.513981586883574,same_direction
calibration,1,KITTI_odometry,05,5.0,100,1307,551,2.587098917706864,259.03866595359625,277.403867546864,18.365201593267727,same_direction
calibration,1,KITTI_odometry,05,5.0,100,1307,552,2.9964478587153938,259.03866595359625,276.54267138039677,17.504005426800518,same_direction
calibration,1,KITTI_odometry,05,5.0,100,1307,553,3.426824776670108,259.03866595359625,275.72429897455345,16.685633020957198,same_direction
calibration,1,KITTI_odometry,05,5.0,100,1307,554,3.876042121804142,259.03866595359625,274.78592033592554,15.747254382329288,same_direction
calibration,1,KITTI_odometry,05,5.0,100,1307,555,4.341808040436614,259.03866595359625,273.82235785717904,14.783691903582792,same_direction
calibration,1,KITTI_odometry,05,5.0,100,1307,556,4.829493626665236,259.03866595359625,272.755332625898,13.716666672301756,same_direction
calibration,1,KITTI_odometry,05,5.0,100,1308,532,4.991484613819832,261.34434190841074,328.8412641276212,67.49692221921043,oblique
calibration,1,KITTI_odometry,05,5.0,100,1308,533,4.686979382288762,261.34434190841074,325.5344425023367,64.19010059392593,oblique
calibration,1,KITTI_odometry,05,5.0,100,1308,534,4.355115393419571,261.34434190841074,322.1601446540785,60.81580274566778,oblique
calibration,1,KITTI_odometry,05,5.0,100,1308,535,4.052610522860553,261.34434190841074,318.77344782273946,57.429105914328716,oblique
calibration,1,KITTI_odometry,05,5.0,100,1308,536,3.7150280025862523,261.34434190841074,315.4142963006465,54.069954392235786,oblique
calibration,1,KITTI_odometry,05,5.0,100,1308,537,3.409667381138523,261.34434190841074,312.08716499370746,50.74282308529672,oblique
calibration,1,KITTI_odometry,05,5.0,100,1308,538,3.1075358485462266,261.34434190841074,308.7441949945224,47.39985308611165,oblique
calibration,1,KITTI_odometry,05,5.0,100,1308,539,2.774524033055026,261.34434190841074,305.45838991965076,44.114048011240016,same_direction
calibration,1,KITTI_odometry,05,5.0,100,1308,540,2.475025367546767,261.34434190841074,302.2439659605065,40.89962405209576,same_direction
calibration,1,KITTI_odometry,05,5.0,100,1308,541,2.145645247938258,261.34434190841074,299.0414771614983,37.69713525308754,same_direction
calibration,1,KITTI_odometry,05,5.0,100,1308,542,1.8616325362433808,261.34434190841074,295.8857582810042,34.54141637259346,same_direction
calibration,1,KITTI_odometry,05,5.0,100,1308,543,1.564441539336004,261.34434190841074,292.87694522882236,31.532603320411624,same_direction
calibration,1,KITTI_odometry,05,5.0,100,1308,544,1.3272904881750658,261.34434190841074,290.0646334479956,28.720291539584878,same_direction
calibration,1,KITTI_odometry,05,5.0,100,1308,545,1.143218544286278,261.34434190841074,287.5029838919545,26.15864198354376,same_direction
calibration,1,KITTI_odometry,05,5.0,100,1308,546,1.0379065179485134,261.34434190841074,285.1932057093629,23.848863800952188,same_direction
calibration,1,KITTI_odometry,05,5.0,100,1308,547,1.0846213947732999,261.34434190841074,283.16516460373293,21.820822695322192,same_direction
calibration,1,KITTI_odometry,05,5.0,100,1308,548,1.254887632419741,261.34434190841074,281.34791982693224,20.0035779185215,same_direction
calibration,1,KITTI_odometry,05,5.0,100,1308,549,1.513398655344979,261.34434190841074,279.8997204818009,18.555378573390158,same_direction
calibration,1,KITTI_odometry,05,5.0,100,1308,550,1.8219948545481712,261.34434190841074,278.5526475404798,17.208305632069084,same_direction
calibration,1,KITTI_odometry,05,5.0,100,1308,551,2.1735579311350364,261.34434190841074,277.403867546864,16.059525638453238,same_direction
calibration,1,KITTI_odometry,05,5.0,100,1308,552,2.559974613155381,261.34434190841074,276.54267138039677,15.198329471986028,same_direction
calibration,1,KITTI_odometry,05,5.0,100,1308,553,2.9753863950754518,261.34434190841074,275.72429897455345,14.379957066142708,same_direction
calibration,1,KITTI_odometry,05,5.0,100,1308,554,3.413876933927162,261.34434190841074,274.78592033592554,13.441578427514798,same_direction
calibration,1,KITTI_odometry,05,5.0,100,1308,555,3.870900702678897,261.34434190841074,273.82235785717904,12.478015948768302,same_direction
calibration,1,KITTI_odometry,05,5.0,100,1308,556,4.351619951236558,261.34434190841074,272.755332625898,11.410990717487266,same_direction
calibration,1,KITTI_odometry,05,5.0,100,1308,557,4.8568456069757975,261.34434190841074,271.80046030198855,10.45611839357781,same_direction
calibration,1,KITTI_odometry,05,5.0,100,1309,534,4.862432054024014,263.3769909535432,322.1601446540785,58.78315370053531,oblique
calibration,1,KITTI_odometry,05,5.0,100,1309,535,4.565121187876634,263.3769909535432,318.77344782273946,55.39645686919624,oblique
calibration,1,KITTI_odometry,05,5.0,100,1309,536,4.231081182156645,263.3769909535432,315.4142963006465,52.03730534710331,oblique
calibration,1,KITTI_odometry,05,5.0,100,1309,537,3.9285151215185756,263.3769909535432,312.08716499370746,48.71017404016425,oblique
calibration,1,KITTI_odometry,05,5.0,100,1309,538,3.627593430912561,263.3769909535432,308.7441949945224,45.367204040979175,oblique
calibration,1,KITTI_odometry,05,5.0,100,1309,539,3.293918362679921,263.3769909535432,305.45838991965076,42.08139896610754,same_direction
calibration,1,KITTI_odometry,05,5.0,100,1309,540,2.991347315174228,263.3769909535432,302.2439659605065,38.86697500696329,same_direction
calibration,1,KITTI_odometry,05,5.0,100,1309,541,2.656058086714235,263.3769909535432,299.0414771614983,35.664486207955065,same_direction
calibration,1,KITTI_odometry,05,5.0,100,1309,542,2.3600620945220903,263.3769909535432,295.8857582810042,32.50876732746099,same_direction
calibration,1,KITTI_odometry,05,5.0,100,1309,543,2.041508466796073,263.3769909535432,292.87694522882236,29.49995427527915,same_direction
calibration,1,KITTI_odometry,05,5.0,100,1309,544,1.765008388082063,263.3769909535432,290.0646334479956,26.687642494452405,same_direction
calibration,1,KITTI_odometry,05,5.0,100,1309,545,1.511353767322555,263.3769909535432,287.5029838919545,24.125992938411287,same_direction
calibration,1,KITTI_odometry,05,5.0,100,1309,546,1.2862598376688987,263.3769909535432,285.1932057093629,21.816214755819715,same_direction
calibration,1,KITTI_odometry,05,5.0,100,1309,547,1.168921768126511,263.3769909535432,283.16516460373293,19.78817365018972,same_direction
calibration,1,KITTI_odometry,05,5.0,100,1309,548,1.165846790963562,263.3769909535432,281.34791982693224,17.970928873389028,same_direction
calibration,1,KITTI_odometry,05,5.0,100,1309,549,1.2893166019252207,263.3769909535432,279.8997204818009,16.522729528257685,same_direction
calibration,1,KITTI_odometry,05,5.0,100,1309,550,1.50313219644847,263.3769909535432,278.5526475404798,15.175656586936611,same_direction
calibration,1,KITTI_odometry,05,5.0,100,1309,551,1.7951473393568604,263.3769909535432,277.403867546864,14.026876593320765,same_direction
calibration,1,KITTI_odometry,05,5.0,100,1309,552,2.1431765699540537,263.3769909535432,276.54267138039677,13.165680426853555,same_direction
calibration,1,KITTI_odometry,05,5.0,100,1309,553,2.534777751598758,263.3769909535432,275.72429897455345,12.347308021010235,same_direction
calibration,1,KITTI_odometry,05,5.0,100,1309,554,2.957205696261235,263.3769909535432,274.78592033592554,11.408929382382325,same_direction
calibration,1,KITTI_odometry,05,5.0,100,1309,555,3.402069737674396,263.3769909535432,273.82235785717904,10.44536690363583,same_direction
calibration,1,KITTI_odometry,05,5.0,100,1309,556,3.8736322812058464,263.3769909535432,272.755332625898,9.378341672354793,same_direction
calibration,1,KITTI_odometry,05,5.0,100,1309,557,4.3712510108663425,263.3769909535432,271.80046030198855,8.423469348445337,same_direction
calibration,1,KITTI_odometry,05,5.0,100,1309,558,4.890700663504149,263.3769909535432,270.9526127871029,7.575621833559694,same_direction
calibration,1,KITTI_odometry,05,5.0,100,1310,536,4.77666671749244,265.1940662465391,315.4142963006465,50.22023005410745,oblique
calibration,1,KITTI_odometry,05,5.0,100,1310,537,4.4762403242006625,265.1940662465391,312.08716499370746,46.89309874716838,oblique
calibration,1,KITTI_odometry,05,5.0,100,1310,538,4.176108911415014,265.1940662465391,308.7441949945224,43.55012874798331,same_direction
calibration,1,KITTI_odometry,05,5.0,100,1310,539,3.841760117446156,265.1940662465391,305.45838991965076,40.264323673111676,same_direction
calibration,1,KITTI_odometry,05,5.0,100,1310,540,3.536751303102893,265.1940662465391,302.2439659605065,37.04989971396742,same_direction
calibration,1,KITTI_odometry,05,5.0,100,1310,541,3.197227989993839,265.1940662465391,299.0414771614983,33.8474109149592,same_direction
calibration,1,KITTI_odometry,05,5.0,100,1310,542,2.89325266266186,265.1940662465391,295.8857582810042,30.69169203446512,same_direction
calibration,1,KITTI_odometry,05,5.0,100,1310,543,2.561840970864512,265.1940662465391,292.87694522882236,27.682878982283285,same_direction
calibration,1,KITTI_odometry,05,5.0,100,1310,544,2.263389769792207,265.1940662465391,290.0646334479956,24.870567201456538,same_direction
calibration,1,KITTI_odometry,05,5.0,100,1310,545,1.9733935871994905,265.1940662465391,287.5029838919545,22.30891764541542,same_direction
calibration,1,KITTI_odometry,05,5.0,100,1310,546,1.6858555958325723,265.1940662465391,285.1932057093629,19.999139462823848,same_direction
calibration,1,KITTI_odometry,05,5.0,100,1310,547,1.4645756381969535,265.1940662465391,283.16516460373293,17.971098357193853,same_direction
calibration,1,KITTI_odometry,05,5.0,100,1310,548,1.307483078284394,265.1940662465391,281.34791982693224,16.15385358039316,same_direction
calibration,1,KITTI_odometry,05,5.0,100,1310,549,1.2558019748352072,265.1940662465391,279.8997204818009,14.705654235261818,same_direction
calibration,1,KITTI_odometry,05,5.0,100,1310,550,1.3106720184699168,265.1940662465391,278.5526475404798,13.358581293940745,same_direction
calibration,1,KITTI_odometry,05,5.0,100,1310,551,1.4882705432817107,265.1940662465391,277.403867546864,12.209801300324898,same_direction
calibration,1,KITTI_odometry,05,5.0,100,1310,552,1.761170670321319,265.1940662465391,276.54267138039677,11.348605133857689,same_direction
calibration,1,KITTI_odometry,05,5.0,100,1310,553,2.1071451800955896,265.1940662465391,275.72429897455345,10.530232728014369,same_direction
calibration,1,KITTI_odometry,05,5.0,100,1310,554,2.500316174006788,265.1940662465391,274.78592033592554,9.591854089386459,same_direction
calibration,1,KITTI_odometry,05,5.0,100,1310,555,2.9244777995395994,265.1940662465391,273.82235785717904,8.628291610639963,same_direction
calibration,1,KITTI_odometry,05,5.0,100,1310,556,3.381253343066747,265.1940662465391,272.755332625898,7.561266379358926,same_direction
calibration,1,KITTI_odometry,05,5.0,100,1310,557,3.867281135371473,265.1940662465391,271.80046030198855,6.606394055449471,same_direction
calibration,1,KITTI_odometry,05,5.0,100,1310,558,4.377717514870048,265.1940662465391,270.9526127871029,5.758546540563827,same_direction
calibration,1,KITTI_odometry,05,5.0,100,1310,559,4.911038639636215,265.1940662465391,270.1406713358082,4.946605089269099,same_direction
calibration,1,KITTI_odometry,05,5.0,100,1311,538,4.712279940750537,266.7879094065833,308.7441949945224,41.95628558793908,same_direction
calibration,1,KITTI_odometry,05,5.0,100,1311,539,4.3769552567966565,266.7879094065833,305.45838991965076,38.670480513067446,same_direction
calibration,1,KITTI_odometry,05,5.0,100,1311,540,4.069680206109567,266.7879094065833,302.2439659605065,35.45605655392319,same_direction
calibration,1,KITTI_odometry,05,5.0,100,1311,541,3.7267837205826733,266.7879094065833,299.0414771614983,32.25356775491497,same_direction
calibration,1,KITTI_odometry,05,5.0,100,1311,542,3.417009401508856,266.7879094065833,295.8857582810042,29.09784887442089,same_direction
calibration,1,KITTI_odometry,05,5.0,100,1311,543,3.0771525669033717,266.7879094065833,292.87694522882236,26.089035822239055,same_direction
calibration,1,KITTI_odometry,05,5.0,100,1311,544,2.7653755133796922,266.7879094065833,290.0646334479956,23.276724041412308,same_direction
calibration,1,KITTI_odometry,05,5.0,100,1311,545,2.4551582291168232,266.7879094065833,287.5029838919545,20.71507448537119,same_direction
calibration,1,KITTI_odometry,05,5.0,100,1311,546,2.1356427252702996,266.7879094065833,285.1932057093629,18.405296302779618,same_direction
calibration,1,KITTI_odometry,05,5.0,100,1311,547,1.8606520362496555,266.7879094065833,283.16516460373293,16.377255197149623,same_direction
calibration,1,KITTI_odometry,05,5.0,100,1311,548,1.614317205508259,266.7879094065833,281.34791982693224,14.560010420348931,same_direction
calibration,1,KITTI_odometry,05,5.0,100,1311,549,1.4303736295108231,266.7879094065833,279.8997204818009,13.111811075217588,same_direction
calibration,1,KITTI_odometry,05,5.0,100,1311,550,1.3189392480322788,266.7879094065833,278.5526475404798,11.764738133896515,same_direction
calibration,1,KITTI_odometry,05,5.0,100,1311,551,1.3341528285769946,266.7879094065833,277.403867546864,10.615958140280668,same_direction
calibration,1,KITTI_odometry,05,5.0,100,1311,552,1.4807731527820154,266.7879094065833,276.54267138039677,9.754761973813459,same_direction
calibration,1,KITTI_odometry,05,5.0,100,1311,553,1.7456418217950695,266.7879094065833,275.72429897455345,8.936389567970139,same_direction
calibration,1,KITTI_odometry,05,5.0,100,1311,554,2.088157755055852,266.7879094065833,274.78592033592554,7.998010929342229,same_direction
calibration,1,KITTI_odometry,05,5.0,100,1311,555,2.4787382031993443,266.7879094065833,273.82235785717904,7.0344484505957325,same_direction
calibration,1,KITTI_odometry,05,5.0,100,1311,556,2.91293130883651,266.7879094065833,272.755332625898,5.967423219314696,same_direction
calibration,1,KITTI_odometry,05,5.0,100,1311,557,3.3824154830534923,266.7879094065833,271.80046030198855,5.012550895405241,same_direction
calibration,1,KITTI_odometry,05,5.0,100,1311,558,3.880712249059433,266.7879094065833,270.9526127871029,4.164703380519597,same_direction
calibration,1,KITTI_odometry,05,5.0,100,1311,559,4.405076798422458,266.7879094065833,270.1406713358082,3.3527619292248687,same_direction
calibration,1,KITTI_odometry,05,5.0,100,1311,560,4.955613319257256,266.7879094065833,269.4584372819785,2.67052787539518,same_direction
calibration,1,KITTI_odometry,05,5.0,100,1312,539,4.944553223497523,268.25582916495756,305.45838991965076,37.202560754693195,same_direction
calibration,1,KITTI_odometry,05,5.0,100,1312,540,4.635139631122227,268.25582916495756,302.2439659605065,33.98813679554894,same_direction
calibration,1,KITTI_odometry,05,5.0,100,1312,541,4.289348593900937,268.25582916495756,299.0414771614983,30.785647996540717,same_direction
calibration,1,KITTI_odometry,05,5.0,100,1312,542,3.9748892122925663,268.25582916495756,295.8857582810042,27.62992911604664,same_direction
calibration,1,KITTI_odometry,05,5.0,100,1312,543,3.6286984581251653,268.25582916495756,292.87694522882236,24.621116063864804,same_direction
calibration,1,KITTI_odometry,05,5.0,100,1312,544,3.3074884504711353,268.25582916495756,290.0646334479956,21.808804283038057,same_direction
calibration,1,KITTI_odometry,05,5.0,100,1312,545,2.9839407249474705,268.25582916495756,287.5029838919545,19.24715472699694,same_direction
calibration,1,KITTI_odometry,05,5.0,100,1312,546,2.6450117750210347,268.25582916495756,285.1932057093629,16.937376544405367,same_direction
calibration,1,KITTI_odometry,05,5.0,100,1312,547,2.3387166095959553,268.25582916495756,283.16516460373293,14.909335438775372,same_direction
calibration,1,KITTI_odometry,05,5.0,100,1312,548,2.041140960345465,268.25582916495756,281.34791982693224,13.09209066197468,same_direction
calibration,1,KITTI_odometry,05,5.0,100,1312,549,1.775242276423135,268.25582916495756,279.8997204818009,11.643891316843337,same_direction
calibration,1,KITTI_odometry,05,5.0,100,1312,550,1.5394774438100691,268.25582916495756,278.5526475404798,10.296818375522264,same_direction
calibration,1,KITTI_odometry,05,5.0,100,1312,551,1.3875000000000195,268.25582916495756,277.403867546864,9.148038381906417,same_direction
calibration,1,KITTI_odometry,05,5.0,100,1312,552,1.3543929451972394,268.25582916495756,276.54267138039677,8.286842215439208,same_direction
calibration,1,KITTI_odometry,05,5.0,100,1312,553,1.4747779120939115,268.25582916495756,275.72429897455345,7.468469809595888,same_direction
calibration,1,KITTI_odometry,05,5.0,100,1312,554,1.7200497812563451,268.25582916495756,274.78592033592554,6.530091170967978,same_direction
calibration,1,KITTI_odometry,05,5.0,100,1312,555,2.0476710722183933,268.25582916495756,273.82235785717904,5.566528692221482,same_direction
calibration,1,KITTI_odometry,05,5.0,100,1312,556,2.4415822349452214,268.25582916495756,272.755332625898,4.499503460940446,same_direction
calibration,1,KITTI_odometry,05,5.0,100,1312,557,2.883512420642595,268.25582916495756,271.80046030198855,3.54463113703099,same_direction
calibration,1,KITTI_odometry,05,5.0,100,1312,558,3.3628188324677972,268.25582916495756,270.9526127871029,2.6967836221453467,same_direction
calibration,1,KITTI_odometry,05,5.0,100,1312,559,3.873917379088,268.25582916495756,270.1406713358082,1.884842170850618,same_direction
calibration,1,KITTI_odometry,05,5.0,100,1312,560,4.4153939676998375,268.25582916495756,269.4584372819785,1.2026081170209295,same_direction
calibration,1,KITTI_odometry,05,5.0,100,1312,561,4.983524119536302,268.25582916495756,268.9837511663452,0.7279220013876397,same_direction
calibration,1,KITTI_odometry,05,5.0,100,1313,541,4.834745533117547,269.4556886367798,299.0414771614983,29.585788524718453,same_direction
calibration,1,KITTI_odometry,05,5.0,100,1313,542,4.516487982935406,269.4556886367798,295.8857582810042,26.430069644224375,same_direction
calibration,1,KITTI_odometry,05,5.0,100,1313,543,4.165522561456132,269.4556886367798,292.87694522882236,23.42125659204254,same_direction
calibration,1,KITTI_odometry,05,5.0,100,1313,544,3.837579539240854,269.4556886367798,290.0646334479956,20.608944811215792,same_direction
calibration,1,KITTI_odometry,05,5.0,100,1313,545,3.505124893637904,269.4556886367798,287.5029838919545,18.047295255174674,same_direction
calibration,1,KITTI_odometry,05,5.0,100,1313,546,3.1541950890837387,269.4556886367798,285.1932057093629,15.737517072583103,same_direction
calibration,1,KITTI_odometry,05,5.0,100,1313,547,2.82949637391534,269.4556886367798,283.16516460373293,13.709475966953107,same_direction
calibration,1,KITTI_odometry,05,5.0,100,1313,548,2.503445627530192,269.4556886367798,281.34791982693224,11.892231190152415,same_direction
calibration,1,KITTI_odometry,05,5.0,100,1313,549,2.193163206421267,269.4556886367798,279.8997204818009,10.444031845021073,same_direction
calibration,1,KITTI_odometry,05,5.0,100,1313,550,1.888596603300974,269.4556886367798,278.5526475404798,9.0969589037,same_direction
calibration,1,KITTI_odometry,05,5.0,100,1313,551,1.6280642370619292,269.4556886367798,277.403867546864,7.9481789100841524,same_direction
calibration,1,KITTI_odometry,05,5.0,100,1313,552,1.4390331267903507,269.4556886367798,276.54267138039677,7.086982743616943,same_direction
calibration,1,KITTI_odometry,05,5.0,100,1313,553,1.382738963072934,269.4556886367798,275.72429897455345,6.268610337773623,same_direction
calibration,1,KITTI_odometry,05,5.0,100,1313,554,1.476819555666819,269.4556886367798,274.78592033592554,5.330231699145713,same_direction
calibration,1,KITTI_odometry,05,5.0,100,1313,555,1.6976152714911399,269.4556886367798,273.82235785717904,4.366669220399217,same_direction
calibration,1,KITTI_odometry,05,5.0,100,1313,556,2.0234353757903882,269.4556886367798,272.755332625898,3.299643989118181,same_direction
calibration,1,KITTI_odometry,05,5.0,100,1313,557,2.421440036424602,269.4556886367798,271.80046030198855,2.344771665208725,same_direction
calibration,1,KITTI_odometry,05,5.0,100,1313,558,2.872463773487828,269.4556886367798,270.9526127871029,1.496924150323082,same_direction
calibration,1,KITTI_odometry,05,5.0,100,1313,559,3.3650536652481318,269.4556886367798,270.1406713358082,0.6849826990283532,same_direction
calibration,1,KITTI_odometry,05,5.0,100,1313,560,3.8945566114770926,269.4556886367798,269.4584372819785,0.00274864519866469,same_direction
calibration,1,KITTI_odometry,05,5.0,100,1313,561,4.454588881142667,269.4556886367798,268.9837511663452,0.4719374704346251,same_direction
calibration,1,KITTI_odometry,05,5.0,100,1314,543,4.733021387021186,270.5159010693274,292.87694522882236,22.361044159494952,same_direction
calibration,1,KITTI_odometry,05,5.0,100,1314,544,4.3997999886358405,270.5159010693274,290.0646334479956,19.548732378668205,same_direction
calibration,1,KITTI_odometry,05,5.0,100,1314,545,4.0606955487945715,270.5159010693274,287.5029838919545,16.987082822627087,same_direction
calibration,1,KITTI_odometry,05,5.0,100,1314,546,3.7013352671704682,270.5159010693274,285.1932057093629,14.677304640035516,same_direction
calibration,1,KITTI_odometry,05,5.0,100,1314,547,3.364195988642755,270.5159010693274,283.16516460373293,12.64926353440552,same_direction
calibration,1,KITTI_odometry,05,5.0,100,1314,548,3.0199065565013727,270.5159010693274,281.34791982693224,10.832018757604828,same_direction
calibration,1,KITTI_odometry,05,5.0,100,1314,549,2.6825474180338302,270.5159010693274,279.8997204818009,9.383819412473485,same_direction
calibration,1,KITTI_odometry,05,5.0,100,1314,550,2.3380668360848746,270.5159010693274,278.5526475404798,8.036746471152412,same_direction
calibration,1,KITTI_odometry,05,5.0,100,1314,551,2.0134177162228473,270.5159010693274,277.403867546864,6.887966477536565,same_direction
calibration,1,KITTI_odometry,05,5.0,100,1314,552,1.7201984187877866,270.5159010693274,276.54267138039677,6.026770311069356,same_direction
calibration,1,KITTI_odometry,05,5.0,100,1314,553,1.5080155237927773,270.5159010693274,275.72429897455345,5.208397905226036,same_direction
calibration,1,KITTI_odometry,05,5.0,100,1314,554,1.4145890781424724,270.5159010693274,274.78592033592554,4.270019266598126,same_direction
calibration,1,KITTI_odometry,05,5.0,100,1314,555,1.4629257841736083,270.5159010693274,273.82235785717904,3.30645678785163,same_direction
calibration,1,KITTI_odometry,05,5.0,100,1314,556,1.6634678055195504,270.5159010693274,272.755332625898,2.239431556570594,same_direction
calibration,1,KITTI_odometry,05,5.0,100,1314,557,1.9802205962972976,270.5159010693274,271.80046030198855,1.2845592326611381,same_direction
calibration,1,KITTI_odometry,05,5.0,100,1314,558,2.3814000188964495,270.5159010693274,270.9526127871029,0.4367117177754949,same_direction
calibration,1,KITTI_odometry,05,5.0,100,1314,559,2.843395809591058,270.5159010693274,270.1406713358082,0.37522973351923383,same_direction
calibration,1,KITTI_odometry,05,5.0,100,1314,560,3.354228987412763,270.5159010693274,269.4584372819785,1.0574637873489223,same_direction
calibration,1,KITTI_odometry,05,5.0,100,1314,561,3.9023140006924115,270.5159010693274,268.9837511663452,1.532149902982212,same_direction
calibration,1,KITTI_odometry,05,5.0,100,1314,562,4.482656566144693,270.5159010693274,268.69807135683664,1.8178297124907772,same_direction
calibration,1,KITTI_odometry,05,5.0,100,1315,544,4.981633503179461,271.4252478699266,290.0646334479956,18.63938557806904,same_direction
calibration,1,KITTI_odometry,05,5.0,100,1315,545,4.637611557687878,271.4252478699266,287.5029838919545,16.07773602202792,same_direction
calibration,1,KITTI_odometry,05,5.0,100,1315,546,4.272322883397273,271.4252478699266,285.1932057093629,13.767957839436349,same_direction
calibration,1,KITTI_odometry,05,5.0,100,1315,547,3.926688636752363,271.4252478699266,283.16516460373293,11.739916733806353,same_direction
calibration,1,KITTI_odometry,05,5.0,100,1315,548,3.5705163338094508,271.4252478699266,281.34791982693224,9.922671957005662,same_direction
calibration,1,KITTI_odometry,05,5.0,100,1315,549,3.2163627982552074,271.4252478699266,279.8997204818009,8.474472611874319,same_direction
calibration,1,KITTI_odometry,05,5.0,100,1315,550,2.8487570008689778,271.4252478699266,278.5526475404798,7.127399670553245,same_direction
calibration,1,KITTI_odometry,05,5.0,100,1315,551,2.488415142214037,271.4252478699266,277.403867546864,5.978619676937399,same_direction
calibration,1,KITTI_odometry,05,5.0,100,1315,552,2.137279546526392,271.4252478699266,276.54267138039677,5.117423510470189,same_direction
calibration,1,KITTI_odometry,05,5.0,100,1315,553,1.8281171187864427,271.4252478699266,275.72429897455345,4.299051104626869,same_direction
calibration,1,KITTI_odometry,05,5.0,100,1315,554,1.584794207460396,271.4252478699266,274.78592033592554,3.3606724659989595,same_direction
calibration,1,KITTI_odometry,05,5.0,100,1315,555,1.439811880073226,271.4252478699266,273.82235785717904,2.3971099872524633,same_direction
calibration,1,KITTI_odometry,05,5.0,100,1315,556,1.4485124093358817,271.4252478699266,272.755332625898,1.330084755971427,same_direction
calibration,1,KITTI_odometry,05,5.0,100,1315,557,1.618720868463744,271.4252478699266,271.80046030198855,0.3752124320619714,same_direction
calibration,1,KITTI_odometry,05,5.0,100,1315,558,1.9272937840402027,271.4252478699266,270.9526127871029,0.47263508282367184,same_direction
calibration,1,KITTI_odometry,05,5.0,100,1315,559,2.3348159691932846,271.4252478699266,270.1406713358082,1.2845765341184006,same_direction
calibration,1,KITTI_odometry,05,5.0,100,1315,560,2.814339887078322,271.4252478699266,269.4584372819785,1.966810587948089,same_direction
calibration,1,KITTI_odometry,05,5.0,100,1315,561,3.343617170071953,271.4252478699266,268.9837511663452,2.441496703581379,same_direction
calibration,1,KITTI_odometry,05,5.0,100,1315,562,3.912140918985418,271.4252478699266,268.69807135683664,2.727176513089944,same_direction
calibration,1,KITTI_odometry,05,5.0,100,1315,563,4.512501839334807,271.4252478699266,268.4945603815046,2.930687488421995,same_direction
calibration,1,KITTI_odometry,05,5.0,100,1316,546,4.869348352705939,272.2007333491408,285.1932057093629,12.99247236022211,same_direction
calibration,1,KITTI_odometry,05,5.0,100,1316,547,4.517280023421195,272.2007333491408,283.16516460373293,10.964431254592114,same_direction
calibration,1,KITTI_odometry,05,5.0,100,1316,548,4.15252353756124,272.2007333491408,281.34791982693224,9.147186477791422,same_direction
calibration,1,KITTI_odometry,05,5.0,100,1316,549,3.7868351125973385,272.2007333491408,279.8997204818009,7.698987132660079,same_direction
calibration,1,KITTI_odometry,05,5.0,100,1316,550,3.4044675428031357,272.2007333491408,278.5526475404798,6.351914191339006,same_direction
calibration,1,KITTI_odometry,05,5.0,100,1316,551,3.022628425724888,272.2007333491408,277.403867546864,5.203134197723159,same_direction
calibration,1,KITTI_odometry,05,5.0,100,1316,552,2.6384728044836936,272.2007333491408,276.54267138039677,4.34193803125595,same_direction
calibration,1,KITTI_odometry,05,5.0,100,1316,553,2.274396711218166,272.2007333491408,275.72429897455345,3.5235656254126297,same_direction
calibration,1,KITTI_odometry,05,5.0,100,1316,554,1.939752664645677,272.2007333491408,274.78592033592554,2.58518698678472,same_direction
calibration,1,KITTI_odometry,05,5.0,100,1316,555,1.6503454335380678,272.2007333491408,273.82235785717904,1.6216245080382237,same_direction
calibration,1,KITTI_odometry,05,5.0,100,1316,556,1.4571282716356773,272.2007333491408,272.755332625898,0.5545992767571875,same_direction
calibration,1,KITTI_odometry,05,5.0,100,1316,557,1.4102373027260107,272.2007333491408,271.80046030198855,0.4002730471522682,same_direction
calibration,1,KITTI_odometry,05,5.0,100,1316,558,1.5499636157019696,272.2007333491408,270.9526127871029,1.2481205620379114,same_direction
calibration,1,KITTI_odometry,05,5.0,100,1316,559,1.853860288694888,272.2007333491408,270.1406713358082,2.06006201333264,same_direction
calibration,1,KITTI_odometry,05,5.0,100,1316,560,2.2765645872673854,272.2007333491408,269.4584372819785,2.7422960671623287,same_direction
calibration,1,KITTI_odometry,05,5.0,100,1316,561,2.774325882083767,272.2007333491408,268.9837511663452,3.2169821827956184,same_direction
calibration,1,KITTI_odometry,05,5.0,100,1316,562,3.3245750239692193,272.2007333491408,268.69807135683664,3.5026619923041835,same_direction
calibration,1,KITTI_odometry,05,5.0,100,1316,563,3.913805433334657,272.2007333491408,268.4945603815046,3.7061729676362347,same_direction
calibration,1,KITTI_odometry,05,5.0,100,1316,564,4.531334206389966,272.2007333491408,268.35274427145066,3.8479890776901584,same_direction
calibration,1,KITTI_odometry,05,5.0,100,1317,548,4.741033652063656,272.91371193403796,281.34791982693224,8.434207892894278,same_direction
calibration,1,KITTI_odometry,05,5.0,100,1317,549,4.367473279826683,272.91371193403796,279.8997204818009,6.9860085477629355,same_direction
calibration,1,KITTI_odometry,05,5.0,100,1317,550,3.9756586183926768,272.91371193403796,278.5526475404798,5.638935606441862,same_direction
calibration,1,KITTI_odometry,05,5.0,100,1317,551,3.580755925778813,272.91371193403796,277.403867546864,4.490155612826015,same_direction
calibration,1,KITTI_odometry,05,5.0,100,1317,552,3.1776836500822454,272.91371193403796,276.54267138039677,3.628959446358806,same_direction
calibration,1,KITTI_odometry,05,5.0,100,1317,553,2.7833947905390612,272.91371193403796,275.72429897455345,2.810587040515486,same_direction
calibration,1,KITTI_odometry,05,5.0,100,1317,554,2.3996333053197985,272.91371193403796,274.78592033592554,1.8722084018875762,same_direction
calibration,1,KITTI_odometry,05,5.0,100,1317,555,2.0297745515204313,272.91371193403796,273.82235785717904,0.90864592314108,same_direction
calibration,1,KITTI_odometry,05,5.0,100,1317,556,1.7015829806389102,272.91371193403796,272.755332625898,0.15837930813995627,same_direction
calibration,1,KITTI_odometry,05,5.0,100,1317,557,1.4512436632075136,272.91371193403796,271.80046030198855,1.113251632049412,same_direction
calibration,1,KITTI_odometry,05,5.0,100,1317,558,1.3568759596956463,272.91371193403796,270.9526127871029,1.9610991469350552,same_direction
calibration,1,KITTI_odometry,05,5.0,100,1317,559,1.4748601052303152,272.91371193403796,270.1406713358082,2.773040598229784,same_direction
calibration,1,KITTI_odometry,05,5.0,100,1317,560,1.788902009613722,272.91371193403796,269.4584372819785,3.4552746520594724,same_direction
calibration,1,KITTI_odometry,05,5.0,100,1317,561,2.2296740793219056,272.91371193403796,268.9837511663452,3.929960767692762,same_direction
calibration,1,KITTI_odometry,05,5.0,100,1317,562,2.749644604307992,272.91371193403796,268.69807135683664,4.215640577201327,same_direction
calibration,1,KITTI_odometry,05,5.0,100,1317,563,3.3219413676342966,272.91371193403796,268.4945603815046,4.419151552533378,same_direction
calibration,1,KITTI_odometry,05,5.0,100,1317,564,3.929525239771332,272.91371193403796,268.35274427145066,4.560967662587302,same_direction
calibration,1,KITTI_odometry,05,5.0,100,1317,565,4.571431716650693,272.91371193403796,268.2969826354268,4.616729298611176,same_direction
calibration,1,KITTI_odometry,05,5.0,100,1318,549,4.980102360393799,273.65034682349557,279.8997204818009,6.2493736583053305,same_direction
calibration,1,KITTI_odometry,05,5.0,100,1318,550,4.581712555366149,273.65034682349557,278.5526475404798,4.902300716984257,same_direction
calibration,1,KITTI_odometry,05,5.0,100,1318,551,4.178107749926988,273.65034682349557,277.403867546864,3.7535207233684105,same_direction
calibration,1,KITTI_odometry,05,5.0,100,1318,552,3.763083274390814,273.65034682349557,276.54267138039677,2.892324556901201,same_direction
calibration,1,KITTI_odometry,05,5.0,100,1318,553,3.35049572003903,273.65034682349557,275.72429897455345,2.073952151057881,same_direction
calibration,1,KITTI_odometry,05,5.0,100,1318,554,2.938435742023285,273.65034682349557,274.78592033592554,1.1355735124299713,same_direction
calibration,1,KITTI_odometry,05,5.0,100,1318,555,2.524409293280288,273.65034682349557,273.82235785717904,0.17201103368347503,same_direction
calibration,1,KITTI_odometry,05,5.0,100,1318,556,2.121003774159753,273.65034682349557,272.755332625898,0.8950141975975612,same_direction
calibration,1,KITTI_odometry,05,5.0,100,1318,557,1.7402039248317684,273.65034682349557,271.80046030198855,1.8498865215070168,same_direction
calibration,1,KITTI_odometry,05,5.0,100,1318,558,1.4344508217432692,273.65034682349557,270.9526127871029,2.69773403639266,same_direction
calibration,1,KITTI_odometry,05,5.0,100,1318,559,1.2898168862284143,273.65034682349557,270.1406713358082,3.509675487687389,same_direction
calibration,1,KITTI_odometry,05,5.0,100,1318,560,1.3924558054028182,273.65034682349557,269.4584372819785,4.191909541517077,same_direction
calibration,1,KITTI_odometry,05,5.0,100,1318,561,1.7140049037269445,273.65034682349557,268.9837511663452,4.666595657150367,same_direction
calibration,1,KITTI_odometry,05,5.0,100,1318,562,2.174766212722664,273.65034682349557,268.69807135683664,4.952275466658932,same_direction
calibration,1,KITTI_odometry,05,5.0,100,1318,563,2.717097959220476,273.65034682349557,268.4945603815046,5.155786441990983,same_direction
calibration,1,KITTI_odometry,05,5.0,100,1318,564,3.3086409596690944,273.65034682349557,268.35274427145066,5.297602552044907,same_direction
calibration,1,KITTI_odometry,05,5.0,100,1318,565,3.941303394817507,273.65034682349557,268.2969826354268,5.353364188068781,same_direction
calibration,1,KITTI_odometry,05,5.0,100,1318,566,4.602660292700315,273.65034682349557,268.38678327675933,5.263563546736236,same_direction
calibration,1,KITTI_odometry,05,5.0,100,1319,551,4.797286743566615,274.33473579683573,277.403867546864,3.069131750028248,same_direction
calibration,1,KITTI_odometry,05,5.0,100,1319,552,4.374453003519401,274.33473579683573,276.54267138039677,2.2079355835610386,same_direction
calibration,1,KITTI_odometry,05,5.0,100,1319,553,3.9503440685590734,274.33473579683573,275.72429897455345,1.3895631777177186,same_direction
calibration,1,KITTI_odometry,05,5.0,100,1319,554,3.5213665671156638,274.33473579683573,274.78592033592554,0.4511845390898088,same_direction
calibration,1,KITTI_odometry,05,5.0,100,1319,555,3.082714182339953,274.33473579683573,273.82235785717904,0.5123779396566874,same_direction
calibration,1,KITTI_odometry,05,5.0,100,1319,556,2.6396442070854746,274.33473579683573,272.755332625898,1.5794031709377236,same_direction
calibration,1,KITTI_odometry,05,5.0,100,1319,557,2.1917855209850865,274.33473579683573,271.80046030198855,2.5342754948471793,same_direction
calibration,1,KITTI_odometry,05,5.0,100,1319,558,1.7649255989984187,274.33473579683573,270.9526127871029,3.3821230097328225,same_direction
calibration,1,KITTI_odometry,05,5.0,100,1319,559,1.4070942150403272,274.33473579683573,270.1406713358082,4.194064461027551,same_direction
calibration,1,KITTI_odometry,05,5.0,100,1319,560,1.2215736162835185,274.33473579683573,269.4584372819785,4.87629851485724,same_direction
calibration,1,KITTI_odometry,05,5.0,100,1319,561,1.3057534223581402,274.33473579683573,268.9837511663452,5.3509846304905295,same_direction
calibration,1,KITTI_odometry,05,5.0,100,1319,562,1.638690590074905,274.33473579683573,268.69807135683664,5.636664439999095,same_direction
calibration,1,KITTI_odometry,05,5.0,100,1319,563,2.1217887854355433,274.33473579683573,268.4945603815046,5.840175415331146,same_direction
calibration,1,KITTI_odometry,05,5.0,100,1319,564,2.685172957185439,274.33473579683573,268.35274427145066,5.9819915253850695,same_direction
calibration,1,KITTI_odometry,05,5.0,100,1319,565,3.3032514042984937,274.33473579683573,268.2969826354268,6.0377531614089435,same_direction
calibration,1,KITTI_odometry,05,5.0,100,1319,566,3.9567615040586026,274.33473579683573,268.38678327675933,5.947952520076399,same_direction
calibration,1,KITTI_odometry,05,5.0,100,1319,567,4.641591046182334,274.33473579683573,268.7210477572837,5.613688039552017,same_direction
calibration,1,KITTI_odometry,05,5.0,100,1320,553,4.574297384298474,274.9434770986759,275.72429897455345,0.7808218758775638,same_direction
calibration,1,KITTI_odometry,05,5.0,100,1320,554,4.13453406322889,274.9434770986759,274.78592033592554,0.15755676275034602,same_direction
calibration,1,KITTI_odometry,05,5.0,100,1320,555,3.681213545829678,274.9434770986759,273.82235785717904,1.1211192414968423,same_direction
calibration,1,KITTI_odometry,05,5.0,100,1320,556,3.216073941936025,274.9434770986759,272.755332625898,2.1881444727778785,same_direction
calibration,1,KITTI_odometry,05,5.0,100,1320,557,2.733906708357086,274.9434770986759,271.80046030198855,3.143016796687334,same_direction
calibration,1,KITTI_odometry,05,5.0,100,1320,558,2.2483676589917296,274.9434770986759,270.9526127871029,3.9908643115729774,same_direction
calibration,1,KITTI_odometry,05,5.0,100,1320,559,1.7796181753398643,274.9434770986759,270.1406713358082,4.802805762867706,same_direction
calibration,1,KITTI_odometry,05,5.0,100,1320,560,1.3798359612649684,274.9434770986759,269.4584372819785,5.485039816697395,same_direction
calibration,1,KITTI_odometry,05,5.0,100,1320,561,1.1479291005981294,274.9434770986759,268.9837511663452,5.959725932330684,same_direction
calibration,1,KITTI_odometry,05,5.0,100,1320,562,1.213810154019176,274.9434770986759,268.69807135683664,6.2454057418392495,same_direction
calibration,1,KITTI_odometry,05,5.0,100,1320,563,1.5620674537292114,274.9434770986759,268.4945603815046,6.448916717171301,same_direction
calibration,1,KITTI_odometry,05,5.0,100,1320,564,2.068325760125815,274.9434770986759,268.35274427145066,6.590732827225224,same_direction
calibration,1,KITTI_odometry,05,5.0,100,1320,565,2.6607279492650133,274.9434770986759,268.2969826354268,6.646494463249098,same_direction
calibration,1,KITTI_odometry,05,5.0,100,1320,566,3.3019874893766796,274.9434770986759,268.38678327675933,6.556693821916554,same_direction
calibration,1,KITTI_odometry,05,5.0,100,1320,567,3.9806334696879646,274.9434770986759,268.7210477572837,6.222429341392171,same_direction
calibration,1,KITTI_odometry,05,5.0,100,1320,568,4.6886601337695835,274.9434770986759,269.2075880100188,5.735889088657075,same_direction
calibration,1,KITTI_odometry,05,5.0,100,1321,554,4.775172848180489,275.4068562447461,274.78592033592554,0.6209359088205701,same_direction
calibration,1,KITTI_odometry,05,5.0,100,1321,555,4.312553531261965,275.4068562447461,273.82235785717904,1.5844983875670664,same_direction
calibration,1,KITTI_odometry,05,5.0,100,1321,556,3.8342679470793417,275.4068562447461,272.755332625898,2.6515236188481026,same_direction
calibration,1,KITTI_odometry,05,5.0,100,1321,557,3.333415572652165,275.4068562447461,271.80046030198855,3.6063959427575583,same_direction
calibration,1,KITTI_odometry,05,5.0,100,1321,558,2.818885488983196,275.4068562447461,270.9526127871029,4.4542434576432015,same_direction
calibration,1,KITTI_odometry,05,5.0,100,1321,559,2.2996177943301923,275.4068562447461,270.1406713358082,5.26618490893793,same_direction
calibration,1,KITTI_odometry,05,5.0,100,1321,560,1.7979150953257115,275.4068562447461,269.4584372819785,5.948418962767619,same_direction
calibration,1,KITTI_odometry,05,5.0,100,1321,561,1.352620098179847,275.4068562447461,268.9837511663452,6.4231050784009085,same_direction
calibration,1,KITTI_odometry,05,5.0,100,1321,562,1.0687025778952925,275.4068562447461,268.69807135683664,6.708784887909474,same_direction
calibration,1,KITTI_odometry,05,5.0,100,1321,563,1.1135575602545367,275.4068562447461,268.4945603815046,6.912295863241525,same_direction
calibration,1,KITTI_odometry,05,5.0,100,1321,564,1.479315855387209,275.4068562447461,268.35274427145066,7.0541119732954485,same_direction
calibration,1,KITTI_odometry,05,5.0,100,1321,565,2.0174602573532745,275.4068562447461,268.2969826354268,7.109873609319322,same_direction
calibration,1,KITTI_odometry,05,5.0,100,1321,566,2.636767204362191,275.4068562447461,268.38678327675933,7.020072967986778,same_direction
calibration,1,KITTI_odometry,05,5.0,100,1321,567,3.305706927421111,275.4068562447461,268.7210477572837,6.6858084874623955,same_direction
calibration,1,KITTI_odometry,05,5.0,100,1321,568,4.009075005534324,275.4068562447461,269.2075880100188,6.199268234727299,same_direction
calibration,1,KITTI_odometry,05,5.0,100,1321,569,4.741140272128628,275.4068562447461,269.75233043675394,5.654525807992172,same_direction
calibration,1,KITTI_odometry,05,5.0,100,1322,555,4.968069252737929,275.69256012739106,273.82235785717904,1.870202270212019,same_direction
calibration,1,KITTI_odometry,05,5.0,100,1322,556,4.481670537868662,275.69256012739106,272.755332625898,2.937227501493055,same_direction
calibration,1,KITTI_odometry,05,5.0,100,1322,557,3.970188312914126,275.69256012739106,271.80046030198855,3.8920998254025108,same_direction
calibration,1,KITTI_odometry,05,5.0,100,1322,558,3.440655382336337,275.69256012739106,270.9526127871029,4.739947340288154,same_direction
calibration,1,KITTI_odometry,05,5.0,100,1322,559,2.897908545830949,275.69256012739106,270.1406713358082,5.551888791582883,same_direction
calibration,1,KITTI_odometry,05,5.0,100,1322,560,2.3529730661442025,275.69256012739106,269.4584372819785,6.234122845412571,same_direction
calibration,1,KITTI_odometry,05,5.0,100,1322,561,1.8175417601805084,275.69256012739106,268.9837511663452,6.708808961045861,same_direction
calibration,1,KITTI_odometry,05,5.0,100,1322,562,1.326320059412521,275.69256012739106,268.69807135683664,6.994488770554426,same_direction
calibration,1,KITTI_odometry,05,5.0,100,1322,563,0.9868801852302238,275.69256012739106,268.4945603815046,7.197999745886477,same_direction
calibration,1,KITTI_odometry,05,5.0,100,1322,564,1.0090451030553649,275.69256012739106,268.35274427145066,7.339815855940401,same_direction
calibration,1,KITTI_odometry,05,5.0,100,1322,565,1.401841906207676,275.69256012739106,268.2969826354268,7.395577491964275,same_direction
calibration,1,KITTI_odometry,05,5.0,100,1322,566,1.9725337132733682,275.69256012739106,268.38678327675933,7.30577685063173,same_direction
calibration,1,KITTI_odometry,05,5.0,100,1322,567,2.6235463651325004,275.69256012739106,268.7210477572837,6.971512370107348,same_direction
calibration,1,KITTI_odometry,05,5.0,100,1322,568,3.3194154696271547,275.69256012739106,269.2075880100188,6.484972117372251,same_direction
calibration,1,KITTI_odometry,05,5.0,100,1322,569,4.048185581220303,275.69256012739106,269.75233043675394,5.940229690637125,same_direction
calibration,1,KITTI_odometry,05,5.0,100,1322,570,4.801940833662977,275.69256012739106,270.31654511910597,5.376015008285094,same_direction
calibration,1,KITTI_odometry,05,5.0,100,1323,557,4.639409760950189,275.85599091104604,271.80046030198855,4.0555306090574845,same_direction
calibration,1,KITTI_odometry,05,5.0,100,1323,558,4.101699975619864,275.85599091104604,270.9526127871029,4.903378123943128,same_direction
calibration,1,KITTI_odometry,05,5.0,100,1323,559,3.547339477693112,275.85599091104604,270.1406713358082,5.7153195752378565,same_direction
calibration,1,KITTI_odometry,05,5.0,100,1323,560,2.9830075092094623,275.85599091104604,269.4584372819785,6.397553629067545,same_direction
calibration,1,KITTI_odometry,05,5.0,100,1323,561,2.411722790869643,275.85599091104604,268.9837511663452,6.872239744700835,same_direction
calibration,1,KITTI_odometry,05,5.0,100,1323,562,1.8427681161774017,275.85599091104604,268.69807135683664,7.1579195542094,same_direction
calibration,1,KITTI_odometry,05,5.0,100,1323,563,1.3067227900362133,275.85599091104604,268.4945603815046,7.361430529541451,same_direction
calibration,1,KITTI_odometry,05,5.0,100,1323,564,0.9094812862285878,275.85599091104604,268.35274427145066,7.503246639595375,same_direction
calibration,1,KITTI_odometry,05,5.0,100,1323,565,0.9045303864436861,275.85599091104604,268.2969826354268,7.559008275619249,same_direction
calibration,1,KITTI_odometry,05,5.0,100,1323,566,1.328743805253668,275.85599091104604,268.38678327675933,7.469207634286704,same_direction
calibration,1,KITTI_odometry,05,5.0,100,1323,567,1.9371038227209039,275.85599091104604,268.7210477572837,7.134943153762322,same_direction
calibration,1,KITTI_odometry,05,5.0,100,1323,568,2.618323534248589,275.85599091104604,269.2075880100188,6.648402901027225,same_direction
calibration,1,KITTI_odometry,05,5.0,100,1323,569,3.3414214295715436,275.85599091104604,269.75233043675394,6.103660474292099,same_direction
calibration,1,KITTI_odometry,05,5.0,100,1323,570,4.092640108780623,275.85599091104604,270.31654511910597,5.539445791940068,same_direction
calibration,1,KITTI_odometry,05,5.0,100,1323,571,4.8681637811396445,275.85599091104604,270.89166725261515,4.964323658430885,same_direction
calibration,1,KITTI_odometry,05,5.0,100,1324,558,4.7912181008591,275.9078145030174,270.9526127871029,4.955201715914484,same_direction
calibration,1,KITTI_odometry,05,5.0,100,1324,559,4.230759427100525,275.9078145030174,270.1406713358082,5.767143167209213,same_direction
calibration,1,KITTI_odometry,05,5.0,100,1324,560,3.657000661744535,275.9078145030174,269.4584372819785,6.449377221038901,same_direction
calibration,1,KITTI_odometry,05,5.0,100,1324,561,3.0701512047454615,275.9078145030174,268.9837511663452,6.924063336672191,same_direction
calibration,1,KITTI_odometry,05,5.0,100,1324,562,2.4721231785653317,275.9078145030174,268.69807135683664,7.209743146180756,same_direction
calibration,1,KITTI_odometry,05,5.0,100,1324,563,1.8713527967756376,275.9078145030174,268.4945603815046,7.413254121512807,same_direction
calibration,1,KITTI_odometry,05,5.0,100,1324,564,1.295555575805226,275.9078145030174,268.35274427145066,7.555070231566731,same_direction
calibration,1,KITTI_odometry,05,5.0,100,1324,565,0.8332788848878789,275.9078145030174,268.2969826354268,7.610831867590605,same_direction
calibration,1,KITTI_odometry,05,5.0,100,1324,566,0.8023674594598295,275.9078145030174,268.38678327675933,7.52103122625806,same_direction
calibration,1,KITTI_odometry,05,5.0,100,1324,567,1.266963653780167,275.9078145030174,268.7210477572837,7.186766745733678,same_direction
calibration,1,KITTI_odometry,05,5.0,100,1324,568,1.911946549985138,275.9078145030174,269.2075880100188,6.700226492998581,same_direction
calibration,1,KITTI_odometry,05,5.0,100,1324,569,2.623754670315048,275.9078145030174,269.75233043675394,6.155484066263455,same_direction
calibration,1,KITTI_odometry,05,5.0,100,1324,570,3.3705853645917334,275.9078145030174,270.31654511910597,5.591269383911424,same_direction
calibration,1,KITTI_odometry,05,5.0,100,1324,571,4.1442447997192415,275.9078145030174,270.89166725261515,5.016147250402241,same_direction
calibration,1,KITTI_odometry,05,5.0,100,1324,572,4.938090850723586,275.9078145030174,271.4638044703638,4.44401003265358,same_direction
calibration,1,KITTI_odometry,05,5.0,100,1325,559,4.940577789084999,275.84355466056076,270.1406713358082,5.702883324752577,same_direction
calibration,1,KITTI_odometry,05,5.0,100,1325,560,4.361935233356865,275.84355466056076,269.4584372819785,6.385117378582265,same_direction
calibration,1,KITTI_odometry,05,5.0,100,1325,561,3.767688575240801,275.84355466056076,268.9837511663452,6.859803494215555,same_direction
calibration,1,KITTI_odometry,05,5.0,100,1325,562,3.157433136267493,275.84355466056076,268.69807135683664,7.14548330372412,same_direction
calibration,1,KITTI_odometry,05,5.0,100,1325,563,2.53385159983769,275.84355466056076,268.4945603815046,7.348994279056171,same_direction
calibration,1,KITTI_odometry,05,5.0,100,1325,564,1.906553206705765,275.84355466056076,268.35274427145066,7.490810389110095,same_direction
calibration,1,KITTI_odometry,05,5.0,100,1325,565,1.2869412418599395,275.84355466056076,268.2969826354268,7.546572025133969,same_direction
calibration,1,KITTI_odometry,05,5.0,100,1325,566,0.7666676463761926,275.84355466056076,268.38678327675933,7.456771383801424,same_direction
calibration,1,KITTI_odometry,05,5.0,100,1325,567,0.709460752966632,275.84355466056076,268.7210477572837,7.122506903277042,same_direction
calibration,1,KITTI_odometry,05,5.0,100,1325,568,1.2164787092259484,275.84355466056076,269.2075880100188,6.6359666505419455,same_direction
calibration,1,KITTI_odometry,05,5.0,100,1325,569,1.8989496702124546,275.84355466056076,269.75233043675394,6.091224223806819,same_direction
calibration,1,KITTI_odometry,05,5.0,100,1325,570,2.636851888142365,275.84355466056076,270.31654511910597,5.527009541454788,same_direction
calibration,1,KITTI_odometry,05,5.0,100,1325,571,3.4072110735908234,275.84355466056076,270.89166725261515,4.9518874079456054,same_direction
calibration,1,KITTI_odometry,05,5.0,100,1325,572,4.199675569612483,275.84355466056076,271.4638044703638,4.379750190196944,same_direction
calibration,1,KITTI_odometry,05,5.0,100,1326,561,4.492986305343038,275.81235908036786,268.9837511663452,6.828607914022655,same_direction
calibration,1,KITTI_odometry,05,5.0,100,1326,562,3.877019186178989,275.81235908036786,268.69807135683664,7.11428772353122,same_direction
calibration,1,KITTI_odometry,05,5.0,100,1326,563,3.2441179587061932,275.81235908036786,268.4945603815046,7.317798698863271,same_direction
calibration,1,KITTI_odometry,05,5.0,100,1326,564,2.5996131346798625,275.81235908036786,268.35274427145066,7.459614808917195,same_direction
calibration,1,KITTI_odometry,05,5.0,100,1326,565,1.9403872036271599,275.81235908036786,268.2969826354268,7.515376444941069,same_direction
calibration,1,KITTI_odometry,05,5.0,100,1326,566,1.2879410623161358,275.81235908036786,268.38678327675933,7.425575803608524,same_direction
calibration,1,KITTI_odometry,05,5.0,100,1326,567,0.7127261044749191,275.81235908036786,268.7210477572837,7.091311323084142,same_direction
calibration,1,KITTI_odometry,05,5.0,100,1326,568,0.6241443182470044,275.81235908036786,269.2075880100188,6.604771070349045,same_direction
calibration,1,KITTI_odometry,05,5.0,100,1326,569,1.1797536564893516,275.81235908036786,269.75233043675394,6.060028643613919,same_direction
calibration,1,KITTI_odometry,05,5.0,100,1326,570,1.8939195600658356,275.81235908036786,270.31654511910597,5.495813961261888,same_direction
calibration,1,KITTI_odometry,05,5.0,100,1326,571,2.6575560276313923,275.81235908036786,270.89166725261515,4.920691827752705,same_direction
calibration,1,KITTI_odometry,05,5.0,100,1326,572,3.447601057257051,275.81235908036786,271.4638044703638,4.348554610004044,same_direction
calibration,1,KITTI_odometry,05,5.0,100,1326,573,4.258522392802457,275.81235908036786,272.0875331591176,3.7248259212502717,same_direction
calibration,1,KITTI_odometry,05,5.0,100,1327,562,4.616808340184815,275.83190418538754,268.69807135683664,7.133832828550908,same_direction
calibration,1,KITTI_odometry,05,5.0,100,1327,563,3.9796576548743636,275.83190418538754,268.4945603815046,7.337343803882959,same_direction
calibration,1,KITTI_odometry,05,5.0,100,1327,564,3.328355379162529,275.83190418538754,268.35274427145066,7.479159913936883,same_direction
calibration,1,KITTI_odometry,05,5.0,100,1327,565,2.656676649500292,275.83190418538754,268.2969826354268,7.534921549960757,same_direction
calibration,1,KITTI_odometry,05,5.0,100,1327,566,1.9749592654027195,275.83190418538754,268.38678327675933,7.445120908628212,same_direction
calibration,1,KITTI_odometry,05,5.0,100,1327,567,1.292131115638046,275.83190418538754,268.7210477572837,7.11085642810383,same_direction
calibration,1,KITTI_odometry,05,5.0,100,1327,568,0.6649828343649234,275.83190418538754,269.2075880100188,6.624316175368733,same_direction
calibration,1,KITTI_odometry,05,5.0,100,1327,569,0.5532068781206423,275.83190418538754,269.75233043675394,6.0795737486336066,same_direction
calibration,1,KITTI_odometry,05,5.0,100,1327,570,1.155162923573967,275.83190418538754,270.31654511910597,5.515359066281576,same_direction
calibration,1,KITTI_odometry,05,5.0,100,1327,571,1.901146475156482,275.83190418538754,270.89166725261515,4.940236932772393,same_direction
calibration,1,KITTI_odometry,05,5.0,100,1327,572,2.6864901656250084,275.83190418538754,271.4638044703638,4.368099715023732,same_direction
calibration,1,KITTI_odometry,05,5.0,100,1327,573,3.495825265942206,275.83190418538754,272.0875331591176,3.7443710262699597,same_direction
calibration,1,KITTI_odometry,05,5.0,100,1327,574,4.326737182912771,275.83190418538754,272.7056862809494,3.1262179044381355,same_direction
calibration,1,KITTI_odometry,05,5.0,100,1328,563,4.739768062890835,275.86341507161075,268.4945603815046,7.368854690106161,same_direction
calibration,1,KITTI_odometry,05,5.0,100,1328,564,4.08550572756911,275.86341507161075,268.35274427145066,7.510670800160085,same_direction
calibration,1,KITTI_odometry,05,5.0,100,1328,565,3.4091936935293052,275.86341507161075,268.2969826354268,7.566432436183959,same_direction
calibration,1,KITTI_odometry,05,5.0,100,1328,566,2.718797829924092,275.86341507161075,268.38678327675933,7.476631794851414,same_direction
calibration,1,KITTI_odometry,05,5.0,100,1328,567,2.0144964730671453,275.86341507161075,268.7210477572837,7.142367314327032,same_direction
calibration,1,KITTI_odometry,05,5.0,100,1328,568,1.3032356847477602,275.86341507161075,269.2075880100188,6.6558270615919355,same_direction
calibration,1,KITTI_odometry,05,5.0,100,1328,569,0.6322615993400175,275.86341507161075,269.75233043675394,6.111084634856809,same_direction
calibration,1,KITTI_odometry,05,5.0,100,1328,570,0.4864849432408067,275.86341507161075,270.31654511910597,5.546869952504778,same_direction
calibration,1,KITTI_odometry,05,5.0,100,1328,571,1.1382236072055478,275.86341507161075,270.89166725261515,4.9717478189955955,same_direction
calibration,1,KITTI_odometry,05,5.0,100,1328,572,1.9110287098837666,275.86341507161075,271.4638044703638,4.399610601246934,same_direction
calibration,1,KITTI_odometry,05,5.0,100,1328,573,2.717278942250879,275.86341507161075,272.0875331591176,3.775881912493162,same_direction
calibration,1,KITTI_odometry,05,5.0,100,1328,574,3.5472013263980555,275.86341507161075,272.7056862809494,3.157728790661338,same_direction
calibration,1,KITTI_odometry,05,5.0,100,1328,575,4.397285708252318,275.86341507161075,273.3540724909378,2.5093425806729215,same_direction
calibration,1,KITTI_odometry,05,5.0,100,1329,564,4.859734414553945,275.9398630271403,268.35274427145066,7.58711875568963,same_direction
calibration,1,KITTI_odometry,05,5.0,100,1329,565,4.181631381410845,275.9398630271403,268.2969826354268,7.642880391713504,same_direction
calibration,1,KITTI_odometry,05,5.0,100,1329,566,3.488297339677327,275.9398630271403,268.38678327675933,7.5530797503809595,same_direction
calibration,1,KITTI_odometry,05,5.0,100,1329,567,2.778043162011696,275.9398630271403,268.7210477572837,7.218815269856577,same_direction
calibration,1,KITTI_odometry,05,5.0,100,1329,568,2.052009381070154,275.9398630271403,269.2075880100188,6.732275017121481,same_direction
calibration,1,KITTI_odometry,05,5.0,100,1329,569,1.3169947987748358,275.9398630271403,269.75233043675394,6.187532590386354,same_direction
calibration,1,KITTI_odometry,05,5.0,100,1329,570,0.6036881065583419,275.9398630271403,270.31654511910597,5.623317908034323,same_direction
calibration,1,KITTI_odometry,05,5.0,100,1329,571,0.4316547810461455,275.9398630271403,270.89166725261515,5.048195774525141,same_direction
calibration,1,KITTI_odometry,05,5.0,100,1329,572,1.1314203197751036,275.9398630271403,271.4638044703638,4.476058556776479,same_direction
calibration,1,KITTI_odometry,05,5.0,100,1329,573,1.9295101606366398,275.9398630271403,272.0875331591176,3.852329868022707,same_direction
calibration,1,KITTI_odometry,05,5.0,100,1329,574,2.757552106488667,275.9398630271403,272.7056862809494,3.234176746190883,same_direction
calibration,1,KITTI_odometry,05,5.0,100,1329,575,3.607052182877324,275.9398630271403,273.3540724909378,2.5857905362024667,same_direction
calibration,1,KITTI_odometry,05,5.0,100,1329,576,4.469507223397235,275.9398630271403,273.9809970776254,1.9588659495149159,same_direction
calibration,1,KITTI_odometry,05,5.0,100,1330,565,4.972311199030106,276.0237271486321,268.2969826354268,7.72674451320529,same_direction
calibration,1,KITTI_odometry,05,5.0,100,1330,566,4.278025453407227,276.0237271486321,268.38678327675933,7.636943871872745,same_direction
calibration,1,KITTI_odometry,05,5.0,100,1330,567,3.5659230866635507,276.0237271486321,268.7210477572837,7.302679391348363,same_direction
calibration,1,KITTI_odometry,05,5.0,100,1330,568,2.8361150981580456,276.0237271486321,269.2075880100188,6.816139138613266,same_direction
calibration,1,KITTI_odometry,05,5.0,100,1330,569,2.0906186763731114,276.0237271486321,269.75233043675394,6.27139671187814,same_direction
calibration,1,KITTI_odometry,05,5.0,100,1330,570,1.33199751501272,276.0237271486321,270.31654511910597,5.707182029526109,same_direction
calibration,1,KITTI_odometry,05,5.0,100,1330,571,0.5823340965459826,276.0237271486321,270.89166725261515,5.132059896016926,same_direction
calibration,1,KITTI_odometry,05,5.0,100,1330,572,0.3870138111230505,276.0237271486321,271.4638044703638,4.559922678268265,same_direction
calibration,1,KITTI_odometry,05,5.0,100,1330,573,1.132751168615587,276.0237271486321,272.0875331591176,3.936193989514493,same_direction
calibration,1,KITTI_odometry,05,5.0,100,1330,574,1.9557307508959356,276.0237271486321,272.7056862809494,3.3180408676826687,same_direction
calibration,1,KITTI_odometry,05,5.0,100,1330,575,2.80410294033581,276.0237271486321,273.3540724909378,2.6696546576942524,same_direction
calibration,1,KITTI_odometry,05,5.0,100,1330,576,3.666233485472508,276.0237271486321,273.9809970776254,2.0427300710067016,same_direction
calibration,1,KITTI_odometry,05,5.0,100,1330,577,4.5385062972303825,276.0237271486321,274.56770504184215,1.4560221067899306,same_direction
calibration,1,KITTI_odometry,05,5.0,100,1331,567,4.372035839285863,276.1318863998141,268.7210477572837,7.410838642530393,same_direction
calibration,1,KITTI_odometry,05,5.0,100,1331,568,3.64122781627296,276.1318863998141,269.2075880100188,6.924298389795297,same_direction
calibration,1,KITTI_odometry,05,5.0,100,1331,569,2.8931121392023544,276.1318863998141,269.75233043675394,6.37955596306017,same_direction
calibration,1,KITTI_odometry,05,5.0,100,1331,570,2.1278413521689186,276.1318863998141,270.31654511910597,5.8153412807081395,same_direction
calibration,1,KITTI_odometry,05,5.0,100,1331,571,1.347440254705207,276.1318863998141,270.89166725261515,5.240219147198957,same_direction
calibration,1,KITTI_odometry,05,5.0,100,1331,572,0.5680375779823097,276.1318863998141,271.4638044703638,4.668081929450295,same_direction
calibration,1,KITTI_odometry,05,5.0,100,1331,573,0.35427013704235205,276.1318863998141,272.0875331591176,4.044353240696523,same_direction
calibration,1,KITTI_odometry,05,5.0,100,1331,574,1.143000756780157,276.1318863998141,272.7056862809494,3.426200118864699,same_direction
calibration,1,KITTI_odometry,05,5.0,100,1331,575,1.9884505173627018,276.1318863998141,273.3540724909378,2.7778139088762828,same_direction
calibration,1,KITTI_odometry,05,5.0,100,1331,576,2.849992114024173,276.1318863998141,273.9809970776254,2.150889322188732,same_direction
calibration,1,KITTI_odometry,05,5.0,100,1331,577,3.722105136881539,276.1318863998141,274.56770504184215,1.564181357971961,same_direction
calibration,1,KITTI_odometry,05,5.0,100,1331,578,4.59742158715078,276.1318863998141,275.0841784095657,1.047707990248398,same_direction
calibration,1,KITTI_odometry,05,5.0,100,1332,568,4.46265745492525,276.2141114989433,269.2075880100188,7.006523488924472,same_direction
calibration,1,KITTI_odometry,05,5.0,100,1332,569,3.713897984597854,276.2141114989433,269.75233043675394,6.4617810621893454,same_direction
calibration,1,KITTI_odometry,05,5.0,100,1332,570,2.9472042158628993,276.2141114989433,270.31654511910597,5.897566379837315,same_direction
calibration,1,KITTI_odometry,05,5.0,100,1332,571,2.1627970431827475,276.2141114989433,270.89166725261515,5.322444246328132,same_direction
calibration,1,KITTI_odometry,05,5.0,100,1332,572,1.3643881119388326,276.2141114989433,271.4638044703638,4.750307028579471,same_direction
calibration,1,KITTI_odometry,05,5.0,100,1332,573,0.560227739406044,276.2141114989433,272.0875331591176,4.1265783398256985,same_direction
calibration,1,KITTI_odometry,05,5.0,100,1332,574,0.3368575366531089,276.2141114989433,272.7056862809494,3.5084252179938744,same_direction
calibration,1,KITTI_odometry,05,5.0,100,1332,575,1.161617669459277,276.2141114989433,273.3540724909378,2.860039008005458,same_direction
calibration,1,KITTI_odometry,05,5.0,100,1332,576,2.021592758198344,276.2141114989433,273.9809970776254,2.2331144213179073,same_direction
calibration,1,KITTI_odometry,05,5.0,100,1332,577,2.8933988905783394,276.2141114989433,274.56770504184215,1.6464064571011363,same_direction
calibration,1,KITTI_odometry,05,5.0,100,1332,578,3.768629376842463,276.2141114989433,275.0841784095657,1.1299330893775732,same_direction
calibration,1,KITTI_odometry,05,5.0,100,1332,579,4.649318119896714,276.2141114989433,275.59386062551937,0.6202508734239132,same_direction
calibration,1,KITTI_odometry,05,5.0,100,1333,569,4.549328488909121,276.3026041211208,269.75233043675394,6.550273684366857,same_direction
calibration,1,KITTI_odometry,05,5.0,100,1333,570,3.782430140795753,276.3026041211208,270.31654511910597,5.9860590020148265,same_direction
calibration,1,KITTI_odometry,05,5.0,100,1333,571,2.9973041704171672,276.3026041211208,270.89166725261515,5.410936868505644,same_direction
calibration,1,KITTI_odometry,05,5.0,100,1333,572,2.1967414822869107,276.3026041211208,271.4638044703638,4.838799650756982,same_direction
calibration,1,KITTI_odometry,05,5.0,100,1333,573,1.3813787967100308,276.3026041211208,272.0875331591176,4.21507096200321,same_direction
calibration,1,KITTI_odometry,05,5.0,100,1333,574,0.5539073749283411,276.3026041211208,272.7056862809494,3.596917840171386,same_direction
calibration,1,KITTI_odometry,05,5.0,100,1333,575,0.3331033022952397,276.3026041211208,273.3540724909378,2.94853163018297,same_direction
calibration,1,KITTI_odometry,05,5.0,100,1333,576,1.1819337121852296,276.3026041211208,273.9809970776254,2.321607043495419,same_direction
calibration,1,KITTI_odometry,05,5.0,100,1333,577,2.052929224303632,276.3026041211208,274.56770504184215,1.734899079278648,same_direction
calibration,1,KITTI_odometry,05,5.0,100,1333,578,2.927996243166975,276.3026041211208,275.0841784095657,1.218425711555085,same_direction
calibration,1,KITTI_odometry,05,5.0,100,1333,579,3.8086391165349087,276.3026041211208,275.59386062551937,0.7087434956014249,same_direction
calibration,1,KITTI_odometry,05,5.0,100,1333,580,4.689283724621465,276.3026041211208,276.0535990542539,0.24900506686691415,same_direction
calibration,1,KITTI_odometry,05,5.0,100,1334,570,4.631883480831547,276.4061577632341,270.31654511910597,6.089612644128124,same_direction
calibration,1,KITTI_odometry,05,5.0,100,1334,571,3.8467633823774685,276.4061577632341,270.89166725261515,5.514490510618941,same_direction
calibration,1,KITTI_odometry,05,5.0,100,1334,572,3.045950789162572,276.4061577632341,271.4638044703638,4.94235329287028,same_direction
calibration,1,KITTI_odometry,05,5.0,100,1334,573,2.229480811758661,276.4061577632341,272.0875331591176,4.318624604116508,same_direction
calibration,1,KITTI_odometry,05,5.0,100,1334,574,1.395606624375223,276.4061577632341,272.7056862809494,3.7004714822846836,same_direction
calibration,1,KITTI_odometry,05,5.0,100,1334,575,0.547001297987506,276.4061577632341,273.3540724909378,3.0520852722962672,same_direction
calibration,1,KITTI_odometry,05,5.0,100,1334,576,0.33547162324106267,276.4061577632341,273.9809970776254,2.4251606856087164,same_direction
calibration,1,KITTI_odometry,05,5.0,100,1334,577,1.2005334522619373,276.4061577632341,274.56770504184215,1.8384527213919455,same_direction
calibration,1,KITTI_odometry,05,5.0,100,1334,578,2.07514852721437,276.4061577632341,275.0841784095657,1.3219793536683824,same_direction
calibration,1,KITTI_odometry,05,5.0,100,1334,579,2.955696447539884,276.4061577632341,275.59386062551937,0.8122971377147223,same_direction
calibration,1,KITTI_odometry,05,5.0,100,1334,580,3.836312982539335,276.4061577632341,276.0535990542539,0.3525587089802116,same_direction
calibration,1,KITTI_odometry,05,5.0,100,1334,581,4.718023116730134,276.4061577632341,276.3976304257261,0.008527337507985067,same_direction
calibration,1,KITTI_odometry,05,5.0,100,1335,571,4.711580716702221,276.52532160828423,270.89166725261515,5.63365435566908,same_direction
calibration,1,KITTI_odometry,05,5.0,100,1335,572,3.910897157942172,276.52532160828423,271.4638044703638,5.0615171379204185,same_direction
calibration,1,KITTI_odometry,05,5.0,100,1335,573,3.094374266309766,276.52532160828423,272.0875331591176,4.437788449166646,same_direction
calibration,1,KITTI_odometry,05,5.0,100,1335,574,2.2599356672259563,276.52532160828423,272.7056862809494,3.8196353273348223,same_direction
calibration,1,KITTI_odometry,05,5.0,100,1335,575,1.4078783789802465,276.52532160828423,273.3540724909378,3.171249117346406,same_direction
calibration,1,KITTI_odometry,05,5.0,100,1335,576,0.5462625925322172,276.52532160828423,273.9809970776254,2.544324530658855,same_direction
calibration,1,KITTI_odometry,05,5.0,100,1335,577,0.3371682665969463,276.52532160828423,274.56770504184215,1.9576165664420841,same_direction
calibration,1,KITTI_odometry,05,5.0,100,1335,578,1.2083975008249446,276.52532160828423,275.0841784095657,1.441143198718521,same_direction
calibration,1,KITTI_odometry,05,5.0,100,1335,579,2.0886750728631545,276.52532160828423,275.59386062551937,0.931460982764861,same_direction
calibration,1,KITTI_odometry,05,5.0,100,1335,580,2.9692308852630265,276.52532160828423,276.0535990542539,0.47172255403035024,same_direction
calibration,1,KITTI_odometry,05,5.0,100,1335,581,3.8509267923449158,276.52532160828423,276.3976304257261,0.12769118255812373,same_direction
calibration,1,KITTI_odometry,05,5.0,100,1335,582,4.733082219864769,276.52532160828423,276.6265374873176,0.10121587903336149,same_direction
calibration,1,KITTI_odometry,05,5.0,100,1336,572,4.7846165509892185,276.6791626135646,271.4638044703638,5.215358143200774,same_direction
calibration,1,KITTI_odometry,05,5.0,100,1336,573,3.9682466884002996,276.6791626135646,272.0875331591176,4.591629454447002,same_direction
calibration,1,KITTI_odometry,05,5.0,100,1336,574,3.1338301964209694,276.6791626135646,272.7056862809494,3.973476332615178,same_direction
calibration,1,KITTI_odometry,05,5.0,100,1336,575,2.281530207996371,276.6791626135646,273.3540724909378,3.3250901226267615,same_direction
calibration,1,KITTI_odometry,05,5.0,100,1336,576,1.4179867488802498,276.6791626135646,273.9809970776254,2.6981655359392107,same_direction
calibration,1,KITTI_odometry,05,5.0,100,1336,577,0.5462071768111425,276.6791626135646,274.56770504184215,2.1114575717224398,same_direction
calibration,1,KITTI_odometry,05,5.0,100,1336,578,0.3349527130805319,276.6791626135646,275.0841784095657,1.5949842039988766,same_direction
calibration,1,KITTI_odometry,05,5.0,100,1336,579,1.213490650973464,276.6791626135646,275.59386062551937,1.0853019880452166,same_direction
calibration,1,KITTI_odometry,05,5.0,100,1336,580,2.0939172213819717,276.6791626135646,276.0535990542539,0.6255635593107058,same_direction
calibration,1,KITTI_odometry,05,5.0,100,1336,581,2.975590166672834,276.6791626135646,276.3976304257261,0.28153218783847933,same_direction
calibration,1,KITTI_odometry,05,5.0,100,1336,582,3.857739568711214,276.6791626135646,276.6265374873176,0.052625126246994114,same_direction
calibration,1,KITTI_odometry,05,5.0,100,1336,583,4.742076979552311,276.6791626135646,276.75871461830377,0.07955200473918467,same_direction
calibration,1,KITTI_odometry,05,5.0,100,1337,573,4.857789564194816,276.84634247703696,272.0875331591176,4.758809317919372,same_direction
calibration,1,KITTI_odometry,05,5.0,100,1337,574,4.023514425225784,276.84634247703696,272.7056862809494,4.140656196087548,same_direction
calibration,1,KITTI_odometry,05,5.0,100,1337,575,3.1712929161463514,276.84634247703696,273.3540724909378,3.4922699860991315,same_direction
calibration,1,KITTI_odometry,05,5.0,100,1337,576,2.307652809674807,276.84634247703696,273.9809970776254,2.8653453994115807,same_direction
calibration,1,KITTI_odometry,05,5.0,100,1337,577,1.4348397157871084,276.84634247703696,274.56770504184215,2.2786374351948098,same_direction
calibration,1,KITTI_odometry,05,5.0,100,1337,578,0.559693567945893,276.84634247703696,275.0841784095657,1.7621640674712467,same_direction
calibration,1,KITTI_odometry,05,5.0,100,1337,579,0.3236913498998576,276.84634247703696,275.59386062551937,1.2524818515175866,same_direction
calibration,1,KITTI_odometry,05,5.0,100,1337,580,1.203312444878705,276.84634247703696,276.0535990542539,0.7927434227830759,same_direction
calibration,1,KITTI_odometry,05,5.0,100,1337,581,2.0849391190152264,276.84634247703696,276.3976304257261,0.44871205131084935,same_direction
calibration,1,KITTI_odometry,05,5.0,100,1337,582,2.9670797242406652,276.84634247703696,276.6265374873176,0.21980498971936413,same_direction
calibration,1,KITTI_odometry,05,5.0,100,1337,583,3.851412947218186,276.84634247703696,276.75871461830377,0.08762785873318535,same_direction
calibration,1,KITTI_odometry,05,5.0,100,1337,584,4.7416137137054815,276.84634247703696,276.8377066922347,0.008635784802265789,same_direction
calibration,1,KITTI_odometry,05,5.0,100,1338,574,4.922694485746594,277.05010289244603,272.7056862809494,4.3444166114966265,same_direction
calibration,1,KITTI_odometry,05,5.0,100,1338,575,4.070602718271583,277.05010289244603,273.3540724909378,3.69603040150821,same_direction
calibration,1,KITTI_odometry,05,5.0,100,1338,576,3.2070351915749247,277.05010289244603,273.9809970776254,3.0691058148206594,same_direction
calibration,1,KITTI_odometry,05,5.0,100,1338,577,2.3341928326511563,277.05010289244603,274.56770504184215,2.4823978506038884,same_direction
calibration,1,KITTI_odometry,05,5.0,100,1338,578,1.4586067393235216,277.05010289244603,275.0841784095657,1.9659244828803253,same_direction
calibration,1,KITTI_odometry,05,5.0,100,1338,579,0.5779490115918627,277.05010289244603,275.59386062551937,1.4562422669266653,same_direction
calibration,1,KITTI_odometry,05,5.0,100,1338,580,0.30374945267439474,277.05010289244603,276.0535990542539,0.9965038381921545,same_direction
calibration,1,KITTI_odometry,05,5.0,100,1338,581,1.1850697616596264,277.05010289244603,276.3976304257261,0.652472466719928,same_direction
calibration,1,KITTI_odometry,05,5.0,100,1338,582,2.067192898594628,277.05010289244603,276.6265374873176,0.42356540512844276,same_direction
calibration,1,KITTI_odometry,05,5.0,100,1338,583,2.9515214686666136,277.05010289244603,276.75871461830377,0.291388274142264,same_direction
calibration,1,KITTI_odometry,05,5.0,100,1338,584,3.84172032298031,277.05010289244603,276.8377066922347,0.21239620021134442,same_direction
calibration,1,KITTI_odometry,05,5.0,100,1338,585,4.732316600778104,277.05010289244603,276.88055464751244,0.1695482449335941,same_direction
calibration,1,KITTI_odometry,05,5.0,100,1339,575,4.979155174324252,277.23114703714947,273.3540724909378,3.877074546211645,same_direction
calibration,1,KITTI_odometry,05,5.0,100,1339,576,4.115689116053349,277.23114703714947,273.9809970776254,3.2501499595240944,same_direction
calibration,1,KITTI_odometry,05,5.0,100,1339,577,3.2429063569582177,277.23114703714947,274.56770504184215,2.6634419953073234,same_direction
calibration,1,KITTI_odometry,05,5.0,100,1339,578,2.367335928844907,277.23114703714947,275.0841784095657,2.1469686275837603,same_direction
calibration,1,KITTI_odometry,05,5.0,100,1339,579,1.4865299862431363,277.23114703714947,275.59386062551937,1.6372864116301002,same_direction
calibration,1,KITTI_odometry,05,5.0,100,1339,580,0.6058503858214576,277.23114703714947,276.0535990542539,1.1775479828955895,same_direction
calibration,1,KITTI_odometry,05,5.0,100,1339,581,0.2760838278494462,277.23114703714947,276.3976304257261,0.833516611423363,same_direction
calibration,1,KITTI_odometry,05,5.0,100,1339,582,1.1581519503070572,277.23114703714947,276.6265374873176,0.6046095498318778,same_direction
calibration,1,KITTI_odometry,05,5.0,100,1339,583,2.042482763697153,277.23114703714947,276.75871461830377,0.472432418845699,same_direction
calibration,1,KITTI_odometry,05,5.0,100,1339,584,2.9326862259709903,277.23114703714947,276.8377066922347,0.3934403449147794,same_direction
calibration,1,KITTI_odometry,05,5.0,100,1339,585,3.823285536027887,277.23114703714947,276.88055464751244,0.3505923896370291,same_direction
calibration,1,KITTI_odometry,05,5.0,100,1339,586,4.718159238516648,277.23114703714947,276.92560524077294,0.3055417963765308,same_direction
calibration,1,KITTI_odometry,05,5.0,100,1340,577,4.160707252379091,277.3900645490319,274.56770504184215,2.8223595071897307,same_direction
calibration,1,KITTI_odometry,05,5.0,100,1340,578,3.2851936259526506,277.3900645490319,275.0841784095657,2.3058861394661676,same_direction
calibration,1,KITTI_odometry,05,5.0,100,1340,579,2.404425860782569,277.3900645490319,275.59386062551937,1.7962039235125076,same_direction
calibration,1,KITTI_odometry,05,5.0,100,1340,580,1.5237557711129437,277.3900645490319,276.0535990542539,1.3364654947779968,same_direction
calibration,1,KITTI_odometry,05,5.0,100,1340,581,0.642042771160914,277.3900645490319,276.3976304257261,0.9924341233057703,same_direction
calibration,1,KITTI_odometry,05,5.0,100,1340,582,0.2401226769799379,277.3900645490319,276.6265374873176,0.7635270617142851,same_direction
calibration,1,KITTI_odometry,05,5.0,100,1340,583,1.124463249732953,277.3900645490319,276.75871461830377,0.6313499307281063,same_direction
calibration,1,KITTI_odometry,05,5.0,100,1340,584,2.0146770907517677,277.3900645490319,276.8377066922347,0.5523578567971867,same_direction
calibration,1,KITTI_odometry,05,5.0,100,1340,585,2.905279726635643,277.3900645490319,276.88055464751244,0.5095099015194364,same_direction
calibration,1,KITTI_odometry,05,5.0,100,1340,586,3.8001607597574143,277.3900645490319,276.92560524077294,0.4644593082589381,same_direction
calibration,1,KITTI_odometry,05,5.0,100,1340,587,4.695952441198717,277.3900645490319,276.97861003128014,0.4114545177517357,same_direction
calibration,1,KITTI_odometry,05,5.0,100,1341,578,4.210220213955573,277.45659147899653,275.0841784095657,2.37241306943082,same_direction
calibration,1,KITTI_odometry,05,5.0,100,1341,579,3.3294993512539026,277.45659147899653,275.59386062551937,1.86273085347716,same_direction
calibration,1,KITTI_odometry,05,5.0,100,1341,580,2.448871160351259,277.45659147899653,276.0535990542539,1.4029924247426493,same_direction
calibration,1,KITTI_odometry,05,5.0,100,1341,581,1.5671915294564485,277.45659147899653,276.3976304257261,1.0589610532704228,same_direction
calibration,1,KITTI_odometry,05,5.0,100,1341,582,0.6851052546871909,277.45659147899653,276.6265374873176,0.8300539916789376,same_direction
calibration,1,KITTI_odometry,05,5.0,100,1341,583,0.19982594926582903,277.45659147899653,276.75871461830377,0.6978768606927588,same_direction
calibration,1,KITTI_odometry,05,5.0,100,1341,584,1.0896865833807217,277.45659147899653,276.8377066922347,0.6188847867618392,same_direction
calibration,1,KITTI_odometry,05,5.0,100,1341,585,1.9802484945076855,277.45659147899653,276.88055464751244,0.5760368314840889,same_direction
calibration,1,KITTI_odometry,05,5.0,100,1341,586,2.8751242564452575,277.45659147899653,276.92560524077294,0.5309862382235906,same_direction
calibration,1,KITTI_odometry,05,5.0,100,1341,587,3.770906718549263,277.45659147899653,276.97861003128014,0.4779814477163882,same_direction
calibration,1,KITTI_odometry,05,5.0,100,1341,588,4.6686474443889905,277.45659147899653,277.0287115946626,0.4278798843339473,same_direction
calibration,1,KITTI_odometry,05,5.0,100,1342,579,4.263024565962545,277.4780291071129,275.59386062551937,1.8841684815935196,same_direction
calibration,1,KITTI_odometry,05,5.0,100,1342,580,3.3824190692461693,277.4780291071129,276.0535990542539,1.4244300528590088,same_direction
calibration,1,KITTI_odometry,05,5.0,100,1342,581,2.5007511291610034,277.4780291071129,276.3976304257261,1.0803986813867823,same_direction
calibration,1,KITTI_odometry,05,5.0,100,1342,582,1.6186497490192184,277.4780291071129,276.6265374873176,0.8514916197952971,same_direction
calibration,1,KITTI_odometry,05,5.0,100,1342,583,0.7345092307112492,277.4780291071129,276.75871461830377,0.7193144888091183,same_direction
calibration,1,KITTI_odometry,05,5.0,100,1342,584,0.15804635395982672,277.4780291071129,276.8377066922347,0.6403224148781987,same_direction
calibration,1,KITTI_odometry,05,5.0,100,1342,585,1.0469915854485128,277.4780291071129,276.88055464751244,0.5974744596004484,same_direction
calibration,1,KITTI_odometry,05,5.0,100,1342,586,1.9417657556976216,277.4780291071129,276.92560524077294,0.5524238663399501,same_direction
calibration,1,KITTI_odometry,05,5.0,100,1342,587,2.8375021480168106,277.4780291071129,276.97861003128014,0.4994190758327477,same_direction
calibration,1,KITTI_odometry,05,5.0,100,1342,588,3.735214960346985,277.4780291071129,277.0287115946626,0.4493175124503068,same_direction
calibration,1,KITTI_odometry,05,5.0,100,1342,589,4.635002620279715,277.4780291071129,277.055259640122,0.4227694669908715,same_direction
calibration,1,KITTI_odometry,05,5.0,100,1343,580,4.3218913139967,277.44273524961204,276.0535990542539,1.3891361953581622,same_direction
calibration,1,KITTI_odometry,05,5.0,100,1343,581,3.440227434342098,277.44273524961204,276.3976304257261,1.0451048238859357,same_direction
calibration,1,KITTI_odometry,05,5.0,100,1343,582,2.5581187970850663,277.44273524961204,276.6265374873176,0.8161977622944505,same_direction
calibration,1,KITTI_odometry,05,5.0,100,1343,583,1.6738826362681634,277.44273524961204,276.75871461830377,0.6840206313082717,same_direction
calibration,1,KITTI_odometry,05,5.0,100,1343,584,0.7840872017830789,277.44273524961204,276.8377066922347,0.6050285573773522,same_direction
calibration,1,KITTI_odometry,05,5.0,100,1343,585,0.11266876230793198,277.44273524961204,276.88055464751244,0.5621806020996019,same_direction
calibration,1,KITTI_odometry,05,5.0,100,1343,586,1.0028224568686055,277.44273524961204,276.92560524077294,0.5171300088391035,same_direction
calibration,1,KITTI_odometry,05,5.0,100,1343,587,1.8983056366138797,277.44273524961204,276.97861003128014,0.4641252183319011,same_direction
calibration,1,KITTI_odometry,05,5.0,100,1343,588,2.7959287991649524,277.44273524961204,277.0287115946626,0.41402365494946025,same_direction
calibration,1,KITTI_odometry,05,5.0,100,1343,589,3.6956615781210123,277.44273524961204,277.055259640122,0.3874756094900249,same_direction
calibration,1,KITTI_odometry,05,5.0,100,1343,590,4.59366710265339,277.44273524961204,277.0588453688541,0.38388988075791985,same_direction
calibration,1,KITTI_odometry,05,5.0,100,1344,581,4.385037186843462,277.40597477669405,276.3976304257261,1.0083443509679455,same_direction
calibration,1,KITTI_odometry,05,5.0,100,1344,582,3.502923186425863,277.40597477669405,276.6265374873176,0.7794372893764603,same_direction
calibration,1,KITTI_odometry,05,5.0,100,1344,583,2.6186579482628285,277.40597477669405,276.75871461830377,0.6472601583902815,same_direction
calibration,1,KITTI_odometry,05,5.0,100,1344,584,1.7286415504667354,277.40597477669405,276.8377066922347,0.5682680844593619,same_direction
calibration,1,KITTI_odometry,05,5.0,100,1344,585,0.8386159192383607,277.40597477669405,276.88055464751244,0.5254201291816116,same_direction
calibration,1,KITTI_odometry,05,5.0,100,1344,586,0.07325660379786252,277.40597477669405,276.92560524077294,0.4803695359211133,same_direction
calibration,1,KITTI_odometry,05,5.0,100,1344,587,0.9542818451589715,277.40597477669405,276.97861003128014,0.4273647454139109,same_direction
calibration,1,KITTI_odometry,05,5.0,100,1344,588,1.851474666313309,277.40597477669405,277.0287115946626,0.37726318203147,same_direction
calibration,1,KITTI_odometry,05,5.0,100,1344,589,2.751059085152465,277.40597477669405,277.055259640122,0.3507151365720347,same_direction
calibration,1,KITTI_odometry,05,5.0,100,1344,590,3.6489983283087413,277.40597477669405,277.0588453688541,0.3471294078399296,same_direction
calibration,1,KITTI_odometry,05,5.0,100,1344,591,4.547487201741212,277.40597477669405,277.04260013432236,0.3633746423716957,same_direction
calibration,1,KITTI_odometry,05,5.0,100,1345,582,4.451162621158633,277.3648014226378,276.6265374873176,0.7382639353202194,same_direction
calibration,1,KITTI_odometry,05,5.0,100,1345,583,3.566878099963612,277.3648014226378,276.75871461830377,0.6060868043340406,same_direction
calibration,1,KITTI_odometry,05,5.0,100,1345,584,2.676791250732861,277.3648014226378,276.8377066922347,0.527094730403121,same_direction
calibration,1,KITTI_odometry,05,5.0,100,1345,585,1.7864204908139512,277.3648014226378,276.88055464751244,0.48424677512537073,same_direction
calibration,1,KITTI_odometry,05,5.0,100,1345,586,0.8923663485362892,277.3648014226378,276.92560524077294,0.4391961818648724,same_direction
calibration,1,KITTI_odometry,05,5.0,100,1345,587,0.05273869547117412,277.3648014226378,276.97861003128014,0.38619139135767,same_direction
calibration,1,KITTI_odometry,05,5.0,100,1345,588,0.9041735729383026,277.3648014226378,277.0287115946626,0.3360898279752291,same_direction
calibration,1,KITTI_odometry,05,5.0,100,1345,589,1.8031532602638063,277.3648014226378,277.055259640122,0.3095417825157938,same_direction
calibration,1,KITTI_odometry,05,5.0,100,1345,590,2.7009315818806043,277.3648014226378,277.0588453688541,0.30595605378368873,same_direction
calibration,1,KITTI_odometry,05,5.0,100,1345,591,3.5993645494726128,277.3648014226378,277.04260013432236,0.3222012883154548,same_direction
calibration,1,KITTI_odometry,05,5.0,100,1345,592,4.4988707205253355,277.3648014226378,277.010422987627,0.35437843501080124,same_direction
calibration,1,KITTI_odometry,05,5.0,100,1346,583,4.5174413344281605,277.3374547208658,276.75871461830377,0.5787401025620511,same_direction
calibration,1,KITTI_odometry,05,5.0,100,1346,584,3.6273217461372274,277.3374547208658,276.8377066922347,0.49974802863113155,same_direction
calibration,1,KITTI_odometry,05,5.0,100,1346,585,2.736858728542626,277.3374547208658,276.88055464751244,0.45690007335338123,same_direction
calibration,1,KITTI_odometry,05,5.0,100,1346,586,1.8423235573590202,277.3374547208658,276.92560524077294,0.4118494800928829,same_direction
calibration,1,KITTI_odometry,05,5.0,100,1346,587,0.9474204346539982,277.3374547208658,276.97861003128014,0.3588446895856805,same_direction
calibration,1,KITTI_odometry,05,5.0,100,1346,588,0.07483154415084695,277.3374547208658,277.0287115946626,0.3087431262032396,same_direction
calibration,1,KITTI_odometry,05,5.0,100,1346,589,0.8536347286749687,277.3374547208658,277.055259640122,0.2821950807438043,same_direction
calibration,1,KITTI_odometry,05,5.0,100,1346,590,1.7507067944119095,277.3374547208658,277.0588453688541,0.27860935201169923,same_direction
calibration,1,KITTI_odometry,05,5.0,100,1346,591,2.6489828104387745,277.3374547208658,277.04260013432236,0.2948545865434653,same_direction
calibration,1,KITTI_odometry,05,5.0,100,1346,592,3.5484257537674484,277.3374547208658,277.010422987627,0.32703173323881174,same_direction
calibration,1,KITTI_odometry,05,5.0,100,1346,593,4.4438586521175445,277.3374547208658,276.96483027107706,0.3726244497887592,same_direction
calibration,1,KITTI_odometry,05,5.0,100,1347,584,4.5813691621610415,277.28675836402067,276.8377066922347,0.4490516717859805,same_direction
calibration,1,KITTI_odometry,05,5.0,100,1347,585,3.6908634721430778,277.28675836402067,276.88055464751244,0.4062037165082302,same_direction
calibration,1,KITTI_odometry,05,5.0,100,1347,586,2.7961922716437217,277.28675836402067,276.92560524077294,0.36115312324773186,same_direction
calibration,1,KITTI_odometry,05,5.0,100,1347,587,1.9007473188196269,277.28675836402067,276.97861003128014,0.30814833274052944,same_direction
calibration,1,KITTI_odometry,05,5.0,100,1347,588,1.003884121798939,277.28675836402067,277.0287115946626,0.25804676935808857,same_direction
calibration,1,KITTI_odometry,05,5.0,100,1347,589,0.11760612228963709,277.28675836402067,277.055259640122,0.23149872389865322,same_direction
calibration,1,KITTI_odometry,05,5.0,100,1347,590,0.7977677920297289,277.28675836402067,277.0588453688541,0.22791299516654817,same_direction
calibration,1,KITTI_odometry,05,5.0,100,1347,591,1.695290476585066,277.28675836402067,277.04260013432236,0.24415822969831424,same_direction
calibration,1,KITTI_odometry,05,5.0,100,1347,592,2.5945554840858556,277.28675836402067,277.010422987627,0.2763353763936607,same_direction
calibration,1,KITTI_odometry,05,5.0,100,1347,593,3.489897191895467,277.28675836402067,276.96483027107706,0.32192809294360814,same_direction
calibration,1,KITTI_odometry,05,5.0,100,1347,594,4.383136248167497,277.28675836402067,276.90213386167363,0.3846245023470374,same_direction
calibration,1,KITTI_odometry,05,5.0,100,1348,585,4.643228850702916,277.25024973844125,276.88055464751244,0.3696950909288148,same_direction
calibration,1,KITTI_odometry,05,5.0,100,1348,586,3.748500170734955,277.25024973844125,276.92560524077294,0.3246444976683165,same_direction
calibration,1,KITTI_odometry,05,5.0,100,1348,587,2.852912213861462,277.25024973844125,276.97861003128014,0.2716397071611141,same_direction
calibration,1,KITTI_odometry,05,5.0,100,1348,588,1.9555079186748354,277.25024973844125,277.0287115946626,0.2215381437786732,same_direction
calibration,1,KITTI_odometry,05,5.0,100,1348,589,1.0564237076097887,277.25024973844125,277.055259640122,0.19499009831923786,same_direction
calibration,1,KITTI_odometry,05,5.0,100,1348,590,0.1672242207337168,277.25024973844125,277.0588453688541,0.1914043695871328,same_direction
calibration,1,KITTI_odometry,05,5.0,100,1348,591,0.7443081955749462,277.25024973844125,277.04260013432236,0.20764960411889888,same_direction
calibration,1,KITTI_odometry,05,5.0,100,1348,592,1.6426239892318766,277.25024973844125,277.010422987627,0.23982675081424532,same_direction
calibration,1,KITTI_odometry,05,5.0,100,1348,593,2.537713368369246,277.25024973844125,276.96483027107706,0.28541946736419277,same_direction
calibration,1,KITTI_odometry,05,5.0,100,1348,594,3.4308600000582925,277.25024973844125,276.90213386167363,0.348115876767622,same_direction
calibration,1,KITTI_odometry,05,5.0,100,1348,595,4.327918365681124,277.25024973844125,276.8858861927683,0.3643635456729726,same_direction
calibration,1,KITTI_odometry,05,5.0,100,1349,586,4.699893294533416,277.2089595238517,276.92560524077294,0.2833542830787792,same_direction
calibration,1,KITTI_odometry,05,5.0,100,1349,587,3.804233758590556,277.2089595238517,276.97861003128014,0.23034949257157677,same_direction
calibration,1,KITTI_odometry,05,5.0,100,1349,588,2.9066657616588967,277.2089595238517,277.0287115946626,0.1802479291891359,same_direction
calibration,1,KITTI_odometry,05,5.0,100,1349,589,2.0070791713333334,277.2089595238517,277.055259640122,0.15369988372970056,same_direction
calibration,1,KITTI_odometry,05,5.0,100,1349,590,1.109638882700145,277.2089595238517,277.0588453688541,0.1501141549975955,same_direction
calibration,1,KITTI_odometry,05,5.0,100,1349,591,0.21780036730914215,277.2089595238517,277.04260013432236,0.16635938952936158,same_direction
calibration,1,KITTI_odometry,05,5.0,100,1349,592,0.6926887901503744,277.2089595238517,277.010422987627,0.19853653622470802,same_direction
calibration,1,KITTI_odometry,05,5.0,100,1349,593,1.5866231468120986,277.2089595238517,276.96483027107706,0.24412925277465547,same_direction
calibration,1,KITTI_odometry,05,5.0,100,1349,594,2.4795472752097085,277.2089595238517,276.90213386167363,0.3068256621780847,same_direction
calibration,1,KITTI_odometry,05,5.0,100,1349,595,3.3765394015174532,277.2089595238517,276.8858861927683,0.3230733310834353,same_direction
calibration,1,KITTI_odometry,05,5.0,100,1349,596,4.278848742360496,277.2089595238517,276.83542796093184,0.37353156291987943,same_direction
calibration,1,KITTI_odometry,05,5.0,100,1350,587,4.755638022389841,277.19564084576416,276.97861003128014,0.21703081448401917,same_direction
calibration,1,KITTI_odometry,05,5.0,100,1350,588,3.8580053395504863,277.19564084576416,277.0287115946626,0.1669292511015783,same_direction
calibration,1,KITTI_odometry,05,5.0,100,1350,589,2.9582924280740235,277.19564084576416,277.055259640122,0.14038120564214296,same_direction
calibration,1,KITTI_odometry,05,5.0,100,1350,590,2.060439419153113,277.19564084576416,277.0588453688541,0.1367954769100379,same_direction
calibration,1,KITTI_odometry,05,5.0,100,1350,591,1.1626040813621707,277.19564084576416,277.04260013432236,0.15304071144180398,same_direction
calibration,1,KITTI_odometry,05,5.0,100,1350,592,0.26866985316555336,277.19564084576416,277.010422987627,0.18521785813715042,same_direction
calibration,1,KITTI_odometry,05,5.0,100,1350,593,0.6367911117470022,277.19564084576416,276.96483027107706,0.23081057468709787,same_direction
calibration,1,KITTI_odometry,05,5.0,100,1350,594,1.528476679573476,277.19564084576416,276.90213386167363,0.2935069840905271,same_direction
calibration,1,KITTI_odometry,05,5.0,100,1350,595,2.4252595819829117,277.19564084576416,276.8858861927683,0.3097546529958777,same_direction
calibration,1,KITTI_odometry,05,5.0,100,1350,596,3.3274842223517838,277.19564084576416,276.83542796093184,0.36021288483232183,same_direction
calibration,1,KITTI_odometry,05,5.0,100,1350,597,4.225049501485153,277.19564084576416,276.8054120490004,0.390228796763779,same_direction
calibration,1,KITTI_odometry,05,5.0,100,1351,588,4.8046325249700494,277.16328321514993,277.0287115946626,0.13457162048734972,same_direction
calibration,1,KITTI_odometry,05,5.0,100,1351,589,3.9048699658247426,277.16328321514993,277.055259640122,0.10802357502791438,same_direction
calibration,1,KITTI_odometry,05,5.0,100,1351,590,3.0069074644890588,277.16328321514993,277.0588453688541,0.10443784629580932,same_direction
calibration,1,KITTI_odometry,05,5.0,100,1351,591,2.108653136483085,277.16328321514993,277.04260013432236,0.1206830808275754,same_direction
calibration,1,KITTI_odometry,05,5.0,100,1351,592,1.2098375965393016,277.16328321514993,277.010422987627,0.15286022752292183,same_direction
calibration,1,KITTI_odometry,05,5.0,100,1351,593,0.31835115831422656,277.16328321514993,276.96483027107706,0.1984529440728693,same_direction
calibration,1,KITTI_odometry,05,5.0,100,1351,594,0.5835909012313201,277.16328321514993,276.90213386167363,0.26114935347629853,same_direction
calibration,1,KITTI_odometry,05,5.0,100,1351,595,1.4790459695357532,277.16328321514993,276.8858861927683,0.2773970223816491,same_direction
calibration,1,KITTI_odometry,05,5.0,100,1351,596,2.38100999787906,277.16328321514993,276.83542796093184,0.32785525421809325,same_direction
calibration,1,KITTI_odometry,05,5.0,100,1351,597,3.2784807533368188,277.16328321514993,276.8054120490004,0.3578711661495504,same_direction
calibration,1,KITTI_odometry,05,5.0,100,1351,598,4.175059446283372,277.16328321514993,276.7860266513629,0.3772565637870571,same_direction
calibration,1,KITTI_odometry,05,5.0,100,1352,589,4.859139529793338,277.15195330419203,277.055259640122,0.0966936640700169,same_direction
calibration,1,KITTI_odometry,05,5.0,100,1352,590,3.961125862680972,277.15195330419203,277.0588453688541,0.09310793533791184,same_direction
calibration,1,KITTI_odometry,05,5.0,100,1352,591,3.0627344073556184,277.15195330419203,277.04260013432236,0.10935316986967791,same_direction
calibration,1,KITTI_odometry,05,5.0,100,1352,592,2.1634639007850387,277.15195330419203,277.010422987627,0.14153031656502435,same_direction
calibration,1,KITTI_odometry,05,5.0,100,1352,593,1.2683895064214514,277.15195330419203,276.96483027107706,0.1871230331149718,same_direction
calibration,1,KITTI_odometry,05,5.0,100,1352,594,0.3779421384286402,277.15195330419203,276.90213386167363,0.24981944251840105,same_direction
calibration,1,KITTI_odometry,05,5.0,100,1352,595,0.5267091227612977,277.15195330419203,276.8858861927683,0.2660671114237516,same_direction
calibration,1,KITTI_odometry,05,5.0,100,1352,596,1.4270849344029968,277.15195330419203,276.83542796093184,0.31652534326019577,same_direction
calibration,1,KITTI_odometry,05,5.0,100,1352,597,2.324297650904448,277.15195330419203,276.8054120490004,0.3465412551916529,same_direction
calibration,1,KITTI_odometry,05,5.0,100,1352,598,3.2207900179924756,277.15195330419203,276.7860266513629,0.3659266528291596,same_direction
calibration,1,KITTI_odometry,05,5.0,100,1352,599,4.118318983517407,277.15195330419203,276.7709678459497,0.38098545824232133,same_direction
calibration,1,KITTI_odometry,05,5.0,100,1353,590,4.9126117870232635,277.2112479987058,277.0588453688541,0.15240262985167874,same_direction
calibration,1,KITTI_odometry,05,5.0,100,1353,591,4.014158880761922,277.2112479987058,277.04260013432236,0.1686478643834448,same_direction
calibration,1,KITTI_odometry,05,5.0,100,1353,592,3.114746994540633,277.2112479987058,277.010422987627,0.20082501107879125,same_direction
calibration,1,KITTI_odometry,05,5.0,100,1353,593,2.2193396878351024,277.2112479987058,276.96483027107706,0.2464177276287387,same_direction
calibration,1,KITTI_odometry,05,5.0,100,1353,594,1.3263742194418595,277.2112479987058,276.90213386167363,0.30911413703216795,same_direction
calibration,1,KITTI_odometry,05,5.0,100,1353,595,0.431762492581282,277.2112479987058,276.8858861927683,0.3253618059375185,same_direction
calibration,1,KITTI_odometry,05,5.0,100,1353,596,0.47760037688429724,277.2112479987058,276.83542796093184,0.37582003777396267,same_direction
calibration,1,KITTI_odometry,05,5.0,100,1353,597,1.3731138335913806,277.2112479987058,276.8054120490004,0.4058359497054198,same_direction
calibration,1,KITTI_odometry,05,5.0,100,1353,598,2.2693604848062527,277.2112479987058,276.7860266513629,0.4252213473429265,same_direction
calibration,1,KITTI_odometry,05,5.0,100,1353,599,3.166809523795205,277.2112479987058,276.7709678459497,0.44028015275608823,same_direction
calibration,1,KITTI_odometry,05,5.0,100,1353,600,4.0647868258987465,277.2112479987058,276.7716828873763,0.43956511132950027,same_direction
calibration,1,KITTI_odometry,05,5.0,100,1353,601,4.96268719546177,277.2112479987058,276.8280681878107,0.38317981089511477,same_direction
calibration,1,KITTI_odometry,05,5.0,100,1354,591,4.965987233169248,277.2538389385357,277.04260013432236,0.21123880421333752,same_direction
calibration,1,KITTI_odometry,05,5.0,100,1354,592,4.06653242456027,277.2538389385357,277.010422987627,0.24341595090868395,same_direction
calibration,1,KITTI_odometry,05,5.0,100,1354,593,3.171052918196121,277.2538389385357,276.96483027107706,0.2890086674586314,same_direction
calibration,1,KITTI_odometry,05,5.0,100,1354,594,2.2778596905867774,277.2538389385357,276.90213386167363,0.35170507686206065,same_direction
calibration,1,KITTI_odometry,05,5.0,100,1354,595,1.3812682034999777,277.2538389385357,276.8858861927683,0.3679527457674112,same_direction
calibration,1,KITTI_odometry,05,5.0,100,1354,596,0.48129180337919586,277.2538389385357,276.83542796093184,0.41841097760385537,same_direction
calibration,1,KITTI_odometry,05,5.0,100,1354,597,0.4243324168620478,277.2538389385357,276.8054120490004,0.4484268895353125,same_direction
calibration,1,KITTI_odometry,05,5.0,100,1354,598,1.31817064525045,277.2538389385357,276.7860266513629,0.4678122871728192,same_direction
calibration,1,KITTI_odometry,05,5.0,100,1354,599,2.215270006116618,277.2538389385357,276.7709678459497,0.48287109258598093,same_direction
calibration,1,KITTI_odometry,05,5.0,100,1354,600,3.1131209709871355,277.2538389385357,276.7716828873763,0.482156051159393,same_direction
calibration,1,KITTI_odometry,05,5.0,100,1354,601,4.010957656221269,277.2538389385357,276.8280681878107,0.4257707507250075,same_direction
calibration,1,KITTI_odometry,05,5.0,100,1354,602,4.9057667800253215,277.2538389385357,276.9219567832313,0.3318821553044131,same_direction
calibration,1,KITTI_odometry,05,5.0,100,1355,593,4.117382664994846,277.29350361601166,276.96483027107706,0.3286733449346002,same_direction
calibration,1,KITTI_odometry,05,5.0,100,1355,594,3.2241163518086684,277.29350361601166,276.90213386167363,0.39136975433802945,same_direction
calibration,1,KITTI_odometry,05,5.0,100,1355,595,2.327247277364404,277.29350361601166,276.8858861927683,0.40761742324338,same_direction
calibration,1,KITTI_odometry,05,5.0,100,1355,596,1.4253856460621304,277.29350361601166,276.83542796093184,0.4580756550798242,same_direction
calibration,1,KITTI_odometry,05,5.0,100,1355,597,0.530106743967664,277.29350361601166,276.8054120490004,0.4880915670112813,same_direction
calibration,1,KITTI_odometry,05,5.0,100,1355,598,0.3758649358479819,277.29350361601166,276.7860266513629,0.507476964648788,same_direction
calibration,1,KITTI_odometry,05,5.0,100,1355,599,1.2696766359983123,277.29350361601166,276.7709678459497,0.5225357700619497,same_direction
calibration,1,KITTI_odometry,05,5.0,100,1355,600,2.167088281542766,277.29350361601166,276.7716828873763,0.5218207286353618,same_direction
calibration,1,KITTI_odometry,05,5.0,100,1355,601,3.0647703078697592,277.29350361601166,276.8280681878107,0.4654354282009763,same_direction
calibration,1,KITTI_odometry,05,5.0,100,1355,602,3.9595020318216942,277.29350361601166,276.9219567832313,0.3715468327803819,same_direction
calibration,1,KITTI_odometry,05,5.0,100,1355,603,4.876334403012159,277.29350361601166,277.04259932755224,0.2509042884594237,same_direction
calibration,1,KITTI_odometry,05,5.0,100,1356,594,4.165826982725043,277.3327310294583,276.90213386167363,0.4305971677846401,same_direction
calibration,1,KITTI_odometry,05,5.0,100,1356,595,3.2688652664189197,277.3327310294583,276.8858861927683,0.44684483668999064,same_direction
calibration,1,KITTI_odometry,05,5.0,100,1356,596,2.366725843861075,277.3327310294583,276.83542796093184,0.4973030685264348,same_direction
calibration,1,KITTI_odometry,05,5.0,100,1356,597,1.469650087605887,277.3327310294583,276.8054120490004,0.5273189804578919,same_direction
calibration,1,KITTI_odometry,05,5.0,100,1356,598,0.5754899217188661,277.3327310294583,276.7860266513629,0.5467043780953986,same_direction
calibration,1,KITTI_odometry,05,5.0,100,1356,599,0.33357173141619356,277.3327310294583,276.7709678459497,0.5617631835085604,same_direction
calibration,1,KITTI_odometry,05,5.0,100,1356,600,1.2263272320225105,277.3327310294583,276.7716828873763,0.5610481420819724,same_direction
calibration,1,KITTI_odometry,05,5.0,100,1356,601,2.123448012078486,277.3327310294583,276.8280681878107,0.5046628416475869,same_direction
calibration,1,KITTI_odometry,05,5.0,100,1356,602,3.0179851358149707,277.3327310294583,276.9219567832313,0.41077424622699255,same_direction
calibration,1,KITTI_odometry,05,5.0,100,1356,603,3.9347154623936875,277.3327310294583,277.04259932755224,0.2901317019060343,same_direction
calibration,1,KITTI_odometry,05,5.0,100,1356,604,4.802923495122541,277.3327310294583,277.1202701853102,0.2124608441480973,same_direction
calibration,1,KITTI_odometry,05,5.0,100,1357,595,4.208842180457712,277.3489105129861,276.8858861927683,0.46302432021781215,same_direction
calibration,1,KITTI_odometry,05,5.0,100,1357,596,3.30660735649092,277.3489105129861,276.83542796093184,0.5134825520542563,same_direction
calibration,1,KITTI_odometry,05,5.0,100,1357,597,2.409238296640657,277.3489105129861,276.8054120490004,0.5434984639857134,same_direction
calibration,1,KITTI_odometry,05,5.0,100,1357,598,1.5132433842577866,277.3489105129861,276.7860266513629,0.5628838616232201,same_direction
calibration,1,KITTI_odometry,05,5.0,100,1357,599,0.618361746876372,277.3489105129861,276.7709678459497,0.5779426670363819,same_direction
calibration,1,KITTI_odometry,05,5.0,100,1357,600,0.29411428051014493,277.3489105129861,276.7716828873763,0.5772276256097939,same_direction
calibration,1,KITTI_odometry,05,5.0,100,1357,601,1.1846393079752373,277.3489105129861,276.8280681878107,0.5208423251754084,same_direction
calibration,1,KITTI_odometry,05,5.0,100,1357,602,2.0784683423136583,277.3489105129861,276.9219567832313,0.42695372975481405,same_direction
calibration,1,KITTI_odometry,05,5.0,100,1357,603,2.994948954489875,277.3489105129861,277.04259932755224,0.3063111854338558,same_direction
calibration,1,KITTI_odometry,05,5.0,100,1357,604,3.8630429003571933,277.3489105129861,277.1202701853102,0.2286403276759188,same_direction
calibration,1,KITTI_odometry,05,5.0,100,1357,605,4.751579716262805,277.3489105129861,277.1855631871189,0.16334732586722112,same_direction
calibration,1,KITTI_odometry,05,5.0,100,1358,596,4.245766279483599,277.366842274591,276.83542796093184,0.5314143136591838,same_direction
calibration,1,KITTI_odometry,05,5.0,100,1358,597,3.3482975524884426,277.366842274591,276.8054120490004,0.5614302255906409,same_direction
calibration,1,KITTI_odometry,05,5.0,100,1358,598,2.451983656144557,277.366842274591,276.7860266513629,0.5808156232281476,same_direction
calibration,1,KITTI_odometry,05,5.0,100,1358,599,1.5551748519057453,277.366842274591,276.7709678459497,0.5958744286413094,same_direction
calibration,1,KITTI_odometry,05,5.0,100,1358,600,0.6600899635655929,277.366842274591,276.7716828873763,0.5951593872147214,same_direction
calibration,1,KITTI_odometry,05,5.0,100,1358,601,0.25649892787300593,277.366842274591,276.8280681878107,0.5387740867803359,same_direction
calibration,1,KITTI_odometry,05,5.0,100,1358,602,1.140785764287056,277.366842274591,276.9219567832313,0.44488549135974154,same_direction
calibration,1,KITTI_odometry,05,5.0,100,1358,603,2.0563386807624653,277.366842274591,277.04259932755224,0.3242429470387833,same_direction
calibration,1,KITTI_odometry,05,5.0,100,1358,604,2.924145540153563,277.366842274591,277.1202701853102,0.24657208928084628,same_direction
calibration,1,KITTI_odometry,05,5.0,100,1358,605,3.8125448994077367,277.366842274591,277.1855631871189,0.1812790874721486,same_direction
calibration,1,KITTI_odometry,05,5.0,100,1358,606,4.698023175762313,277.366842274591,277.23402571894184,0.13281655564918537,same_direction
calibration,1,KITTI_odometry,05,5.0,100,1359,597,4.286770171119518,277.3957120226711,276.8054120490004,0.5902999736707102,same_direction
calibration,1,KITTI_odometry,05,5.0,100,1359,598,3.3903366278291593,277.3957120226711,276.7860266513629,0.6096853713082169,same_direction
calibration,1,KITTI_odometry,05,5.0,100,1359,599,2.4931533968049497,277.3957120226711,276.7709678459497,0.6247441767213786,same_direction
calibration,1,KITTI_odometry,05,5.0,100,1359,600,1.5959916415821356,277.3957120226711,276.7716828873763,0.6240291352947906,same_direction
calibration,1,KITTI_odometry,05,5.0,100,1359,601,0.701195450641252,277.3957120226711,276.8280681878107,0.5676438348604051,same_direction
calibration,1,KITTI_odometry,05,5.0,100,1359,602,0.21775601025000518,277.3957120226711,276.9219567832313,0.4737552394398108,same_direction
calibration,1,KITTI_odometry,05,5.0,100,1359,603,1.1194786688454426,277.3957120226711,277.04259932755224,0.35311269511885257,same_direction
calibration,1,KITTI_odometry,05,5.0,100,1359,604,1.986255718682769,277.3957120226711,277.1202701853102,0.27544183736091554,same_direction
calibration,1,KITTI_odometry,05,5.0,100,1359,605,2.8743234769246127,277.3957120226711,277.1855631871189,0.21014883555221786,same_direction
calibration,1,KITTI_odometry,05,5.0,100,1359,606,3.75966842154995,277.3957120226711,277.23402571894184,0.16168630372925463,same_direction
calibration,1,KITTI_odometry,05,5.0,100,1359,607,4.6419013098083,277.3957120226711,277.26312067500805,0.1325913476630376,same_direction
calibration,1,KITTI_odometry,05,5.0,100,1360,598,4.324684618558912,277.42189695256315,276.7860266513629,0.6358703012002707,same_direction
calibration,1,KITTI_odometry,05,5.0,100,1360,599,3.4273538626760036,277.42189695256315,276.7709678459497,0.6509291066134324,same_direction
calibration,1,KITTI_odometry,05,5.0,100,1360,600,2.5297626924279077,277.42189695256315,276.7716828873763,0.6502140651868444,same_direction
calibration,1,KITTI_odometry,05,5.0,100,1360,601,1.6327711474667832,277.42189695256315,276.8280681878107,0.5938287647524589,same_direction
calibration,1,KITTI_odometry,05,5.0,100,1360,602,0.7410442631854032,277.42189695256315,276.9219567832313,0.4999401693318646,same_direction
calibration,1,KITTI_odometry,05,5.0,100,1360,603,0.20283789093753943,277.42189695256315,277.04259932755224,0.37929762501090636,same_direction
calibration,1,KITTI_odometry,05,5.0,100,1360,604,1.0536183464613684,277.42189695256315,277.1202701853102,0.30162676725296933,same_direction
calibration,1,KITTI_odometry,05,5.0,100,1360,605,1.940506142736985,277.42189695256315,277.1855631871189,0.23633376544427165,same_direction
calibration,1,KITTI_odometry,05,5.0,100,1360,606,2.8255323958503618,277.42189695256315,277.23402571894184,0.18787123362130842,same_direction
calibration,1,KITTI_odometry,05,5.0,100,1360,607,3.7076186710609758,277.42189695256315,277.26312067500805,0.15877627755509138,same_direction
calibration,1,KITTI_odometry,05,5.0,100,1360,608,4.591814946184126,277.42189695256315,277.3078084727651,0.11408847979805614,same_direction
calibration,1,KITTI_odometry,05,5.0,100,1361,599,4.360652118663002,277.44655491816,276.7709678459497,0.6755870722103055,same_direction
calibration,1,KITTI_odometry,05,5.0,100,1361,600,3.4629024877983654,277.44655491816,276.7716828873763,0.6748720307837175,same_direction
calibration,1,KITTI_odometry,05,5.0,100,1361,601,2.5654595728640857,277.44655491816,276.8280681878107,0.618486730349332,same_direction
calibration,1,KITTI_odometry,05,5.0,100,1361,602,1.671565230554879,277.44655491816,276.9219567832313,0.5245981349287376,same_direction
calibration,1,KITTI_odometry,05,5.0,100,1361,603,0.7577783383021871,277.44655491816,277.04259932755224,0.4039555906077794,same_direction
calibration,1,KITTI_odometry,05,5.0,100,1361,604,0.14831486776449665,277.44655491816,277.1202701853102,0.3262847328498424,same_direction
calibration,1,KITTI_odometry,05,5.0,100,1361,605,1.0090729656471802,277.44655491816,277.1855631871189,0.2609917310411447,same_direction
calibration,1,KITTI_odometry,05,5.0,100,1361,606,1.8928397502165735,277.44655491816,277.23402571894184,0.21252919921818147,same_direction
calibration,1,KITTI_odometry,05,5.0,100,1361,607,2.7745521890928617,277.44655491816,277.26312067500805,0.18343424315196444,same_direction
calibration,1,KITTI_odometry,05,5.0,100,1361,608,3.658602785217325,277.44655491816,277.3078084727651,0.1387464453949292,same_direction
calibration,1,KITTI_odometry,05,5.0,100,1361,609,4.538891714945403,277.44655491816,277.3388843720578,0.10767054610221294,same_direction
calibration,1,KITTI_odometry,05,5.0,100,1362,600,4.393862766404997,277.46100633301467,276.7716828873763,0.6893234456383652,same_direction
calibration,1,KITTI_odometry,05,5.0,100,1362,601,3.4962423385686523,277.46100633301467,276.8280681878107,0.6329381452039797,same_direction
calibration,1,KITTI_odometry,05,5.0,100,1362,602,2.601870605929511,277.46100633301467,276.9219567832313,0.5390495497833854,same_direction
calibration,1,KITTI_odometry,05,5.0,100,1362,603,1.6858710033689024,277.46100633301467,277.04259932755224,0.41840700546242715,same_direction
calibration,1,KITTI_odometry,05,5.0,100,1362,604,0.820206224068075,277.46100633301467,277.1202701853102,0.3407361477044901,same_direction
calibration,1,KITTI_odometry,05,5.0,100,1362,605,0.11767922501445029,277.46100633301467,277.1855631871189,0.27544314589579244,same_direction
calibration,1,KITTI_odometry,05,5.0,100,1362,606,0.9638952277088855,277.46100633301467,277.23402571894184,0.2269806140728292,same_direction
calibration,1,KITTI_odometry,05,5.0,100,1362,607,1.8441685660481204,277.46100633301467,277.26312067500805,0.19788565800661218,same_direction
calibration,1,KITTI_odometry,05,5.0,100,1362,608,2.727852461186264,277.46100633301467,277.3078084727651,0.15319786024957693,same_direction
calibration,1,KITTI_odometry,05,5.0,100,1362,609,3.6079854004693517,277.46100633301467,277.3388843720578,0.12212196095686068,same_direction
calibration,1,KITTI_odometry,05,5.0,100,1362,610,4.4872204180316295,277.46100633301467,277.3887449185455,0.07226141446915335,same_direction
calibration,1,KITTI_odometry,05,5.0,100,1363,601,4.424682915192909,277.4530511286573,276.8280681878107,0.6249829408466212,same_direction
calibration,1,KITTI_odometry,05,5.0,100,1363,602,3.530128411262119,277.4530511286573,276.9219567832313,0.5310943454260268,same_direction
calibration,1,KITTI_odometry,05,5.0,100,1363,603,2.6136508049087426,277.4530511286573,277.04259932755224,0.4104518011050686,same_direction
calibration,1,KITTI_odometry,05,5.0,100,1363,604,1.7461124648773414,277.4530511286573,277.1202701853102,0.3327809433471316,same_direction
calibration,1,KITTI_odometry,05,5.0,100,1363,605,0.8598547144721708,277.4530511286573,277.1855631871189,0.2674879415384339,same_direction
calibration,1,KITTI_odometry,05,5.0,100,1363,606,0.09831724162120255,277.4530511286573,277.23402571894184,0.2190254097154707,same_direction
calibration,1,KITTI_odometry,05,5.0,100,1363,607,0.9178857063926789,277.4530511286573,277.26312067500805,0.18993045364925365,same_direction
calibration,1,KITTI_odometry,05,5.0,100,1363,608,1.8000424717211436,277.4530511286573,277.3078084727651,0.1452426558922184,same_direction
calibration,1,KITTI_odometry,05,5.0,100,1363,609,2.6797681466873176,277.4530511286573,277.3388843720578,0.11416675659950215,same_direction
calibration,1,KITTI_odometry,05,5.0,100,1363,610,3.558831135358904,277.4530511286573,277.3887449185455,0.06430621011179483,same_direction
calibration,1,KITTI_odometry,05,5.0,100,1363,611,4.437585354672066,277.4530511286573,277.4270695671537,0.025981561503613193,same_direction
calibration,1,KITTI_odometry,05,5.0,100,1364,602,4.458281243932464,277.42459392178216,276.9219567832313,0.502637138550881,same_direction
calibration,1,KITTI_odometry,05,5.0,100,1364,603,3.5416090269819653,277.42459392178216,277.04259932755224,0.38199459422992277,same_direction
calibration,1,KITTI_odometry,05,5.0,100,1364,604,2.673630724314789,277.42459392178216,277.1202701853102,0.30432373647198574,same_direction
calibration,1,KITTI_odometry,05,5.0,100,1364,605,1.7856356459255696,277.42459392178216,277.1855631871189,0.23903073466328806,same_direction
calibration,1,KITTI_odometry,05,5.0,100,1364,606,0.9023845133866373,277.42459392178216,277.23402571894184,0.19056820284032483,same_direction
calibration,1,KITTI_odometry,05,5.0,100,1364,607,0.09247010327667878,277.42459392178216,277.26312067500805,0.1614732467741078,same_direction
calibration,1,KITTI_odometry,05,5.0,100,1364,608,0.8740853562438773,277.42459392178216,277.3078084727651,0.11678544901707255,same_direction
calibration,1,KITTI_odometry,05,5.0,100,1364,609,1.752162540976149,277.42459392178216,277.3388843720578,0.0857095497243563,same_direction
calibration,1,KITTI_odometry,05,5.0,100,1364,610,2.6308079253339596,277.42459392178216,277.3887449185455,0.03584900323664897,same_direction
calibration,1,KITTI_odometry,05,5.0,100,1364,611,3.5093999843278088,277.42459392178216,277.4270695671537,0.0024756453715326643,same_direction
calibration,1,KITTI_odometry,05,5.0,100,1364,612,4.3827975837357585,277.42459392178216,277.4728474411491,0.04825351936693778,same_direction
calibration,1,KITTI_odometry,05,5.0,100,1365,603,4.4659253789108595,277.41591593473754,277.04259932755224,0.373316607185302,same_direction
calibration,1,KITTI_odometry,05,5.0,100,1365,604,3.5977739339763932,277.41591593473754,277.1202701853102,0.295645749427365,same_direction
calibration,1,KITTI_odometry,05,5.0,100,1365,605,2.709371227794374,277.41591593473754,277.1855631871189,0.2303527476186673,same_direction
calibration,1,KITTI_odometry,05,5.0,100,1365,606,1.8244799642638025,277.41591593473754,277.23402571894184,0.18189021579570408,same_direction
calibration,1,KITTI_odometry,05,5.0,100,1365,607,0.9439855772203278,277.41591593473754,277.26312067500805,0.15279525972948704,same_direction
calibration,1,KITTI_odometry,05,5.0,100,1365,608,0.10561912705567013,277.41591593473754,277.3078084727651,0.1081074619724518,same_direction
calibration,1,KITTI_odometry,05,5.0,100,1365,609,0.8300337463019287,277.41591593473754,277.3388843720578,0.07703156267973554,same_direction
calibration,1,KITTI_odometry,05,5.0,100,1365,610,1.7069534645092157,277.41591593473754,277.3887449185455,0.02717101619202822,same_direction
calibration,1,KITTI_odometry,05,5.0,100,1365,611,2.585146038428016,277.41591593473754,277.4270695671537,0.011153632416153414,same_direction
calibration,1,KITTI_odometry,05,5.0,100,1365,612,3.4583908758265114,277.41591593473754,277.4728474411491,0.05693150641155853,same_direction
calibration,1,KITTI_odometry,05,5.0,100,1365,613,4.337494273195061,277.41591593473754,277.48701449958423,0.07109856484669308,same_direction
calibration,1,KITTI_odometry,05,5.0,100,1366,604,4.525872402090003,277.4006638254747,277.1202701853102,0.28039364016450463,same_direction
calibration,1,KITTI_odometry,05,5.0,100,1366,605,3.637314235806409,277.4006638254747,277.1855631871189,0.21510063835580695,same_direction
calibration,1,KITTI_odometry,05,5.0,100,1366,606,2.752025105263403,277.4006638254747,277.23402571894184,0.16663810653284372,same_direction
calibration,1,KITTI_odometry,05,5.0,100,1366,607,1.8701593113956825,277.4006638254747,277.26312067500805,0.13754315046662668,same_direction
calibration,1,KITTI_odometry,05,5.0,100,1366,608,0.9876459284581646,277.4006638254747,277.3078084727651,0.09285535270959144,same_direction
calibration,1,KITTI_odometry,05,5.0,100,1366,609,0.13548320929177035,277.4006638254747,277.3388843720578,0.061779453416875185,same_direction
calibration,1,KITTI_odometry,05,5.0,100,1366,610,0.781096850588971,277.4006638254747,277.3887449185455,0.01191890692916786,same_direction
calibration,1,KITTI_odometry,05,5.0,100,1366,611,1.6575050165836753,277.4006638254747,277.4270695671537,0.026405741679013772,same_direction
calibration,1,KITTI_odometry,05,5.0,100,1366,612,2.5303517403712994,277.4006638254747,277.4728474411491,0.07218361567441889,same_direction
calibration,1,KITTI_odometry,05,5.0,100,1366,613,3.4093061244188654,277.4006638254747,277.48701449958423,0.08635067410955344,same_direction
calibration,1,KITTI_odometry,05,5.0,100,1366,614,4.2817463726848795,277.4006638254747,277.50373276840673,0.1030689429320546,same_direction
calibration,1,KITTI_odometry,05,5.0,100,1367,605,4.565002196056432,277.41313102561537,277.1855631871189,0.22756783849649764,same_direction
calibration,1,KITTI_odometry,05,5.0,100,1367,606,3.6795620853574595,277.41313102561537,277.23402571894184,0.17910530667353441,same_direction
calibration,1,KITTI_odometry,05,5.0,100,1367,607,2.797371131973736,277.41313102561537,277.26312067500805,0.15001035060731738,same_direction
calibration,1,KITTI_odometry,05,5.0,100,1367,608,1.9136154054563899,277.41313102561537,277.3078084727651,0.10532255285028214,same_direction
calibration,1,KITTI_odometry,05,5.0,100,1367,609,1.0347595372839056,277.41313102561537,277.3388843720578,0.07424665355756588,same_direction
calibration,1,KITTI_odometry,05,5.0,100,1367,610,0.17402117687224886,277.41313102561537,277.3887449185455,0.024386107069858554,same_direction
calibration,1,KITTI_odometry,05,5.0,100,1367,611,0.732250503584674,277.41313102561537,277.4270695671537,0.01393854153832308,same_direction
calibration,1,KITTI_odometry,05,5.0,100,1367,612,1.6031803298444038,277.41313102561537,277.4728474411491,0.059716415533728195,same_direction
calibration,1,KITTI_odometry,05,5.0,100,1367,613,2.4817228793723003,277.41313102561537,277.48701449958423,0.07388347396886275,same_direction
calibration,1,KITTI_odometry,05,5.0,100,1367,614,3.3540069528848675,277.41313102561537,277.50373276840673,0.0906017427913639,same_direction
calibration,1,KITTI_odometry,05,5.0,100,1367,615,4.22952801385687,277.41313102561537,277.5170164096564,0.103885384041007,same_direction
calibration,1,KITTI_odometry,05,5.0,100,1368,606,4.607613996419413,277.41837459485936,277.23402571894184,0.18434887591752158,same_direction
calibration,1,KITTI_odometry,05,5.0,100,1368,607,3.725293766939723,277.41837459485936,277.26312067500805,0.15525391985130454,same_direction
calibration,1,KITTI_odometry,05,5.0,100,1368,608,2.8412118048466537,277.41837459485936,277.3078084727651,0.1105661220942693,same_direction
calibration,1,KITTI_odometry,05,5.0,100,1368,609,1.9612561535913562,277.41837459485936,277.3388843720578,0.07949022280155305,same_direction
calibration,1,KITTI_odometry,05,5.0,100,1368,610,1.083156669185019,277.41837459485936,277.3887449185455,0.02962967631384572,same_direction
calibration,1,KITTI_odometry,05,5.0,100,1368,611,0.21721003660050203,277.41837459485936,277.4270695671537,0.008694972294335912,same_direction
calibration,1,KITTI_odometry,05,5.0,100,1368,612,0.677619192467286,277.41837459485936,277.4728474411491,0.05447284628974103,same_direction
calibration,1,KITTI_odometry,05,5.0,100,1368,613,1.5541395851081046,277.41837459485936,277.48701449958423,0.06863990472487558,same_direction
calibration,1,KITTI_odometry,05,5.0,100,1368,614,2.426014847440153,277.41837459485936,277.50373276840673,0.08535817354737674,same_direction
calibration,1,KITTI_odometry,05,5.0,100,1368,615,3.301388135315218,277.41837459485936,277.5170164096564,0.09864181479701983,same_direction
calibration,1,KITTI_odometry,05,5.0,100,1368,616,4.180772326975008,277.41837459485936,277.5568765557972,0.13850196093784461,same_direction
calibration,1,KITTI_odometry,05,5.0,100,1369,607,4.656581755966501,277.4241094548929,277.26312067500805,0.16098877988486038,same_direction
calibration,1,KITTI_odometry,05,5.0,100,1369,608,3.7723669492773455,277.4241094548929,277.3078084727651,0.11630098212782514,same_direction
calibration,1,KITTI_odometry,05,5.0,100,1369,609,2.8921189636666083,277.4241094548929,277.3388843720578,0.08522508283510888,same_direction
calibration,1,KITTI_odometry,05,5.0,100,1369,610,2.0130893497309112,277.4241094548929,277.3887449185455,0.035364536347401554,same_direction
calibration,1,KITTI_odometry,05,5.0,100,1369,611,1.135277692901605,277.4241094548929,277.4270695671537,0.002960112260780079,same_direction
calibration,1,KITTI_odometry,05,5.0,100,1369,612,0.270553599125941,277.4241094548929,277.4728474411491,0.048737986256185195,same_direction
calibration,1,KITTI_odometry,05,5.0,100,1369,613,0.6254042292789368,277.4241094548929,277.48701449958423,0.06290504469131974,same_direction
calibration,1,KITTI_odometry,05,5.0,100,1369,614,1.4951534770718364,277.4241094548929,277.50373276840673,0.0796233135138209,same_direction
calibration,1,KITTI_odometry,05,5.0,100,1369,615,2.370131207338531,277.4241094548929,277.5170164096564,0.092906954763464,same_direction
calibration,1,KITTI_odometry,05,5.0,100,1369,616,3.2493917969367634,277.4241094548929,277.5568765557972,0.13276710090428878,same_direction
calibration,1,KITTI_odometry,05,5.0,100,1369,617,4.132451573823928,277.4241094548929,277.60081805255345,0.17670859766053582,same_direction
calibration,1,KITTI_odometry,05,5.0,100,1370,608,4.7005482339829285,277.43889802549694,277.3078084727651,0.13108955273185074,same_direction
calibration,1,KITTI_odometry,05,5.0,100,1370,609,3.8201824930230726,277.43889802549694,277.3388843720578,0.10001365343913449,same_direction
calibration,1,KITTI_odometry,05,5.0,100,1370,610,2.9409047196398594,277.43889802549694,277.3887449185455,0.05015310695142716,same_direction
calibration,1,KITTI_odometry,05,5.0,100,1370,611,2.062303280315473,277.43889802549694,277.4270695671537,0.01182845834324553,same_direction
calibration,1,KITTI_odometry,05,5.0,100,1370,612,1.1896360998221205,277.43889802549694,277.4728474411491,0.03394941565215959,same_direction
calibration,1,KITTI_odometry,05,5.0,100,1370,613,0.3168421215684648,277.43889802549694,277.48701449958423,0.04811647408729414,same_direction
calibration,1,KITTI_odometry,05,5.0,100,1370,614,0.5695002194907441,277.43889802549694,277.50373276840673,0.0648347429097953,same_direction
calibration,1,KITTI_odometry,05,5.0,100,1370,615,1.4423046557506551,277.43889802549694,277.5170164096564,0.07811838415943839,same_direction
calibration,1,KITTI_odometry,05,5.0,100,1370,616,2.321222757513801,277.43889802549694,277.5568765557972,0.11797853030026317,same_direction
calibration,1,KITTI_odometry,05,5.0,100,1370,617,3.2041686675329575,277.43889802549694,277.60081805255345,0.1619200270565102,same_direction
calibration,1,KITTI_odometry,05,5.0,100,1370,618,4.091458753305469,277.43889802549694,277.6589320883132,0.22003406281623938,same_direction
calibration,1,KITTI_odometry,05,5.0,100,1370,619,4.9844562241030665,277.43889802549694,277.7175494488033,0.27865142330637127,same_direction
calibration,1,KITTI_odometry,05,5.0,100,1371,609,4.750768793574368,277.52931450200055,277.3388843720578,0.19043012994274022,same_direction
calibration,1,KITTI_odometry,05,5.0,100,1371,610,3.871400129152252,277.52931450200055,277.3887449185455,0.1405695834550329,same_direction
calibration,1,KITTI_odometry,05,5.0,100,1371,611,2.9925943677685423,277.52931450200055,277.4270695671537,0.10224493484685127,same_direction
calibration,1,KITTI_odometry,05,5.0,100,1371,612,2.1193012055864116,277.52931450200055,277.4728474411491,0.05646706085144615,same_direction
calibration,1,KITTI_odometry,05,5.0,100,1371,613,1.2408341065589914,277.52931450200055,277.48701449958423,0.0423000024163116,same_direction
calibration,1,KITTI_odometry,05,5.0,100,1371,614,0.3729278884717565,277.52931450200055,277.50373276840673,0.02558173359381044,same_direction
calibration,1,KITTI_odometry,05,5.0,100,1371,615,0.5145065694429938,277.52931450200055,277.5170164096564,0.012298092344167344,same_direction
calibration,1,KITTI_odometry,05,5.0,100,1371,616,1.391115940531185,277.52931450200055,277.5568765557972,0.027562053796657437,same_direction
calibration,1,KITTI_odometry,05,5.0,100,1371,617,2.273690080024081,277.52931450200055,277.60081805255345,0.07150355055290447,same_direction
calibration,1,KITTI_odometry,05,5.0,100,1371,618,3.1608378920786024,277.52931450200055,277.6589320883132,0.12961758631263365,same_direction
calibration,1,KITTI_odometry,05,5.0,100,1371,619,4.053775218237904,277.52931450200055,277.7175494488033,0.18823494680276553,same_direction
calibration,1,KITTI_odometry,05,5.0,100,1371,620,4.9504084730454245,277.52931450200055,277.7638737210316,0.23455921903104127,same_direction
calibration,1,KITTI_odometry,05,5.0,100,1372,610,4.801187363559151,277.6582371891498,277.3887449185455,0.26949227060430303,same_direction
calibration,1,KITTI_odometry,05,5.0,100,1372,611,3.9223004895086744,277.6582371891498,277.4270695671537,0.2311676219961214,same_direction
calibration,1,KITTI_odometry,05,5.0,100,1372,612,3.048831792670762,277.6582371891498,277.4728474411491,0.18538974800071628,same_direction
calibration,1,KITTI_odometry,05,5.0,100,1372,613,2.1698231310408866,277.6582371891498,277.48701449958423,0.17122268956558173,same_direction
calibration,1,KITTI_odometry,05,5.0,100,1372,614,1.297858208742388,277.6582371891498,277.50373276840673,0.15450442074308057,same_direction
calibration,1,KITTI_odometry,05,5.0,100,1372,615,0.42572546318020327,277.6582371891498,277.5170164096564,0.14122077949343748,same_direction
calibration,1,KITTI_odometry,05,5.0,100,1372,616,0.4645741490870834,277.6582371891498,277.5568765557972,0.1013606333526127,same_direction
calibration,1,KITTI_odometry,05,5.0,100,1372,617,1.3444645923191696,277.6582371891498,277.60081805255345,0.05741913659636566,same_direction
calibration,1,KITTI_odometry,05,5.0,100,1372,618,2.231177527674555,277.6582371891498,277.6589320883132,0.000694899163363516,same_direction
calibration,1,KITTI_odometry,05,5.0,100,1372,619,3.1239771349995236,277.6582371891498,277.7175494488033,0.0593122596534954,same_direction
calibration,1,KITTI_odometry,05,5.0,100,1372,620,4.0205540675384475,277.6582371891498,277.7638737210316,0.10563653188177113,same_direction
calibration,1,KITTI_odometry,05,5.0,100,1372,621,4.912254351110082,277.6582371891498,277.82957026621534,0.17133307706552614,same_direction
calibration,1,KITTI_odometry,05,5.0,100,1373,611,4.8561063342970385,277.80109874561003,277.4270695671537,0.37402917845633965,same_direction
calibration,1,KITTI_odometry,05,5.0,100,1373,612,3.9825658663730703,277.80109874561003,277.4728474411491,0.32825130446093453,same_direction
calibration,1,KITTI_odometry,05,5.0,100,1373,613,3.1033976992966927,277.80109874561003,277.48701449958423,0.3140842460258,same_direction
calibration,1,KITTI_odometry,05,5.0,100,1373,614,2.2309843948355903,277.80109874561003,277.50373276840673,0.2973659772032988,same_direction
calibration,1,KITTI_odometry,05,5.0,100,1373,615,1.3558197704709696,277.80109874561003,277.5170164096564,0.28408233595365573,same_direction
calibration,1,KITTI_odometry,05,5.0,100,1373,616,0.4794727520933725,277.80109874561003,277.5568765557972,0.24422218981283095,same_direction
calibration,1,KITTI_odometry,05,5.0,100,1373,617,0.41457508367001195,277.80109874561003,277.60081805255345,0.2002806930565839,same_direction
calibration,1,KITTI_odometry,05,5.0,100,1373,618,1.2979459541907,277.80109874561003,277.6589320883132,0.14216665729685474,same_direction
calibration,1,KITTI_odometry,05,5.0,100,1373,619,2.1903114846979994,277.80109874561003,277.7175494488033,0.08354929680672285,same_direction
calibration,1,KITTI_odometry,05,5.0,100,1373,620,3.0867567526450914,277.80109874561003,277.7638737210316,0.03722502457844712,same_direction
calibration,1,KITTI_odometry,05,5.0,100,1373,621,3.9784005089985697,277.80109874561003,277.82957026621534,0.028471520605307887,same_direction
calibration,1,KITTI_odometry,05,5.0,100,1373,622,4.881825119768216,277.80109874561003,277.88851201621077,0.08741327060073445,same_direction
calibration,1,KITTI_odometry,05,5.0,100,1374,612,4.919603140498204,277.91275085851817,277.4728474411491,0.4399034173690666,same_direction
calibration,1,KITTI_odometry,05,5.0,100,1374,613,4.0403738069639,277.91275085851817,277.48701449958423,0.425736358933932,same_direction
calibration,1,KITTI_odometry,05,5.0,100,1374,614,3.1678334126023504,277.91275085851817,277.50373276840673,0.40901809011143087,same_direction
calibration,1,KITTI_odometry,05,5.0,100,1374,615,2.292306901355029,277.91275085851817,277.5170164096564,0.39573444886178777,same_direction
calibration,1,KITTI_odometry,05,5.0,100,1374,616,1.4134215577809637,277.91275085851817,277.5568765557972,0.355874302720963,same_direction
calibration,1,KITTI_odometry,05,5.0,100,1374,617,0.5332162038047931,277.91275085851817,277.60081805255345,0.31193280596471595,same_direction
calibration,1,KITTI_odometry,05,5.0,100,1374,618,0.36556963768891754,277.91275085851817,277.6589320883132,0.2538187702049868,same_direction
calibration,1,KITTI_odometry,05,5.0,100,1374,619,1.2539660362226686,277.91275085851817,277.7175494488033,0.1952014097148549,same_direction
calibration,1,KITTI_odometry,05,5.0,100,1374,620,2.1499443736990216,277.91275085851817,277.7638737210316,0.14887713748657916,same_direction
calibration,1,KITTI_odometry,05,5.0,100,1374,621,3.0414393385369536,277.91275085851817,277.82957026621534,0.08318059230282415,same_direction
calibration,1,KITTI_odometry,05,5.0,100,1374,622,3.9447811650331146,277.91275085851817,277.88851201621077,0.02423884230739759,same_direction
calibration,1,KITTI_odometry,05,5.0,100,1374,623,4.851719914628225,277.91275085851817,277.96066924999974,0.04791839148157351,same_direction
calibration,1,KITTI_odometry,05,5.0,100,1375,613,4.9790310643738644,278.0352747492967,277.48701449958423,0.5482602497124844,same_direction
calibration,1,KITTI_odometry,05,5.0,100,1375,614,4.106444088259305,278.0352747492967,277.50373276840673,0.5315419808899833,same_direction
calibration,1,KITTI_odometry,05,5.0,100,1375,615,3.2308148337532194,278.0352747492967,277.5170164096564,0.5182583396403402,same_direction
calibration,1,KITTI_odometry,05,5.0,100,1375,616,2.351580340962209,278.0352747492967,277.5568765557972,0.4783981934995154,same_direction
calibration,1,KITTI_odometry,05,5.0,100,1375,617,1.4691119766716152,278.0352747492967,277.60081805255345,0.43445669674326837,same_direction
calibration,1,KITTI_odometry,05,5.0,100,1375,618,0.5842254701739609,278.0352747492967,277.6589320883132,0.3763426609835392,same_direction
calibration,1,KITTI_odometry,05,5.0,100,1375,619,0.32133101313131524,278.0352747492967,277.7175494488033,0.3177253004934073,same_direction
calibration,1,KITTI_odometry,05,5.0,100,1375,620,1.212211289338639,278.0352747492967,277.7638737210316,0.27140102826513157,same_direction
calibration,1,KITTI_odometry,05,5.0,100,1375,621,2.103138951662508,278.0352747492967,277.82957026621534,0.20570448308137657,same_direction
calibration,1,KITTI_odometry,05,5.0,100,1375,622,3.006261791660869,278.0352747492967,277.88851201621077,0.14676273308595,same_direction
calibration,1,KITTI_odometry,05,5.0,100,1375,623,3.9131060616855375,278.0352747492967,277.96066924999974,0.0746054992969789,same_direction
calibration,1,KITTI_odometry,05,5.0,100,1375,624,4.8214184894074545,278.0352747492967,278.0039067817099,0.03136796758684568,same_direction
calibration,1,KITTI_odometry,05,5.0,100,1376,615,4.174527386423521,278.14110442559894,277.5170164096564,0.6240880159425615,same_direction
calibration,1,KITTI_odometry,05,5.0,100,1376,616,3.295172440100832,278.14110442559894,277.5568765557972,0.5842278698017367,same_direction
calibration,1,KITTI_odometry,05,5.0,100,1376,617,2.4123277658726403,278.14110442559894,277.60081805255345,0.5402863730454897,same_direction
calibration,1,KITTI_odometry,05,5.0,100,1376,618,1.525454781368507,278.14110442559894,277.6589320883132,0.4821723372857605,same_direction
calibration,1,KITTI_odometry,05,5.0,100,1376,619,0.6348089240078743,278.14110442559894,277.7175494488033,0.4235549767956286,same_direction
calibration,1,KITTI_odometry,05,5.0,100,1376,620,0.2764281100033061,278.14110442559894,277.7638737210316,0.37723070456735286,same_direction
calibration,1,KITTI_odometry,05,5.0,100,1376,621,1.1604732310570494,278.14110442559894,277.82957026621534,0.31153415938359785,same_direction
calibration,1,KITTI_odometry,05,5.0,100,1376,622,2.0628510683032646,278.14110442559894,277.88851201621077,0.2525924093881713,same_direction
calibration,1,KITTI_odometry,05,5.0,100,1376,623,2.9694736233884846,278.14110442559894,277.96066924999974,0.1804351755992002,same_direction
calibration,1,KITTI_odometry,05,5.0,100,1376,624,3.877721085895667,278.14110442559894,278.0039067817099,0.13719764388906697,same_direction
calibration,1,KITTI_odometry,05,5.0,100,1376,625,4.7881391218301035,278.14110442559894,278.06030626495533,0.08079816064361012,same_direction
calibration,1,KITTI_odometry,05,5.0,100,1377,616,4.2389988275535,278.2372945310847,277.5568765557972,0.6804179752874688,same_direction
calibration,1,KITTI_odometry,05,5.0,100,1377,617,3.35602768164984,278.2372945310847,277.60081805255345,0.6364764785312218,same_direction
calibration,1,KITTI_odometry,05,5.0,100,1377,618,2.4688236551037783,278.2372945310847,277.6589320883132,0.5783624427714926,same_direction
calibration,1,KITTI_odometry,05,5.0,100,1377,619,1.5763617668543062,278.2372945310847,277.7175494488033,0.5197450822813607,same_direction
calibration,1,KITTI_odometry,05,5.0,100,1377,620,0.6821982483120163,278.2372945310847,277.7638737210316,0.473420810053085,same_direction
calibration,1,KITTI_odometry,05,5.0,100,1377,621,0.22813673531459977,278.2372945310847,277.82957026621534,0.40772426486933,same_direction
calibration,1,KITTI_odometry,05,5.0,100,1377,622,1.1201469903543875,278.2372945310847,277.88851201621077,0.34878251487390344,same_direction
calibration,1,KITTI_odometry,05,5.0,100,1377,623,2.025970298400256,278.2372945310847,277.96066924999974,0.27662528108493234,same_direction
calibration,1,KITTI_odometry,05,5.0,100,1377,624,2.9340382700298915,278.2372945310847,278.0039067817099,0.2333877493747991,same_direction
calibration,1,KITTI_odometry,05,5.0,100,1377,625,3.844377140708243,278.2372945310847,278.06030626495533,0.17698826612934226,same_direction
calibration,1,KITTI_odometry,05,5.0,100,1377,626,4.7560696094569535,278.2372945310847,278.04943306342807,0.18786146765660305,same_direction
calibration,1,KITTI_odometry,05,5.0,100,1378,617,4.303802938100224,278.2804071375641,277.60081805255345,0.6795890850106616,same_direction
calibration,1,KITTI_odometry,05,5.0,100,1378,618,3.4164937655438594,278.2804071375641,277.6589320883132,0.6214750492509324,same_direction
calibration,1,KITTI_odometry,05,5.0,100,1378,619,2.523712386544892,278.2804071375641,277.7175494488033,0.5628576887608006,same_direction
calibration,1,KITTI_odometry,05,5.0,100,1378,620,1.627770112761628,278.2804071375641,277.7638737210316,0.5165334165325248,same_direction
calibration,1,KITTI_odometry,05,5.0,100,1378,621,0.7386963923020083,278.2804071375641,277.82957026621534,0.4508368713487698,same_direction
calibration,1,KITTI_odometry,05,5.0,100,1378,622,0.18778213440046598,278.2804071375641,277.88851201621077,0.39189512135334326,same_direction
calibration,1,KITTI_odometry,05,5.0,100,1378,623,1.0795069244798676,278.2804071375641,277.96066924999974,0.31973788756437216,same_direction
calibration,1,KITTI_odometry,05,5.0,100,1378,624,1.9867853079786824,278.2804071375641,278.0039067817099,0.27650035585423893,same_direction
calibration,1,KITTI_odometry,05,5.0,100,1378,625,2.8968832648210023,278.2804071375641,278.06030626495533,0.22010087260878208,same_direction
calibration,1,KITTI_odometry,05,5.0,100,1378,626,3.808428757374872,278.2804071375641,278.04943306342807,0.23097407413604287,same_direction
calibration,1,KITTI_odometry,05,5.0,100,1378,627,4.732470882107987,278.2804071375641,278.08413213439695,0.19627500316715896,same_direction
calibration,1,KITTI_odometry,05,5.0,100,1379,618,4.37019576334973,278.31171568242064,277.6589320883132,0.6527835941074613,same_direction
calibration,1,KITTI_odometry,05,5.0,100,1379,619,3.477318059942179,278.31171568242064,277.7175494488033,0.5941662336173295,same_direction
calibration,1,KITTI_odometry,05,5.0,100,1379,620,2.58104867447321,278.31171568242064,277.7638737210316,0.5478419613890537,same_direction
calibration,1,KITTI_odometry,05,5.0,100,1379,621,1.6902102117783897,278.31171568242064,277.82957026621534,0.4821454162052987,same_direction
calibration,1,KITTI_odometry,05,5.0,100,1379,622,0.7891005322517528,278.31171568242064,277.88851201621077,0.42320366620987215,same_direction
calibration,1,KITTI_odometry,05,5.0,100,1379,623,0.1493700103769175,278.31171568242064,277.96066924999974,0.35104643242090106,same_direction
calibration,1,KITTI_odometry,05,5.0,100,1379,624,1.035188417632272,278.31171568242064,278.0039067817099,0.30780890071076783,same_direction
calibration,1,KITTI_odometry,05,5.0,100,1379,625,1.9441031685587202,278.31171568242064,278.06030626495533,0.251409417465311,same_direction
calibration,1,KITTI_odometry,05,5.0,100,1379,626,2.8552088049738202,278.31171568242064,278.04943306342807,0.26228261899257177,same_direction
calibration,1,KITTI_odometry,05,5.0,100,1379,627,3.779120237568538,278.31171568242064,278.08413213439695,0.22758354802368785,same_direction
calibration,1,KITTI_odometry,05,5.0,100,1379,628,4.70397001691125,278.31171568242064,278.0506156252475,0.26110005717316653,same_direction
calibration,1,KITTI_odometry,05,5.0,100,1380,619,4.432340028698187,278.2982076695537,277.7175494488033,0.5806582207503652,same_direction
calibration,1,KITTI_odometry,05,5.0,100,1380,620,3.535878122899606,278.2982076695537,277.7638737210316,0.5343339485220895,same_direction
calibration,1,KITTI_odometry,05,5.0,100,1380,621,2.644539317159047,278.2982076695537,277.82957026621534,0.4686374033383345,same_direction
calibration,1,KITTI_odometry,05,5.0,100,1380,622,1.7415547680162335,278.2982076695537,277.88851201621077,0.4096956533429079,same_direction
calibration,1,KITTI_odometry,05,5.0,100,1380,623,0.8363636529644387,278.2982076695537,277.96066924999974,0.3375384195539368,same_direction
calibration,1,KITTI_odometry,05,5.0,100,1380,624,0.11533126202378623,278.2982076695537,278.0039067817099,0.2943008878438036,same_direction
calibration,1,KITTI_odometry,05,5.0,100,1380,625,0.9908031540119289,278.2982076695537,278.06030626495533,0.23790140459834674,same_direction
calibration,1,KITTI_odometry,05,5.0,100,1380,626,1.9005667365288539,278.2982076695537,278.04943306342807,0.24877460612560753,same_direction
calibration,1,KITTI_odometry,05,5.0,100,1380,627,2.824209370779713,278.2982076695537,278.08413213439695,0.21407553515672362,same_direction
calibration,1,KITTI_odometry,05,5.0,100,1380,628,3.7489592422430866,278.2982076695537,278.0506156252475,0.2475920443062023,same_direction
calibration,1,KITTI_odometry,05,5.0,100,1380,629,4.678568183750214,278.2982076695537,277.95515207076676,0.3430555987869184,same_direction
calibration,1,KITTI_odometry,05,5.0,100,1381,620,4.490820515228812,278.30023119116987,277.7638737210316,0.5363574701382845,same_direction
calibration,1,KITTI_odometry,05,5.0,100,1381,621,3.5992882852030608,278.30023119116987,277.82957026621534,0.4706609249545295,same_direction
calibration,1,KITTI_odometry,05,5.0,100,1381,622,2.6959155272374677,278.30023119116987,277.88851201621077,0.41171917495910293,same_direction
calibration,1,KITTI_odometry,05,5.0,100,1381,623,1.7892503569931215,278.30023119116987,277.96066924999974,0.33956194117013183,same_direction
calibration,1,KITTI_odometry,05,5.0,100,1381,624,0.883067302078397,278.30023119116987,278.0039067817099,0.2963244094599986,same_direction
calibration,1,KITTI_odometry,05,5.0,100,1381,625,0.09362440921041232,278.30023119116987,278.06030626495533,0.23992492621454176,same_direction
calibration,1,KITTI_odometry,05,5.0,100,1381,626,0.9471632805382526,278.30023119116987,278.04943306342807,0.25079812774180255,same_direction
calibration,1,KITTI_odometry,05,5.0,100,1381,627,1.869678028431632,278.30023119116987,278.08413213439695,0.21609905677291863,same_direction
calibration,1,KITTI_odometry,05,5.0,100,1381,628,2.794151749637078,278.30023119116987,278.0506156252475,0.2496155659223973,same_direction
calibration,1,KITTI_odometry,05,5.0,100,1381,629,3.7236215234633994,278.30023119116987,277.95515207076676,0.3450791204031134,same_direction
calibration,1,KITTI_odometry,05,5.0,100,1381,630,4.65623494467364,278.30023119116987,277.77175719293166,0.5284739982382121,same_direction
calibration,1,KITTI_odometry,05,5.0,100,1382,621,4.556012524126766,278.20502000451285,277.82957026621534,0.3754497382975046,same_direction
calibration,1,KITTI_odometry,05,5.0,100,1382,622,3.6525206980933134,278.20502000451285,277.88851201621077,0.31650798830207805,same_direction
calibration,1,KITTI_odometry,05,5.0,100,1382,623,2.7455804340794674,278.20502000451285,277.96066924999974,0.24435075451310695,same_direction
calibration,1,KITTI_odometry,05,5.0,100,1382,624,1.8379723664952148,278.20502000451285,278.0039067817099,0.20111322280297372,same_direction
calibration,1,KITTI_odometry,05,5.0,100,1382,625,0.9298427662782486,278.20502000451285,278.06030626495533,0.14471373955751687,same_direction
calibration,1,KITTI_odometry,05,5.0,100,1382,626,0.08780569457613649,278.20502000451285,278.04943306342807,0.15558694108477766,same_direction
calibration,1,KITTI_odometry,05,5.0,100,1382,627,0.915297487159233,278.20502000451285,278.08413213439695,0.12088787011589375,same_direction
calibration,1,KITTI_odometry,05,5.0,100,1382,628,1.8382990507531627,278.20502000451285,278.0506156252475,0.15440437926537243,same_direction
calibration,1,KITTI_odometry,05,5.0,100,1382,629,2.7673214576553877,278.20502000451285,277.95515207076676,0.2498679337460885,same_direction
calibration,1,KITTI_odometry,05,5.0,100,1382,630,3.699750599702631,278.20502000451285,277.77175719293166,0.4332628115811872,same_direction
calibration,1,KITTI_odometry,05,5.0,100,1382,631,4.636412760960797,278.20502000451285,277.55172065280556,0.6532993517072896,same_direction
calibration,1,KITTI_odometry,05,5.0,100,1383,622,4.618798148869458,278.1403302146898,277.88851201621077,0.2518181984790431,same_direction
calibration,1,KITTI_odometry,05,5.0,100,1383,623,3.7117229597586996,278.1403302146898,277.96066924999974,0.17966096469007198,same_direction
calibration,1,KITTI_odometry,05,5.0,100,1383,624,2.8036860897753773,278.1403302146898,278.0039067817099,0.13642343297993875,same_direction
calibration,1,KITTI_odometry,05,5.0,100,1383,625,1.8939070990943336,278.1403302146898,278.06030626495533,0.0800239497344819,same_direction
calibration,1,KITTI_odometry,05,5.0,100,1383,626,0.983409482362242,278.1403302146898,278.04943306342807,0.09089715126174269,same_direction
calibration,1,KITTI_odometry,05,5.0,100,1383,627,0.1029556215075189,278.1403302146898,278.08413213439695,0.056198080292858776,same_direction
calibration,1,KITTI_odometry,05,5.0,100,1383,628,0.8741047134068193,278.1403302146898,278.0506156252475,0.08971458944233746,same_direction
calibration,1,KITTI_odometry,05,5.0,100,1383,629,1.8014718981988076,278.1403302146898,277.95515207076676,0.18517814392305354,same_direction
calibration,1,KITTI_odometry,05,5.0,100,1383,630,2.7335140991039477,278.1403302146898,277.77175719293166,0.3685730217581522,same_direction
calibration,1,KITTI_odometry,05,5.0,100,1383,631,3.6700388662792394,278.1403302146898,277.55172065280556,0.5886095618842546,same_direction
calibration,1,KITTI_odometry,05,5.0,100,1383,632,4.62041040276728,278.1403302146898,277.28578381644405,0.8545463982457591,same_direction
calibration,1,KITTI_odometry,05,5.0,100,1384,623,4.682969563215209,278.01828186093934,277.96066924999974,0.05761261093960002,same_direction
calibration,1,KITTI_odometry,05,5.0,100,1384,624,3.774754441019982,278.01828186093934,278.0039067817099,0.014375079229466792,same_direction
calibration,1,KITTI_odometry,05,5.0,100,1384,625,2.8645596694780138,278.01828186093934,278.06030626495533,0.04202440401599006,same_direction
calibration,1,KITTI_odometry,05,5.0,100,1384,626,1.9529461871746565,278.01828186093934,278.04943306342807,0.031151202488729268,same_direction
calibration,1,KITTI_odometry,05,5.0,100,1384,627,1.0304093652524737,278.01828186093934,278.08413213439695,0.06585027345761318,same_direction
calibration,1,KITTI_odometry,05,5.0,100,1384,628,0.1336145575901145,278.01828186093934,278.0506156252475,0.032333764308134505,same_direction
calibration,1,KITTI_odometry,05,5.0,100,1384,629,0.8320780011513156,278.01828186093934,277.95515207076676,0.06312979017258158,same_direction
calibration,1,KITTI_odometry,05,5.0,100,1384,630,1.7625463199587035,278.01828186093934,277.77175719293166,0.24652466800768025,same_direction
calibration,1,KITTI_odometry,05,5.0,100,1384,631,2.6987437225494446,278.01828186093934,277.55172065280556,0.46656120813378266,same_direction
calibration,1,KITTI_odometry,05,5.0,100,1384,632,3.6490248135631966,278.01828186093934,277.28578381644405,0.7324980444952871,same_direction
calibration,1,KITTI_odometry,05,5.0,100,1384,633,4.587823707380206,278.01828186093934,277.0030701177405,1.0152117431988472,same_direction
calibration,1,KITTI_odometry,05,5.0,100,1385,624,4.752882898830988,277.8478813668037,278.0039067817099,0.15602541490619615,same_direction
calibration,1,KITTI_odometry,05,5.0,100,1385,625,3.8425335209988667,277.8478813668037,278.06030626495533,0.212424898151653,same_direction
calibration,1,KITTI_odometry,05,5.0,100,1385,626,2.9306935783189645,277.8478813668037,278.04943306342807,0.2015516966243922,same_direction
calibration,1,KITTI_odometry,05,5.0,100,1385,627,2.0070615585975418,277.8478813668037,278.08413213439695,0.23625076759327612,same_direction
calibration,1,KITTI_odometry,05,5.0,100,1385,628,1.0836934298961198,277.8478813668037,278.0506156252475,0.20273425844379744,same_direction
calibration,1,KITTI_odometry,05,5.0,100,1385,629,0.17152784030588553,277.8478813668037,277.95515207076676,0.10727070396308136,same_direction
calibration,1,KITTI_odometry,05,5.0,100,1385,630,0.7863103522146941,277.8478813668037,277.77175719293166,0.07612417387201731,same_direction
calibration,1,KITTI_odometry,05,5.0,100,1385,631,1.7209495518463178,277.8478813668037,277.55172065280556,0.2961607139981197,same_direction
calibration,1,KITTI_odometry,05,5.0,100,1385,632,2.670950102491616,277.8478813668037,277.28578381644405,0.5620975503596242,same_direction
calibration,1,KITTI_odometry,05,5.0,100,1385,633,3.6096681523375427,277.8478813668037,277.0030701177405,0.8448112490631843,same_direction
calibration,1,KITTI_odometry,05,5.0,100,1385,634,4.559839318440949,277.8478813668037,276.6991593032184,1.1487220635852964,same_direction
calibration,1,KITTI_odometry,05,5.0,100,1386,625,4.824375742000204,277.58750282412313,278.06030626495533,0.4728034408321946,same_direction
calibration,1,KITTI_odometry,05,5.0,100,1386,626,3.912463511650951,277.58750282412313,278.04943306342807,0.4619302393049338,same_direction
calibration,1,KITTI_odometry,05,5.0,100,1386,627,2.988547837997585,277.58750282412313,278.08413213439695,0.49662931027381774,same_direction
calibration,1,KITTI_odometry,05,5.0,100,1386,628,2.0641243688305373,277.58750282412313,278.0506156252475,0.46311280112433906,same_direction
calibration,1,KITTI_odometry,05,5.0,100,1386,629,1.1354559260491095,277.58750282412313,277.95515207076676,0.367649246643623,same_direction
calibration,1,KITTI_odometry,05,5.0,100,1386,630,0.21408682817960578,277.58750282412313,277.77175719293166,0.1842543688085243,same_direction
calibration,1,KITTI_odometry,05,5.0,100,1386,631,0.740926690030803,277.58750282412313,277.55172065280556,0.035782171317578104,same_direction
calibration,1,KITTI_odometry,05,5.0,100,1386,632,1.6894689846220763,277.58750282412313,277.28578381644405,0.30171900767908255,same_direction
calibration,1,KITTI_odometry,05,5.0,100,1386,633,2.6279200996224934,277.58750282412313,277.0030701177405,0.5844327063826427,same_direction
calibration,1,KITTI_odometry,05,5.0,100,1386,634,3.577998609558135,277.58750282412313,276.6991593032184,0.8883435209047548,same_direction
calibration,1,KITTI_odometry,05,5.0,100,1386,635,4.533654278835101,277.58750282412313,276.4027936071985,1.1847092169246594,same_direction
calibration,1,KITTI_odometry,05,5.0,100,1387,626,4.902568757294494,277.2864820140311,278.04943306342807,0.7629510493969747,same_direction
calibration,1,KITTI_odometry,05,5.0,100,1387,627,3.9785307049211056,277.2864820140311,278.08413213439695,0.7976501203658586,same_direction
calibration,1,KITTI_odometry,05,5.0,100,1387,628,3.0538027604938858,277.2864820140311,278.0506156252475,0.7641336112163799,same_direction
calibration,1,KITTI_odometry,05,5.0,100,1387,629,2.1243021560032527,277.2864820140311,277.95515207076676,0.6686700567356638,same_direction
calibration,1,KITTI_odometry,05,5.0,100,1387,630,1.1922924641211246,277.2864820140311,277.77175719293166,0.48527517890056515,same_direction
calibration,1,KITTI_odometry,05,5.0,100,1387,631,0.2626321572085115,277.2864820140311,277.55172065280556,0.26523863877446274,same_direction
calibration,1,KITTI_odometry,05,5.0,100,1387,632,0.7011037155799318,277.2864820140311,277.28578381644405,0.0006981975870417045,same_direction
calibration,1,KITTI_odometry,05,5.0,100,1387,633,1.6381320154370798,277.2864820140311,277.0030701177405,0.2834118962906018,same_direction
calibration,1,KITTI_odometry,05,5.0,100,1387,634,2.5879302077142623,277.2864820140311,276.6991593032184,0.5873227108127139,same_direction
calibration,1,KITTI_odometry,05,5.0,100,1387,635,3.5435008635528633,277.2864820140311,276.4027936071985,0.8836884068326185,same_direction
calibration,1,KITTI_odometry,05,5.0,100,1387,636,4.500591216718076,277.2864820140311,276.14317067810487,1.143311335926228,same_direction
calibration,1,KITTI_odometry,05,5.0,100,1388,627,4.9728985762832565,276.9758662137075,278.08413213439695,1.1082659206894618,same_direction
calibration,1,KITTI_odometry,05,5.0,100,1388,628,4.0480346688238855,276.9758662137075,278.0506156252475,1.0747494115399832,same_direction
calibration,1,KITTI_odometry,05,5.0,100,1388,629,3.118316585916206,276.9758662137075,277.95515207076676,0.9792858570592671,same_direction
calibration,1,KITTI_odometry,05,5.0,100,1388,630,2.1856703731349887,276.9758662137075,277.77175719293166,0.7958909792241684,same_direction
calibration,1,KITTI_odometry,05,5.0,100,1388,631,1.249313943730711,276.9758662137075,277.55172065280556,0.575854439098066,same_direction
calibration,1,KITTI_odometry,05,5.0,100,1388,632,0.30378419972079734,276.9758662137075,277.28578381644405,0.30991760273656155,same_direction
calibration,1,KITTI_odometry,05,5.0,100,1388,633,0.6451191827871628,276.9758662137075,277.0030701177405,0.027203904033001436,same_direction
calibration,1,KITTI_odometry,05,5.0,100,1388,634,1.5935539212715666,276.9758662137075,276.6991593032184,0.27670691048911067,same_direction
calibration,1,KITTI_odometry,05,5.0,100,1388,635,2.548901396680521,276.9758662137075,276.4027936071985,0.5730726065090153,same_direction
calibration,1,KITTI_odometry,05,5.0,100,1388,636,3.5059475980111157,276.9758662137075,276.14317067810487,0.8326955356026247,same_direction
calibration,1,KITTI_odometry,05,5.0,100,1388,637,4.4699623633762275,276.9758662137075,275.94885343860955,1.027012775097944,same_direction
calibration,1,KITTI_odometry,05,5.0,100,1389,629,4.117907526887917,276.6874167871389,277.95515207076676,1.2677352836278715,same_direction
calibration,1,KITTI_odometry,05,5.0,100,1389,630,3.1851356093579564,276.6874167871389,277.77175719293166,1.0843404057927728,same_direction
calibration,1,KITTI_odometry,05,5.0,100,1389,631,2.248371650773062,276.6874167871389,277.55172065280556,0.8643038656666704,same_direction
calibration,1,KITTI_odometry,05,5.0,100,1389,632,1.298312539414157,276.6874167871389,277.28578381644405,0.5983670293051659,same_direction
calibration,1,KITTI_odometry,05,5.0,100,1389,633,0.3626881442782685,276.6874167871389,277.0030701177405,0.31565333060160583,same_direction
calibration,1,KITTI_odometry,05,5.0,100,1389,634,0.5949944285453389,276.6874167871389,276.6991593032184,0.011742516079493726,same_direction
calibration,1,KITTI_odometry,05,5.0,100,1389,635,1.5491192336292068,276.6874167871389,276.4027936071985,0.28462317994041086,same_direction
calibration,1,KITTI_odometry,05,5.0,100,1389,636,2.5060088367761053,276.6874167871389,276.14317067810487,0.5442461090340203,same_direction
calibration,1,KITTI_odometry,05,5.0,100,1389,637,3.4699695935267187,276.6874167871389,275.94885343860955,0.7385633485293397,same_direction
calibration,1,KITTI_odometry,05,5.0,100,1389,638,4.433571715896793,276.6874167871389,275.847207742679,0.8402090444598684,same_direction
calibration,1,KITTI_odometry,05,5.0,100,1390,630,4.201811339172665,276.39702143478047,277.77175719293166,1.3747357581511892,same_direction
calibration,1,KITTI_odometry,05,5.0,100,1390,631,3.264988361388121,276.39702143478047,277.55172065280556,1.1546992180250868,same_direction
calibration,1,KITTI_odometry,05,5.0,100,1390,632,2.3145966063225796,276.39702143478047,277.28578381644405,0.8887623816635823,same_direction
calibration,1,KITTI_odometry,05,5.0,100,1390,633,1.3760314712970827,276.39702143478047,277.0030701177405,0.6060486829600222,same_direction
calibration,1,KITTI_odometry,05,5.0,100,1390,634,0.4276602974324306,276.39702143478047,276.6991593032184,0.30213786843791013,same_direction
calibration,1,KITTI_odometry,05,5.0,100,1390,635,0.5332726132101605,276.39702143478047,276.4027936071985,0.005772172418005539,same_direction
calibration,1,KITTI_odometry,05,5.0,100,1390,636,1.4891418367637101,276.39702143478047,276.14317067810487,0.25385075667560386,same_direction
calibration,1,KITTI_odometry,05,5.0,100,1390,637,2.452940867611784,276.39702143478047,275.94885343860955,0.4481679961709233,same_direction
calibration,1,KITTI_odometry,05,5.0,100,1390,638,3.4164906087972957,276.39702143478047,275.847207742679,0.549813692101452,same_direction
calibration,1,KITTI_odometry,05,5.0,100,1390,639,4.3864080031388,276.39702143478047,275.7929907777963,0.6040306569841505,same_direction
calibration,1,KITTI_odometry,05,5.0,100,1391,631,4.2726516555881116,276.14642965726955,277.55172065280556,1.4052909955360064,same_direction
calibration,1,KITTI_odometry,05,5.0,100,1391,632,3.3222103635983053,276.14642965726955,277.28578381644405,1.139354159174502,same_direction
calibration,1,KITTI_odometry,05,5.0,100,1391,633,2.383405483756386,276.14642965726955,277.0030701177405,0.8566404604709419,same_direction
calibration,1,KITTI_odometry,05,5.0,100,1391,634,1.433326550371538,276.14642965726955,276.6991593032184,0.5527296459488298,same_direction
calibration,1,KITTI_odometry,05,5.0,100,1391,635,0.47863766044890643,276.14642965726955,276.4027936071985,0.2563639499289252,same_direction
calibration,1,KITTI_odometry,05,5.0,100,1391,636,0.48214655448318045,276.14642965726955,276.14317067810487,0.003258979164684206,same_direction
calibration,1,KITTI_odometry,05,5.0,100,1391,637,1.4450115466666835,276.14642965726955,275.94885343860955,0.19757621866000363,same_direction
calibration,1,KITTI_odometry,05,5.0,100,1391,638,2.4084396214146824,276.14642965726955,275.847207742679,0.2992219145905324,same_direction
calibration,1,KITTI_odometry,05,5.0,100,1391,639,3.3783214204690624,276.14642965726955,275.7929907777963,0.3534388794732308,same_direction
calibration,1,KITTI_odometry,05,5.0,100,1391,640,4.352955605103289,276.14642965726955,275.7358830561247,0.4105466011448584,same_direction
calibration,1,KITTI_odometry,05,5.0,100,1392,632,4.344428178713513,275.9135106578079,277.28578381644405,1.372273158636176,same_direction
calibration,1,KITTI_odometry,05,5.0,100,1392,633,3.4055959889570055,275.9135106578079,277.0030701177405,1.089559459932616,same_direction
calibration,1,KITTI_odometry,05,5.0,100,1392,634,2.4553929257860077,275.9135106578079,276.6991593032184,0.7856486454105038,same_direction
calibration,1,KITTI_odometry,05,5.0,100,1392,635,1.4997659984144258,275.9135106578079,276.4027936071985,0.48928294939059924,same_direction
calibration,1,KITTI_odometry,05,5.0,100,1392,636,0.5433715487583081,275.9135106578079,276.14317067810487,0.22966002029698984,same_direction
calibration,1,KITTI_odometry,05,5.0,100,1392,637,0.4233454027150994,275.9135106578079,275.94885343860955,0.035342780801670415,same_direction
calibration,1,KITTI_odometry,05,5.0,100,1392,638,1.385976193879262,275.9135106578079,275.847207742679,0.06630291512885833,same_direction
calibration,1,KITTI_odometry,05,5.0,100,1392,639,2.3557719414238836,275.9135106578079,275.7929907777963,0.12051988001155678,same_direction
calibration,1,KITTI_odometry,05,5.0,100,1392,640,3.330372087319986,275.9135106578079,275.7358830561247,0.17762760168318437,same_direction
calibration,1,KITTI_odometry,05,5.0,100,1392,641,4.309097674687819,275.9135106578079,275.6818207523316,0.2316899054762871,same_direction
calibration,1,KITTI_odometry,05,5.0,100,1393,633,4.424588895027434,275.73772595250347,277.0030701177405,1.2653441652370248,same_direction
calibration,1,KITTI_odometry,05,5.0,100,1393,634,3.474386957435799,275.73772595250347,276.6991593032184,0.9614333507149126,same_direction
calibration,1,KITTI_odometry,05,5.0,100,1393,635,2.5187027017891683,275.73772595250347,276.4027936071985,0.6650676546950081,same_direction
calibration,1,KITTI_odometry,05,5.0,100,1393,636,1.5616963501270085,275.73772595250347,276.14317067810487,0.40544472560139866,same_direction
calibration,1,KITTI_odometry,05,5.0,100,1393,637,0.598148911225286,275.73772595250347,275.94885343860955,0.21112748610607923,same_direction
calibration,1,KITTI_odometry,05,5.0,100,1393,638,0.3677186152481402,275.73772595250347,275.847207742679,0.10948179017555049,same_direction
calibration,1,KITTI_odometry,05,5.0,100,1393,639,1.3367086630975424,275.73772595250347,275.7929907777963,0.05526482529285204,same_direction
calibration,1,KITTI_odometry,05,5.0,100,1393,640,2.311205722128611,275.73772595250347,275.7358830561247,0.0018428963787755492,same_direction
calibration,1,KITTI_odometry,05,5.0,100,1393,641,3.2899004969755463,275.73772595250347,275.6818207523316,0.05590520017187828,same_direction
calibration,1,KITTI_odometry,05,5.0,100,1393,642,4.272808197193047,275.73772595250347,275.63600300602974,0.10172294647372837,same_direction
calibration,1,KITTI_odometry,05,5.0,100,1394,634,4.498588760933817,275.60198379742553,276.6991593032184,1.0971755057928476,same_direction
calibration,1,KITTI_odometry,05,5.0,100,1394,635,3.542908467629404,275.60198379742553,276.4027936071985,0.800809809772943,same_direction
calibration,1,KITTI_odometry,05,5.0,100,1394,636,2.5858281033355777,275.60198379742553,276.14317067810487,0.5411868806793336,same_direction
calibration,1,KITTI_odometry,05,5.0,100,1394,637,1.6218597874045735,275.60198379742553,275.94885343860955,0.3468696411840142,same_direction
calibration,1,KITTI_odometry,05,5.0,100,1394,638,0.6585618042370776,275.60198379742553,275.847207742679,0.24522394525348545,same_direction
calibration,1,KITTI_odometry,05,5.0,100,1394,639,0.31330193105054244,275.60198379742553,275.7929907777963,0.191006980370787,same_direction
calibration,1,KITTI_odometry,05,5.0,100,1394,640,1.2869381414815544,275.60198379742553,275.7358830561247,0.13389925869915942,same_direction
calibration,1,KITTI_odometry,05,5.0,100,1394,641,2.265564408707006,275.60198379742553,275.6818207523316,0.07983695490605669,same_direction
calibration,1,KITTI_odometry,05,5.0,100,1394,642,3.2484615220131547,275.60198379742553,275.63600300602974,0.0340192086042066,same_direction
calibration,1,KITTI_odometry,05,5.0,100,1394,643,4.253133971555559,275.60198379742553,275.59430189242755,0.007681904997980382,same_direction
calibration,1,KITTI_odometry,05,5.0,100,1395,635,4.578185672294232,275.51840558654686,276.4027936071985,0.8843880206516133,same_direction
calibration,1,KITTI_odometry,05,5.0,100,1395,636,3.621090664426965,275.51840558654686,276.14317067810487,0.6247650915580039,same_direction
calibration,1,KITTI_odometry,05,5.0,100,1395,637,2.657073075773421,275.51840558654686,275.94885343860955,0.43044785206268443,same_direction
calibration,1,KITTI_odometry,05,5.0,100,1395,638,1.6935006613520989,275.51840558654686,275.847207742679,0.3288021561321557,same_direction
calibration,1,KITTI_odometry,05,5.0,100,1395,639,0.7238347877796458,275.51840558654686,275.7929907777963,0.27458519124945724,same_direction
calibration,1,KITTI_odometry,05,5.0,100,1395,640,0.2524012678256534,275.51840558654686,275.7358830561247,0.21747746957782965,same_direction
calibration,1,KITTI_odometry,05,5.0,100,1395,641,1.2302575543356575,275.51840558654686,275.6818207523316,0.16341516578472692,same_direction
calibration,1,KITTI_odometry,05,5.0,100,1395,642,2.2131193280074175,275.51840558654686,275.63600300602974,0.11759741948287683,same_direction
calibration,1,KITTI_odometry,05,5.0,100,1395,643,3.2177862700931446,275.51840558654686,275.59430189242755,0.07589630588068985,same_direction
calibration,1,KITTI_odometry,05,5.0,100,1395,644,4.186843720513095,275.51840558654686,275.54381736476057,0.025411778213708658,same_direction
calibration,1,KITTI_odometry,05,5.0,100,1396,636,4.663989644070844,275.43698984245054,276.14317067810487,0.7061808356543224,same_direction
calibration,1,KITTI_odometry,05,5.0,100,1396,637,3.6999623308893264,275.43698984245054,275.94885343860955,0.511863596159003,same_direction
calibration,1,KITTI_odometry,05,5.0,100,1396,638,2.736355687771593,275.43698984245054,275.847207742679,0.41021790022847426,same_direction
calibration,1,KITTI_odometry,05,5.0,100,1396,639,1.7664851089097762,275.43698984245054,275.7929907777963,0.3560009353457758,same_direction
calibration,1,KITTI_odometry,05,5.0,100,1396,640,0.7919369924432065,275.43698984245054,275.7358830561247,0.29889321367414823,same_direction
calibration,1,KITTI_odometry,05,5.0,100,1396,641,0.18810095693535647,275.43698984245054,275.6818207523316,0.2448309098810455,same_direction
calibration,1,KITTI_odometry,05,5.0,100,1396,642,1.1702461279577139,275.43698984245054,275.63600300602974,0.1990131635791954,same_direction
calibration,1,KITTI_odometry,05,5.0,100,1396,643,2.1748801622158416,275.43698984245054,275.59430189242755,0.15731204997700843,same_direction
calibration,1,KITTI_odometry,05,5.0,100,1396,644,3.143930778500062,275.43698984245054,275.54381736476057,0.10682752231002723,same_direction
calibration,1,KITTI_odometry,05,5.0,100,1396,645,4.124839508393026,275.43698984245054,275.51681275654647,0.0798229140959279,same_direction
calibration,1,KITTI_odometry,05,5.0,100,1397,637,4.749286651698335,275.40442914445816,275.94885343860955,0.5444242941513835,same_direction
calibration,1,KITTI_odometry,05,5.0,100,1397,638,3.7856689184343546,275.40442914445816,275.847207742679,0.44277859822085475,same_direction
calibration,1,KITTI_odometry,05,5.0,100,1397,639,2.815759196025111,275.40442914445816,275.7929907777963,0.3885616333381563,same_direction
calibration,1,KITTI_odometry,05,5.0,100,1397,640,1.8410887458240528,275.40442914445816,275.7358830561247,0.3314539116665287,same_direction
calibration,1,KITTI_odometry,05,5.0,100,1397,641,0.8623527932348917,275.40442914445816,275.6818207523316,0.277391607873426,same_direction
calibration,1,KITTI_odometry,05,5.0,100,1397,642,0.12189852337088312,275.40442914445816,275.63600300602974,0.2315738615715759,same_direction
calibration,1,KITTI_odometry,05,5.0,100,1397,643,1.1255958466518965,275.40442914445816,275.59430189242755,0.1898727479693889,same_direction
calibration,1,KITTI_odometry,05,5.0,100,1397,644,2.094613990691363,275.40442914445816,275.54381736476057,0.13938822030240772,same_direction
calibration,1,KITTI_odometry,05,5.0,100,1397,645,3.0755164899574194,275.40442914445816,275.51681275654647,0.11238361208830838,same_direction
calibration,1,KITTI_odometry,05,5.0,100,1397,646,4.056545826192524,275.40442914445816,275.49458149308066,0.09015234862249599,same_direction
calibration,1,KITTI_odometry,05,5.0,100,1398,638,4.842230007961189,275.38862229125573,275.847207742679,0.4585854514232892,same_direction
calibration,1,KITTI_odometry,05,5.0,100,1398,639,3.872304598039763,275.38862229125573,275.7929907777963,0.40436848654059077,same_direction
calibration,1,KITTI_odometry,05,5.0,100,1398,640,2.897612731197859,275.38862229125573,275.7358830561247,0.3472607648689632,same_direction
calibration,1,KITTI_odometry,05,5.0,100,1398,641,1.918820119239947,275.38862229125573,275.6818207523316,0.29319846107586045,same_direction
calibration,1,KITTI_odometry,05,5.0,100,1398,642,0.9359297516373571,275.38862229125573,275.63600300602974,0.24738071477401036,same_direction
calibration,1,KITTI_odometry,05,5.0,100,1398,643,0.07074079445413059,275.38862229125573,275.59430189242755,0.20567960117182338,same_direction
calibration,1,KITTI_odometry,05,5.0,100,1398,644,1.0381026153516908,275.38862229125573,275.54381736476057,0.15519507350484218,same_direction
calibration,1,KITTI_odometry,05,5.0,100,1398,645,2.01896880857532,275.38862229125573,275.51681275654647,0.12819046529074285,same_direction
calibration,1,KITTI_odometry,05,5.0,100,1398,646,2.999991328320809,275.38862229125573,275.49458149308066,0.10595920182493046,same_direction
calibration,1,KITTI_odometry,05,5.0,100,1398,647,3.978110958734065,275.38862229125573,275.47623351471464,0.08761122345890726,same_direction
calibration,1,KITTI_odometry,05,5.0,100,1398,648,4.954715937367157,275.38862229125573,275.43499912464836,0.046376833392628214,same_direction
calibration,1,KITTI_odometry,05,5.0,100,1399,639,4.928737620324289,275.37465066792754,275.7929907777963,0.41834010986877956,same_direction
calibration,1,KITTI_odometry,05,5.0,100,1399,640,3.9540391563564397,275.37465066792754,275.7358830561247,0.361232388197152,same_direction
calibration,1,KITTI_odometry,05,5.0,100,1399,641,2.975240897809798,275.37465066792754,275.6818207523316,0.30717008440404925,same_direction
calibration,1,KITTI_odometry,05,5.0,100,1399,642,1.9923057922919256,275.37465066792754,275.63600300602974,0.26135233810219916,same_direction
calibration,1,KITTI_odometry,05,5.0,100,1399,643,0.9876695651886794,275.37465066792754,275.59430189242755,0.21965122450001218,same_direction
calibration,1,KITTI_odometry,05,5.0,100,1399,644,0.023971024175044566,275.37465066792754,275.54381736476057,0.16916669683303098,same_direction
calibration,1,KITTI_odometry,05,5.0,100,1399,645,0.9625741010436588,275.37465066792754,275.51681275654647,0.14216208861893165,same_direction
calibration,1,KITTI_odometry,05,5.0,100,1399,646,1.943557382739188,275.37465066792754,275.49458149308066,0.11993082515311926,same_direction
calibration,1,KITTI_odometry,05,5.0,100,1399,647,2.9216652871265048,275.37465066792754,275.47623351471464,0.10158284678709606,same_direction
calibration,1,KITTI_odometry,05,5.0,100,1399,648,3.898263306909889,275.37465066792754,275.43499912464836,0.06034845672081701,same_direction
calibration,1,KITTI_odometry,05,5.0,100,1399,649,4.8730574878611845,275.37465066792754,275.41592213155747,0.04127146362992562,same_direction
calibration,1,KITTI_odometry,05,5.0,100,1400,641,4.042349222914817,275.350976612144,275.6818207523316,0.3308441401875939,same_direction
calibration,1,KITTI_odometry,05,5.0,100,1400,642,3.05940872882325,275.350976612144,275.63600300602974,0.2850263938857438,same_direction
calibration,1,KITTI_odometry,05,5.0,100,1400,643,2.0547325689733844,275.350976612144,275.59430189242755,0.24332528028355682,same_direction
calibration,1,KITTI_odometry,05,5.0,100,1400,644,1.0857069816483556,275.350976612144,275.54381736476057,0.19284075261657563,same_direction
calibration,1,KITTI_odometry,05,5.0,100,1400,645,0.10577646241011106,275.350976612144,275.51681275654647,0.1658361444024763,same_direction
calibration,1,KITTI_odometry,05,5.0,100,1400,646,0.8765026525915429,275.350976612144,275.49458149308066,0.1436048809366639,same_direction
calibration,1,KITTI_odometry,05,5.0,100,1400,647,1.8545549897482203,275.350976612144,275.47623351471464,0.1252569025706407,same_direction
calibration,1,KITTI_odometry,05,5.0,100,1400,648,2.831136755792636,275.350976612144,275.43499912464836,0.08402251250436166,same_direction
calibration,1,KITTI_odometry,05,5.0,100,1400,649,3.805927235247675,275.350976612144,275.41592213155747,0.06494551941347027,same_direction
calibration,1,KITTI_odometry,05,5.0,100,1400,650,4.7786782649598925,275.350976612144,275.37735679214734,0.026380180003343412,same_direction
calibration,1,KITTI_odometry,05,5.0,100,1401,642,4.1237499354349625,275.3238809681689,275.63600300602974,0.31212203786083137,same_direction
calibration,1,KITTI_odometry,05,5.0,100,1401,643,3.1190674583920024,275.3238809681689,275.59430189242755,0.2704209242586444,same_direction
calibration,1,KITTI_odometry,05,5.0,100,1401,644,2.1500108022984366,275.3238809681689,275.54381736476057,0.2199363965916632,same_direction
calibration,1,KITTI_odometry,05,5.0,100,1401,645,1.169129590763991,275.3238809681689,275.51681275654647,0.19293178837756386,same_direction
calibration,1,KITTI_odometry,05,5.0,100,1401,646,0.1885656384392387,275.3238809681689,275.49458149308066,0.17070052491175147,same_direction
calibration,1,KITTI_odometry,05,5.0,100,1401,647,0.7902442976700368,275.3238809681689,275.47623351471464,0.15235254654572827,same_direction
calibration,1,KITTI_odometry,05,5.0,100,1401,648,1.7667722801764896,275.3238809681689,275.43499912464836,0.11111815647944923,same_direction
calibration,1,KITTI_odometry,05,5.0,100,1401,649,2.7415555183143767,275.3238809681689,275.41592213155747,0.09204116338855783,same_direction
calibration,1,KITTI_odometry,05,5.0,100,1401,650,3.7143031136405753,275.3238809681689,275.37735679214734,0.05347582397843098,same_direction
calibration,1,KITTI_odometry,05,5.0,100,1401,651,4.689127520125685,275.3238809681689,275.34838004129136,0.02449907312245614,same_direction
calibration,1,KITTI_odometry,05,5.0,100,1402,643,4.186358977679768,275.3001373268195,275.59430189242755,0.2941645656080709,same_direction
calibration,1,KITTI_odometry,05,5.0,100,1402,644,3.2172987007736777,275.3001373268195,275.54381736476057,0.24368003794108972,same_direction
calibration,1,KITTI_odometry,05,5.0,100,1402,645,2.236394956173884,275.3001373268195,275.51681275654647,0.2166754297269904,same_direction
calibration,1,KITTI_odometry,05,5.0,100,1402,646,1.255398661780393,275.3001373268195,275.49458149308066,0.194444166261178,same_direction
calibration,1,KITTI_odometry,05,5.0,100,1402,647,0.2775414383475024,275.3001373268195,275.47623351471464,0.1760961878951548,same_direction
calibration,1,KITTI_odometry,05,5.0,100,1402,648,0.6995253033307675,275.3001373268195,275.43499912464836,0.13486179782887575,same_direction
calibration,1,KITTI_odometry,05,5.0,100,1402,649,1.6742629482850002,275.3001373268195,275.41592213155747,0.11578480473798436,same_direction
calibration,1,KITTI_odometry,05,5.0,100,1402,650,2.6469999811106937,275.3001373268195,275.37735679214734,0.0772194653278575,same_direction
calibration,1,KITTI_odometry,05,5.0,100,1402,651,3.6218218757967637,275.3001373268195,275.34838004129136,0.048242714471882664,same_direction
calibration,1,KITTI_odometry,05,5.0,100,1402,652,4.596709324070852,275.3001373268195,275.3273889063701,0.027251579550636507,same_direction
calibration,1,KITTI_odometry,05,5.0,100,1403,644,4.286028148530994,275.2761858326724,275.54381736476057,0.26763153208815993,same_direction
calibration,1,KITTI_odometry,05,5.0,100,1403,645,3.3051196680301915,275.2761858326724,275.51681275654647,0.2406269238740606,same_direction
calibration,1,KITTI_odometry,05,5.0,100,1403,646,2.3240997095649787,275.2761858326724,275.49458149308066,0.2183956604082482,same_direction
calibration,1,KITTI_odometry,05,5.0,100,1403,647,1.3459997659732383,275.2761858326724,275.47623351471464,0.200047682042225,same_direction
calibration,1,KITTI_odometry,05,5.0,100,1403,648,0.36950514204811985,275.2761858326724,275.43499912464836,0.15881329197594596,same_direction
calibration,1,KITTI_odometry,05,5.0,100,1403,649,0.6055894979274241,275.2761858326724,275.41592213155747,0.13973629888505457,same_direction
calibration,1,KITTI_odometry,05,5.0,100,1403,650,1.578269685446691,275.2761858326724,275.37735679214734,0.10117095947492771,same_direction
calibration,1,KITTI_odometry,05,5.0,100,1403,651,2.553084315098108,275.2761858326724,275.34838004129136,0.07219420861895287,same_direction
calibration,1,KITTI_odometry,05,5.0,100,1403,652,3.527971565928488,275.2761858326724,275.3273889063701,0.051203073697706714,same_direction
calibration,1,KITTI_odometry,05,5.0,100,1403,653,4.503946813629127,275.2761858326724,275.3051648007704,0.028978968097987945,same_direction
calibration,1,KITTI_odometry,05,5.0,100,1404,645,4.372885597634587,275.2901335868438,275.51681275654647,0.22667916970266333,same_direction
calibration,1,KITTI_odometry,05,5.0,100,1404,646,3.3918592910084024,275.2901335868438,275.49458149308066,0.20444790623685094,same_direction
calibration,1,KITTI_odometry,05,5.0,100,1404,647,2.4137418668946395,275.2901335868438,275.47623351471464,0.18609992787082774,same_direction
calibration,1,KITTI_odometry,05,5.0,100,1404,648,1.4371399723061087,275.2901335868438,275.43499912464836,0.1448655378045487,same_direction
calibration,1,KITTI_odometry,05,5.0,100,1404,649,0.4624320166251546,275.2901335868438,275.41592213155747,0.1257885447136573,same_direction
calibration,1,KITTI_odometry,05,5.0,100,1404,650,0.5105534741826752,275.2901335868438,275.37735679214734,0.08722320530353045,same_direction
calibration,1,KITTI_odometry,05,5.0,100,1404,651,1.4853185685232606,275.2901335868438,275.34838004129136,0.05824645444755561,same_direction
calibration,1,KITTI_odometry,05,5.0,100,1404,652,2.460202158360149,275.2901335868438,275.3273889063701,0.03725531952630945,same_direction
calibration,1,KITTI_odometry,05,5.0,100,1404,653,3.4361736350190415,275.2901335868438,275.3051648007704,0.01503121392659068,same_direction
calibration,1,KITTI_odometry,05,5.0,100,1404,654,4.411126755149978,275.2901335868438,275.27430467617535,0.015828910668460594,same_direction
calibration,1,KITTI_odometry,05,5.0,100,1405,646,4.459809112506939,275.2962834442625,275.49458149308066,0.1982980488181738,same_direction
calibration,1,KITTI_odometry,05,5.0,100,1405,647,3.4816880575376006,275.2962834442625,275.47623351471464,0.1799500704521506,same_direction
calibration,1,KITTI_odometry,05,5.0,100,1405,648,2.505079713302542,275.2962834442625,275.43499912464836,0.13871568038587156,same_direction
calibration,1,KITTI_odometry,05,5.0,100,1405,649,1.53029966346464,275.2962834442625,275.41592213155747,0.11963868729498017,same_direction
calibration,1,KITTI_odometry,05,5.0,100,1405,650,0.5575983680033396,275.2962834442625,275.37735679214734,0.08107334788485332,same_direction
calibration,1,KITTI_odometry,05,5.0,100,1405,651,0.41746734003991937,275.2962834442625,275.34838004129136,0.05209659702887848,same_direction
calibration,1,KITTI_odometry,05,5.0,100,1405,652,1.3922792428245119,275.2962834442625,275.3273889063701,0.03110546210763232,same_direction
calibration,1,KITTI_odometry,05,5.0,100,1405,653,2.368234017152873,275.2962834442625,275.3051648007704,0.008881356507913551,same_direction
calibration,1,KITTI_odometry,05,5.0,100,1405,654,3.343181454842087,275.2962834442625,275.27430467617535,0.021978768087137723,same_direction
calibration,1,KITTI_odometry,05,5.0,100,1405,655,4.317203058694378,275.2962834442625,275.2975025012731,0.0012190570105872212,same_direction
calibration,1,KITTI_odometry,05,5.0,100,1406,647,4.552726186583155,275.33483170160787,275.47623351471464,0.1414018131067678,same_direction
calibration,1,KITTI_odometry,05,5.0,100,1406,648,3.5761167836076004,275.33483170160787,275.43499912464836,0.10016742304048876,same_direction
calibration,1,KITTI_odometry,05,5.0,100,1406,649,2.6013287758374597,275.33483170160787,275.41592213155747,0.08109042994959736,same_direction
calibration,1,KITTI_odometry,05,5.0,100,1406,650,1.6285839861671196,275.33483170160787,275.37735679214734,0.04252509053947051,same_direction
calibration,1,KITTI_odometry,05,5.0,100,1406,651,0.6538298555434732,275.33483170160787,275.34838004129136,0.01354833968349567,same_direction
calibration,1,KITTI_odometry,05,5.0,100,1406,652,0.3215391889023725,275.33483170160787,275.3273889063701,0.007442795237750488,same_direction
calibration,1,KITTI_odometry,05,5.0,100,1406,653,1.2972495904797978,275.33483170160787,275.3051648007704,0.029666900837469257,same_direction
calibration,1,KITTI_odometry,05,5.0,100,1406,654,2.2721696283508432,275.33483170160787,275.27430467617535,0.06052702543252053,same_direction
calibration,1,KITTI_odometry,05,5.0,100,1406,655,3.246182214540649,275.33483170160787,275.2975025012731,0.03732920033479559,same_direction
calibration,1,KITTI_odometry,05,5.0,100,1406,656,4.222316905444214,275.33483170160787,275.29542384134504,0.039407860262826944,same_direction
calibration,1,KITTI_odometry,05,5.0,100,1407,648,4.6443571998716875,275.368448529415,275.43499912464836,0.06655059523336604,same_direction
calibration,1,KITTI_odometry,05,5.0,100,1407,649,3.6695683465497733,275.368448529415,275.41592213155747,0.04747360214247465,same_direction
calibration,1,KITTI_odometry,05,5.0,100,1407,650,2.6968198104434022,275.368448529415,275.37735679214734,0.008908262732347794,same_direction
calibration,1,KITTI_odometry,05,5.0,100,1407,651,1.7220231734793827,275.368448529415,275.34838004129136,0.02006848812362705,same_direction
calibration,1,KITTI_odometry,05,5.0,100,1407,652,0.747313321171257,275.368448529415,275.3273889063701,0.041059623044873206,same_direction
calibration,1,KITTI_odometry,05,5.0,100,1407,653,0.2298001958223682,275.368448529415,275.3051648007704,0.06328372864459197,same_direction
calibration,1,KITTI_odometry,05,5.0,100,1407,654,1.2040572453168492,275.368448529415,275.27430467617535,0.09414385323964325,same_direction
calibration,1,KITTI_odometry,05,5.0,100,1407,655,2.1780122543273284,275.368448529415,275.2975025012731,0.0709460281419183,same_direction
calibration,1,KITTI_odometry,05,5.0,100,1407,656,3.154123275967505,275.368448529415,275.29542384134504,0.07302468806994966,same_direction
calibration,1,KITTI_odometry,05,5.0,100,1407,657,4.127665606611068,275.368448529415,275.33115452634644,0.037294003068552684,same_direction
calibration,1,KITTI_odometry,05,5.0,100,1408,649,4.738768907638362,275.3933557903272,275.41592213155747,0.02256634123028789,same_direction
calibration,1,KITTI_odometry,05,5.0,100,1408,650,3.76602031327501,275.3933557903272,275.37735679214734,0.015998998179838964,same_direction
calibration,1,KITTI_odometry,05,5.0,100,1408,651,2.7912180925180365,275.3933557903272,275.34838004129136,0.044975749035813806,same_direction
calibration,1,KITTI_odometry,05,5.0,100,1408,652,1.8164208020169905,275.3933557903272,275.3273889063701,0.06596688395705996,same_direction
calibration,1,KITTI_odometry,05,5.0,100,1408,653,0.8406669376156093,275.3933557903272,275.3051648007704,0.08819098955677873,same_direction
calibration,1,KITTI_odometry,05,5.0,100,1408,654,0.137332661810656,275.3933557903272,275.27430467617535,0.11905111415183,same_direction
calibration,1,KITTI_odometry,05,5.0,100,1408,655,1.1090682080016534,275.3933557903272,275.2975025012731,0.09585328905410506,same_direction
calibration,1,KITTI_odometry,05,5.0,100,1408,656,2.085047781227082,275.3933557903272,275.29542384134504,0.09793194898213642,same_direction
calibration,1,KITTI_odometry,05,5.0,100,1408,657,3.0585428311534106,275.3933557903272,275.33115452634644,0.06220126398073944,same_direction
calibration,1,KITTI_odometry,05,5.0,100,1408,658,4.032206046322532,275.3933557903272,275.34339107667176,0.04996471365541311,same_direction
calibration,1,KITTI_odometry,05,5.0,100,1409,650,4.836017498934427,275.4303295624445,275.37735679214734,0.052972770297174065,same_direction
calibration,1,KITTI_odometry,05,5.0,100,1409,651,3.8612126968091287,275.4303295624445,275.34838004129136,0.08194952115314891,same_direction
calibration,1,KITTI_odometry,05,5.0,100,1409,652,2.8863935767667006,275.4303295624445,275.3273889063701,0.10294065607439506,same_direction
calibration,1,KITTI_odometry,05,5.0,100,1409,653,1.910511410591418,275.4303295624445,275.3051648007704,0.12516476167411383,same_direction
calibration,1,KITTI_odometry,05,5.0,100,1409,654,0.9358592896370717,275.4303295624445,275.27430467617535,0.1560248862691651,same_direction
calibration,1,KITTI_odometry,05,5.0,100,1409,655,0.05138423882864165,275.4303295624445,275.2975025012731,0.13282706117144016,same_direction
calibration,1,KITTI_odometry,05,5.0,100,1409,656,1.0154368518031989,275.4303295624445,275.29542384134504,0.13490572109947152,same_direction
calibration,1,KITTI_odometry,05,5.0,100,1409,657,1.9887057600358964,275.4303295624445,275.33115452634644,0.09917503609807454,same_direction
calibration,1,KITTI_odometry,05,5.0,100,1409,658,2.962302997669211,275.4303295624445,275.34339107667176,0.08693848577274821,same_direction
calibration,1,KITTI_odometry,05,5.0,100,1409,659,3.938233986192284,275.4303295624445,275.3422514742542,0.08807808819028651,same_direction
calibration,1,KITTI_odometry,05,5.0,100,1409,660,4.912082997059392,275.4303295624445,275.33730119471437,0.09302836773014178,same_direction
calibration,1,KITTI_odometry,05,5.0,100,1410,651,4.929683788033473,275.43417779483593,275.34838004129136,0.08579775354456842,same_direction
calibration,1,KITTI_odometry,05,5.0,100,1410,652,3.954859759839798,275.43417779483593,275.3273889063701,0.10678888846581458,same_direction
calibration,1,KITTI_odometry,05,5.0,100,1410,653,2.9789523074396524,275.43417779483593,275.3051648007704,0.12901299406553335,same_direction
calibration,1,KITTI_odometry,05,5.0,100,1410,654,2.0041402770265404,275.43417779483593,275.27430467617535,0.15987311866058462,same_direction
calibration,1,KITTI_odometry,05,5.0,100,1410,655,1.0305451469974531,275.43417779483593,275.2975025012731,0.13667529356285968,same_direction
calibration,1,KITTI_odometry,05,5.0,100,1410,656,0.06765855452196536,275.43417779483593,275.29542384134504,0.13875395349089104,same_direction
calibration,1,KITTI_odometry,05,5.0,100,1410,657,0.9208604888906765,275.43417779483593,275.33115452634644,0.10302326848949406,same_direction
calibration,1,KITTI_odometry,05,5.0,100,1410,658,1.8940822711804228,275.43417779483593,275.34339107667176,0.09078671816416772,same_direction
calibration,1,KITTI_odometry,05,5.0,100,1410,659,2.869907735450735,275.43417779483593,275.3422514742542,0.09192632058170602,same_direction
calibration,1,KITTI_odometry,05,5.0,100,1410,660,3.8437159585484424,275.43417779483593,275.33730119471437,0.0968766001215613,same_direction
calibration,1,KITTI_odometry,05,5.0,100,1410,661,4.819522138137756,275.43417779483593,275.35369186059563,0.0804859342403006,same_direction
calibration,1,KITTI_odometry,05,5.0,100,1411,653,4.046109495552485,275.4623062337211,275.3051648007704,0.15714143295070926,same_direction
calibration,1,KITTI_odometry,05,5.0,100,1411,654,3.0712461005266225,275.4623062337211,275.27430467617535,0.18800155754576053,same_direction
calibration,1,KITTI_odometry,05,5.0,100,1411,655,2.0974074091601693,275.4623062337211,275.2975025012731,0.1648037324480356,same_direction
calibration,1,KITTI_odometry,05,5.0,100,1411,656,1.121716764606823,275.4623062337211,275.29542384134504,0.16688239237606695,same_direction
calibration,1,KITTI_odometry,05,5.0,100,1411,657,0.15399902597095694,275.4623062337211,275.33115452634644,0.13115170737466997,same_direction
calibration,1,KITTI_odometry,05,5.0,100,1411,658,0.8276771411607352,275.4623062337211,275.34339107667176,0.11891515704934363,same_direction
calibration,1,KITTI_odometry,05,5.0,100,1411,659,1.8029840626028855,275.4623062337211,275.3422514742542,0.12005475946688193,same_direction
calibration,1,KITTI_odometry,05,5.0,100,1411,660,2.776677361524025,275.4623062337211,275.33730119471437,0.1250050390067372,same_direction
calibration,1,KITTI_odometry,05,5.0,100,1411,661,3.752437866241093,275.4623062337211,275.35369186059563,0.1086143731254765,same_direction
calibration,1,KITTI_odometry,05,5.0,100,1411,662,4.725384312413113,275.4623062337211,275.35596513083044,0.10634110289066712,same_direction
calibration,1,KITTI_odometry,05,5.0,100,1412,654,4.140649364532082,275.4871766817427,275.27430467617535,0.21287200556736252,same_direction
calibration,1,KITTI_odometry,05,5.0,100,1412,655,3.1667454034070888,275.4871766817427,275.2975025012731,0.18967418046963758,same_direction
calibration,1,KITTI_odometry,05,5.0,100,1412,656,2.19079583028633,275.4871766817427,275.29542384134504,0.19175284039766893,same_direction
calibration,1,KITTI_odometry,05,5.0,100,1412,657,1.2176729651265168,275.4871766817427,275.33115452634644,0.15602215539627196,same_direction
calibration,1,KITTI_odometry,05,5.0,100,1412,658,0.24787775212792998,275.4871766817427,275.34339107667176,0.14378560507094562,same_direction
calibration,1,KITTI_odometry,05,5.0,100,1412,659,0.7345921317302625,275.4871766817427,275.3422514742542,0.14492520748848392,same_direction
calibration,1,KITTI_odometry,05,5.0,100,1412,660,1.7075791343302462,275.4871766817427,275.33730119471437,0.1498754870283392,same_direction
calibration,1,KITTI_odometry,05,5.0,100,1412,661,2.6831872782196986,275.4871766817427,275.35369186059563,0.1334848211470785,same_direction
calibration,1,KITTI_odometry,05,5.0,100,1412,662,3.656079825441453,275.4871766817427,275.35596513083044,0.1312115509122691,same_direction
calibration,1,KITTI_odometry,05,5.0,100,1412,663,4.629515833216263,275.4871766817427,275.359565285863,0.12761139587968273,same_direction
calibration,1,KITTI_odometry,05,5.0,100,1413,655,4.233974346875515,275.49516438836474,275.2975025012731,0.19766188709166954,same_direction
calibration,1,KITTI_odometry,05,5.0,100,1413,656,3.257952788178488,275.49516438836474,275.29542384134504,0.1997405470197009,same_direction
calibration,1,KITTI_odometry,05,5.0,100,1413,657,2.2845759103168413,275.49516438836474,275.33115452634644,0.16400986201830392,same_direction
calibration,1,KITTI_odometry,05,5.0,100,1413,658,1.3113356397200469,275.49516438836474,275.34339107667176,0.15177331169297759,same_direction
calibration,1,KITTI_odometry,05,5.0,100,1413,659,0.33836149308099106,275.49516438836474,275.3422514742542,0.15291291411051589,same_direction
calibration,1,KITTI_odometry,05,5.0,100,1413,660,0.6418112495118831,275.49516438836474,275.33730119471437,0.15786319365037116,same_direction
calibration,1,KITTI_odometry,05,5.0,100,1413,661,1.6163631553583508,275.49516438836474,275.35369186059563,0.14147252776911046,same_direction
calibration,1,KITTI_odometry,05,5.0,100,1413,662,2.589059607270558,275.49516438836474,275.35596513083044,0.13919925753430107,same_direction
calibration,1,KITTI_odometry,05,5.0,100,1413,663,3.5624113139838323,275.49516438836474,275.359565285863,0.1355991025017147,same_direction
calibration,1,KITTI_odometry,05,5.0,100,1413,664,4.53999982488987,275.49516438836474,275.3501672360934,0.14499715227134402,same_direction
calibration,1,KITTI_odometry,05,5.0,100,1414,656,4.327723438483555,275.49599111400886,275.29542384134504,0.20056727266381813,same_direction
calibration,1,KITTI_odometry,05,5.0,100,1414,657,3.3542687608478827,275.49599111400886,275.33115452634644,0.16483658766242115,same_direction
calibration,1,KITTI_odometry,05,5.0,100,1414,658,2.3807644255574596,275.49599111400886,275.34339107667176,0.15260003733709482,same_direction
calibration,1,KITTI_odometry,05,5.0,100,1414,659,1.405214947970585,275.49599111400886,275.3422514742542,0.15373963975463312,same_direction
calibration,1,KITTI_odometry,05,5.0,100,1414,660,0.4339371037373836,275.49599111400886,275.33730119471437,0.1586899192944884,same_direction
calibration,1,KITTI_odometry,05,5.0,100,1414,661,0.5486771363926222,275.49599111400886,275.35369186059563,0.1422992534132277,same_direction
calibration,1,KITTI_odometry,05,5.0,100,1414,662,1.519812369998351,275.49599111400886,275.35596513083044,0.1400259831784183,same_direction
calibration,1,KITTI_odometry,05,5.0,100,1414,663,2.492875817203906,275.49599111400886,275.359565285863,0.13642582814583193,same_direction
calibration,1,KITTI_odometry,05,5.0,100,1414,664,3.470360240666678,275.49599111400886,275.3501672360934,0.14582387791546125,same_direction
calibration,1,KITTI_odometry,05,5.0,100,1414,665,4.443293720878704,275.49599111400886,275.35940148514555,0.13658962886330528,same_direction
calibration,1,KITTI_odometry,05,5.0,100,1415,657,4.420260401831556,275.4876014728866,275.33115452634644,0.15644694654014302,same_direction
calibration,1,KITTI_odometry,05,5.0,100,1415,658,3.446677044632987,275.4876014728866,275.34339107667176,0.14421039621481668,same_direction
calibration,1,KITTI_odometry,05,5.0,100,1415,659,2.470879489169798,275.4876014728866,275.3422514742542,0.14534999863235498,same_direction
calibration,1,KITTI_odometry,05,5.0,100,1415,660,1.4975021235377242,275.4876014728866,275.33730119471437,0.15030027817221026,same_direction
calibration,1,KITTI_odometry,05,5.0,100,1415,661,0.5240855846138116,275.4876014728866,275.35369186059563,0.13390961229094955,same_direction
calibration,1,KITTI_odometry,05,5.0,100,1415,662,0.4571463004334511,275.4876014728866,275.35596513083044,0.13163634205614017,same_direction
calibration,1,KITTI_odometry,05,5.0,100,1415,663,1.4275825510281344,275.4876014728866,275.359565285863,0.1280361870235538,same_direction
calibration,1,KITTI_odometry,05,5.0,100,1415,664,2.404681704508938,275.4876014728866,275.3501672360934,0.13743423679318312,same_direction
calibration,1,KITTI_odometry,05,5.0,100,1415,665,3.377463765904828,275.4876014728866,275.35940148514555,0.12819998774102714,same_direction
calibration,1,KITTI_odometry,05,5.0,100,1415,666,4.353077459682977,275.4876014728866,275.33055850324547,0.15704296964111109,same_direction
calibration,1,KITTI_odometry,05,5.0,100,1416,658,4.513829221403924,275.459415786676,275.34339107667176,0.11602471000423975,same_direction
calibration,1,KITTI_odometry,05,5.0,100,1416,659,3.5379473738313276,275.459415786676,275.3422514742542,0.11716431242177805,same_direction
calibration,1,KITTI_odometry,05,5.0,100,1416,660,2.5642965897103203,275.459415786676,275.33730119471437,0.12211459196163332,same_direction
calibration,1,KITTI_odometry,05,5.0,100,1416,661,1.5889793862728356,275.459415786676,275.35369186059563,0.10572392608037262,same_direction
calibration,1,KITTI_odometry,05,5.0,100,1416,662,0.6183738755801426,275.459415786676,275.35596513083044,0.10345065584556323,same_direction
calibration,1,KITTI_odometry,05,5.0,100,1416,663,0.36535802988301946,275.459415786676,275.359565285863,0.09985050081297686,same_direction
calibration,1,KITTI_odometry,05,5.0,100,1416,664,1.3383538732338376,275.459415786676,275.3501672360934,0.10924855058260619,same_direction
calibration,1,KITTI_odometry,05,5.0,100,1416,665,2.310617913026736,275.459415786676,275.35940148514555,0.10001430153045021,same_direction
calibration,1,KITTI_odometry,05,5.0,100,1416,666,3.2860790313076795,275.459415786676,275.33055850324547,0.12885728343053415,same_direction
calibration,1,KITTI_odometry,05,5.0,100,1416,667,4.2566550917357695,275.459415786676,275.31335540402495,0.1460603826510578,same_direction
calibration,1,KITTI_odometry,05,5.0,100,1417,659,4.606894725300329,275.41803658609797,275.3422514742542,0.07578511184374292,same_direction
calibration,1,KITTI_odometry,05,5.0,100,1417,660,3.6331488395054743,275.41803658609797,275.33730119471437,0.0807353913835982,same_direction
calibration,1,KITTI_odometry,05,5.0,100,1417,661,2.6575466355268347,275.41803658609797,275.35369186059563,0.0643447255023375,same_direction
calibration,1,KITTI_odometry,05,5.0,100,1417,662,1.6851602297704562,275.41803658609797,275.35596513083044,0.06207145526752811,same_direction
calibration,1,KITTI_odometry,05,5.0,100,1417,663,0.7137392240867787,275.41803658609797,275.359565285863,0.05847130023494174,same_direction
calibration,1,KITTI_odometry,05,5.0,100,1417,664,0.277095290468823,275.41803658609797,275.3501672360934,0.06786935000457106,same_direction
calibration,1,KITTI_odometry,05,5.0,100,1417,665,1.2425842466408512,275.41803658609797,275.35940148514555,0.05863510095241509,same_direction
calibration,1,KITTI_odometry,05,5.0,100,1417,666,2.21746965029964,275.41803658609797,275.33055850324547,0.08747808285249903,same_direction
calibration,1,KITTI_odometry,05,5.0,100,1417,667,3.1878628326827414,275.41803658609797,275.31335540402495,0.10468118207302268,same_direction
calibration,1,KITTI_odometry,05,5.0,100,1417,668,4.159992568502981,275.41803658609797,275.2763892833909,0.1416473027070424,same_direction
calibration,1,KITTI_odometry,05,5.0,100,1418,660,4.699328773346243,275.4024017301473,275.33730119471437,0.0651005354329186,same_direction
calibration,1,KITTI_odometry,05,5.0,100,1418,661,3.7236311968292393,275.4024017301473,275.35369186059563,0.0487098695516579,same_direction
calibration,1,KITTI_odometry,05,5.0,100,1418,662,2.7509481220117538,275.4024017301473,275.35596513083044,0.046436599316848515,same_direction
calibration,1,KITTI_odometry,05,5.0,100,1418,663,1.778012837411466,275.4024017301473,275.359565285863,0.04283644428426214,same_direction
calibration,1,KITTI_odometry,05,5.0,100,1418,664,0.8023477114069572,275.4024017301473,275.3501672360934,0.05223449405389147,same_direction
calibration,1,KITTI_odometry,05,5.0,100,1418,665,0.18936277353271264,275.4024017301473,275.35940148514555,0.04300024500173549,same_direction
calibration,1,KITTI_odometry,05,5.0,100,1418,666,1.152484359980654,275.4024017301473,275.33055850324547,0.07184322690181943,same_direction
calibration,1,KITTI_odometry,05,5.0,100,1418,667,2.122121780200195,275.4024017301473,275.31335540402495,0.08904632612234309,same_direction
calibration,1,KITTI_odometry,05,5.0,100,1418,668,3.0940253715831183,275.4024017301473,275.2763892833909,0.1260124467563628,same_direction
calibration,1,KITTI_odometry,05,5.0,100,1418,669,4.065518226499549,275.4024017301473,275.26599355588985,0.1364081742574399,same_direction
calibration,1,KITTI_odometry,05,5.0,100,1419,661,4.793008335064739,275.37294321728103,275.35369186059563,0.019251356685401788,same_direction
calibration,1,KITTI_odometry,05,5.0,100,1419,662,3.820203546933081,275.37294321728103,275.35596513083044,0.0169780864505924,same_direction
calibration,1,KITTI_odometry,05,5.0,100,1419,663,2.8469622301674518,275.37294321728103,275.359565285863,0.013377931418006028,same_direction
calibration,1,KITTI_odometry,05,5.0,100,1419,664,1.8698500100275448,275.37294321728103,275.3501672360934,0.022775981187635352,same_direction
calibration,1,KITTI_odometry,05,5.0,100,1419,665,0.8983216851440254,275.37294321728103,275.35940148514555,0.013541732135479378,same_direction
calibration,1,KITTI_odometry,05,5.0,100,1419,666,0.11044967179671666,275.37294321728103,275.33055850324547,0.04238471403556332,same_direction
calibration,1,KITTI_odometry,05,5.0,100,1419,667,1.0540139752394164,275.37294321728103,275.31335540402495,0.059587813256086974,same_direction
calibration,1,KITTI_odometry,05,5.0,100,1419,668,2.025026313409282,275.37294321728103,275.2763892833909,0.09655393389010669,same_direction
calibration,1,KITTI_odometry,05,5.0,100,1419,669,2.996284045280079,275.37294321728103,275.26599355588985,0.10694966139118378,same_direction
calibration,1,KITTI_odometry,05,5.0,100,1419,670,3.9680272491503796,275.37294321728103,275.24273916961164,0.13020404766939464,same_direction
calibration,1,KITTI_odometry,05,5.0,100,1419,671,4.935438960214173,275.37294321728103,275.2256843407934,0.14725887648762637,same_direction
calibration,1,KITTI_odometry,05,5.0,100,1420,662,4.88769254863683,275.3622126288663,275.35596513083044,0.006247498035861554,same_direction
calibration,1,KITTI_odometry,05,5.0,100,1420,663,3.914346889329041,275.3622126288663,275.359565285863,0.002647343003275182,same_direction
calibration,1,KITTI_odometry,05,5.0,100,1420,664,2.9369535934365625,275.3622126288663,275.3501672360934,0.012045392772904506,same_direction
calibration,1,KITTI_odometry,05,5.0,100,1420,665,1.964329142480952,275.3622126288663,275.35940148514555,0.0028111437207485324,same_direction
calibration,1,KITTI_odometry,05,5.0,100,1420,666,0.9901423130035335,275.3622126288663,275.33055850324547,0.031654125620832474,same_direction
calibration,1,KITTI_odometry,05,5.0,100,1420,667,0.07996630540420512,275.3622126288663,275.31335540402495,0.04885722484135613,same_direction
calibration,1,KITTI_odometry,05,5.0,100,1420,668,0.9592091951185721,275.3622126288663,275.2763892833909,0.08582334547537585,same_direction
calibration,1,KITTI_odometry,05,5.0,100,1420,669,1.9293310887455324,275.3622126288663,275.26599355588985,0.09621907297645294,same_direction
calibration,1,KITTI_odometry,05,5.0,100,1420,670,2.9008021683665404,275.3622126288663,275.24273916961164,0.1194734592546638,same_direction
calibration,1,KITTI_odometry,05,5.0,100,1420,671,3.868085854786585,275.3622126288663,275.2256843407934,0.13652828807289552,same_direction
calibration,1,KITTI_odometry,05,5.0,100,1420,672,4.834555629010802,275.3622126288663,275.24236000894064,0.1198526199256662,same_direction
calibration,1,KITTI_odometry,05,5.0,100,1421,663,4.979122200749846,275.3631255449162,275.359565285863,0.0035602590531880196,same_direction
calibration,1,KITTI_odometry,05,5.0,100,1421,664,4.001626970370922,275.3631255449162,275.3501672360934,0.012958308822817344,same_direction
calibration,1,KITTI_odometry,05,5.0,100,1421,665,3.0287731674722633,275.3631255449162,275.35940148514555,0.00372405977066137,same_direction
calibration,1,KITTI_odometry,05,5.0,100,1421,666,2.05357280854612,275.3631255449162,275.33055850324547,0.03256704167074531,same_direction
calibration,1,KITTI_odometry,05,5.0,100,1421,667,1.0843149957461562,275.3631255449162,275.31335540402495,0.049770140891268966,same_direction
calibration,1,KITTI_odometry,05,5.0,100,1421,668,0.13651344256152342,275.3631255449162,275.2763892833909,0.08673626152528868,same_direction
calibration,1,KITTI_odometry,05,5.0,100,1421,669,0.8668498889657863,275.3631255449162,275.26599355588985,0.09713198902636577,same_direction
calibration,1,KITTI_odometry,05,5.0,100,1421,670,1.8368153146138526,275.3631255449162,275.24273916961164,0.12038637530457663,same_direction
calibration,1,KITTI_odometry,05,5.0,100,1421,671,2.8036993740413765,275.3631255449162,275.2256843407934,0.13744120412280836,same_direction
calibration,1,KITTI_odometry,05,5.0,100,1421,672,3.7700128448057,275.3631255449162,275.24236000894064,0.12076553597557904,same_direction
calibration,1,KITTI_odometry,05,5.0,100,1421,673,4.737373365790367,275.3631255449162,275.3648028653985,0.0016773204822584376,same_direction
calibration,1,KITTI_odometry,05,5.0,100,1422,665,4.096589231299606,275.44120395617546,275.35940148514555,0.08180247102990279,same_direction
calibration,1,KITTI_odometry,05,5.0,100,1422,666,3.1211241324240775,275.44120395617546,275.33055850324547,0.11064545292998673,same_direction
calibration,1,KITTI_odometry,05,5.0,100,1422,667,2.1508992770466833,275.44120395617546,275.31335540402495,0.1278485521505104,same_direction
calibration,1,KITTI_odometry,05,5.0,100,1422,668,1.17994544365406,275.44120395617546,275.2763892833909,0.1648146727845301,same_direction
calibration,1,KITTI_odometry,05,5.0,100,1422,669,0.22229394953528794,275.44120395617546,275.26599355588985,0.1752104002856072,same_direction
calibration,1,KITTI_odometry,05,5.0,100,1422,670,0.7718670157481823,275.44120395617546,275.24273916961164,0.19846478656381805,same_direction
calibration,1,KITTI_odometry,05,5.0,100,1422,671,1.7366160917140059,275.44120395617546,275.2256843407934,0.21551961538204978,same_direction
calibration,1,KITTI_odometry,05,5.0,100,1422,672,2.7024690229492014,275.44120395617546,275.24236000894064,0.19884394723482046,same_direction
calibration,1,KITTI_odometry,05,5.0,100,1422,673,3.6696385539859384,275.44120395617546,275.3648028653985,0.07640109077698298,same_direction
calibration,1,KITTI_odometry,05,5.0,100,1422,674,4.636877975276045,275.44120395617546,275.4876598953879,0.046455939212421526,same_direction
calibration,1,KITTI_odometry,05,5.0,100,1423,666,4.186144854158773,275.5660497323952,275.33055850324547,0.23549122914971576,same_direction
calibration,1,KITTI_odometry,05,5.0,100,1423,667,3.2156712223111295,275.5660497323952,275.31335540402495,0.2526943283702394,same_direction
calibration,1,KITTI_odometry,05,5.0,100,1423,668,2.243850819461931,275.5660497323952,275.2763892833909,0.28966044900425914,same_direction
calibration,1,KITTI_odometry,05,5.0,100,1423,669,1.2734870592196847,275.5660497323952,275.26599355588985,0.3000561765053362,same_direction
calibration,1,KITTI_odometry,05,5.0,100,1423,670,0.3121538723130037,275.5660497323952,275.24273916961164,0.3233105627835471,same_direction
calibration,1,KITTI_odometry,05,5.0,100,1423,671,0.6753495391277092,275.5660497323952,275.2256843407934,0.3403653916017788,same_direction
calibration,1,KITTI_odometry,05,5.0,100,1423,672,1.6383565332368881,275.5660497323952,275.24236000894064,0.3236897234545495,same_direction
calibration,1,KITTI_odometry,05,5.0,100,1423,673,2.604937835131577,275.5660497323952,275.3648028653985,0.20124686699671201,same_direction
calibration,1,KITTI_odometry,05,5.0,100,1423,674,3.5719225091818587,275.5660497323952,275.4876598953879,0.0783898370073075,same_direction
calibration,1,KITTI_odometry,05,5.0,100,1423,675,4.547271331348063,275.5660497323952,275.6348389551138,0.0687892227186353,same_direction
calibration,1,KITTI_odometry,05,5.0,100,1424,667,4.280437781348999,275.69132696001054,275.31335540402495,0.37797155598559584,same_direction
calibration,1,KITTI_odometry,05,5.0,100,1424,668,3.3084212866562153,275.69132696001054,275.2763892833909,0.41493767661961556,same_direction
calibration,1,KITTI_odometry,05,5.0,100,1424,669,2.337324885419226,275.69132696001054,275.26599355588985,0.42533340412069265,same_direction
calibration,1,KITTI_odometry,05,5.0,100,1424,670,1.367069438616782,275.69132696001054,275.24273916961164,0.4485877903989035,same_direction
calibration,1,KITTI_odometry,05,5.0,100,1424,671,0.40856481737907835,275.69132696001054,275.2256843407934,0.46564261921713523,same_direction
calibration,1,KITTI_odometry,05,5.0,100,1424,672,0.5800516528723937,275.69132696001054,275.24236000894064,0.4489669510699059,same_direction
calibration,1,KITTI_odometry,05,5.0,100,1424,673,1.541858358896818,275.69132696001054,275.3648028653985,0.32652409461206844,same_direction
calibration,1,KITTI_odometry,05,5.0,100,1424,674,2.507895163997095,275.69132696001054,275.4876598953879,0.20366706462266393,same_direction
calibration,1,KITTI_odometry,05,5.0,100,1424,675,3.4828344598760337,275.69132696001054,275.6348389551138,0.05648800489672112,same_direction
calibration,1,KITTI_odometry,05,5.0,100,1424,676,4.452270489941061,275.69132696001054,275.7612802957708,0.06995333576026042,same_direction
calibration,1,KITTI_odometry,05,5.0,100,1425,668,4.372927293884489,275.8791672698618,275.2763892833909,0.6027779864708691,same_direction
calibration,1,KITTI_odometry,05,5.0,100,1425,669,3.4016066032979126,275.8791672698618,275.26599355588985,0.6131737139719462,same_direction
calibration,1,KITTI_odometry,05,5.0,100,1425,670,2.430494634760583,275.8791672698618,275.24273916961164,0.6364281002501571,same_direction
calibration,1,KITTI_odometry,05,5.0,100,1425,671,1.4646510661587544,275.8791672698618,275.2256843407934,0.6534829290683888,same_direction
calibration,1,KITTI_odometry,05,5.0,100,1425,672,0.5065762209184248,275.8791672698618,275.24236000894064,0.6368072609211595,same_direction
calibration,1,KITTI_odometry,05,5.0,100,1425,673,0.4871630939428784,275.8791672698618,275.3648028653985,0.514364404463322,same_direction
calibration,1,KITTI_odometry,05,5.0,100,1425,674,1.4454352873788638,275.8791672698618,275.4876598953879,0.3915073744739175,same_direction
calibration,1,KITTI_odometry,05,5.0,100,1425,675,2.4190698187733255,275.8791672698618,275.6348389551138,0.24432831474797467,same_direction
calibration,1,KITTI_odometry,05,5.0,100,1425,676,3.3880351772672084,275.8791672698618,275.7612802957708,0.11788697409099314,same_direction
calibration,1,KITTI_odometry,05,5.0,100,1425,677,4.358330879866754,275.8791672698618,275.8911108408866,0.011943571024801258,same_direction
calibration,1,KITTI_odometry,05,5.0,100,1426,669,4.46896298489929,276.0818699994464,275.26599355588985,0.8158764435565331,same_direction
calibration,1,KITTI_odometry,05,5.0,100,1426,670,3.497611362401486,276.0818699994464,275.24273916961164,0.839130829834744,same_direction
calibration,1,KITTI_odometry,05,5.0,100,1426,671,2.530955265191379,276.0818699994464,275.2256843407934,0.8561856586529757,same_direction
calibration,1,KITTI_odometry,05,5.0,100,1426,672,1.5664462481681234,276.0818699994464,275.24236000894064,0.8395099905057464,same_direction
calibration,1,KITTI_odometry,05,5.0,100,1426,673,0.607461235388724,276.0818699994464,275.3648028653985,0.7170671340479089,same_direction
calibration,1,KITTI_odometry,05,5.0,100,1426,674,0.39416570576345045,276.0818699994464,275.4876598953879,0.5942101040585044,same_direction
calibration,1,KITTI_odometry,05,5.0,100,1426,675,1.3544506238693235,276.0818699994464,275.6348389551138,0.4470310443325616,same_direction
calibration,1,KITTI_odometry,05,5.0,100,1426,676,2.321689091674426,276.0818699994464,275.7612802957708,0.32058970367558004,same_direction
calibration,1,KITTI_odometry,05,5.0,100,1426,677,3.2914351000133784,276.0818699994464,275.8911108408866,0.19075915855978565,same_direction
calibration,1,KITTI_odometry,05,5.0,100,1426,678,4.260026373404285,276.0818699994464,276.020893068818,0.06097693062838516,same_direction
calibration,1,KITTI_odometry,05,5.0,100,1427,670,4.572481909029274,276.30099338235607,275.24273916961164,1.0582542127444299,same_direction
calibration,1,KITTI_odometry,05,5.0,100,1427,671,3.6056233636363033,276.30099338235607,275.2256843407934,1.0753090415626616,same_direction
calibration,1,KITTI_odometry,05,5.0,100,1427,672,2.640287108327426,276.30099338235607,275.24236000894064,1.0586333734154323,same_direction
calibration,1,KITTI_odometry,05,5.0,100,1427,673,1.6753688287956197,276.30099338235607,275.3648028653985,0.9361905169575948,same_direction
calibration,1,KITTI_odometry,05,5.0,100,1427,674,0.7165702768047195,276.30099338235607,275.4876598953879,0.8133334869681903,same_direction
calibration,1,KITTI_odometry,05,5.0,100,1427,675,0.3078746701175711,276.30099338235607,275.6348389551138,0.6661544272422475,same_direction
calibration,1,KITTI_odometry,05,5.0,100,1427,676,1.2509524021320761,276.30099338235607,275.7612802957708,0.539713086585266,same_direction
calibration,1,KITTI_odometry,05,5.0,100,1427,677,2.218281456353104,276.30099338235607,275.8911108408866,0.40988254146947156,same_direction
calibration,1,KITTI_odometry,05,5.0,100,1427,678,3.1860730359017264,276.30099338235607,276.020893068818,0.2801003135380711,same_direction
calibration,1,KITTI_odometry,05,5.0,100,1427,679,4.1534420191089705,276.30099338235607,276.1684820117474,0.13251137060865403,same_direction
calibration,1,KITTI_odometry,05,5.0,100,1428,671,4.6831656710498795,276.5032717791204,275.2256843407934,1.2775874383269752,same_direction
calibration,1,KITTI_odometry,05,5.0,100,1428,672,3.717590457877264,276.5032717791204,275.24236000894064,1.2609117701797459,same_direction
calibration,1,KITTI_odometry,05,5.0,100,1428,673,2.7517193491342953,276.5032717791204,275.3648028653985,1.1384689137219084,same_direction
calibration,1,KITTI_odometry,05,5.0,100,1428,674,1.7871775082794712,276.5032717791204,275.4876598953879,1.0156118837325039,same_direction
calibration,1,KITTI_odometry,05,5.0,100,1428,675,0.8200531643741289,276.5032717791204,275.6348389551138,0.8684328240065611,same_direction
calibration,1,KITTI_odometry,05,5.0,100,1428,676,0.22792213165903555,276.5032717791204,275.7612802957708,0.7419914833495795,same_direction
calibration,1,KITTI_odometry,05,5.0,100,1428,677,1.1469029544386042,276.5032717791204,275.8911108408866,0.6121609382337851,same_direction
calibration,1,KITTI_odometry,05,5.0,100,1428,678,2.1110679353350954,276.5032717791204,276.020893068818,0.48237871030238466,same_direction
calibration,1,KITTI_odometry,05,5.0,100,1428,679,3.077305010297149,276.5032717791204,276.1684820117474,0.3347897673729676,same_direction
calibration,1,KITTI_odometry,05,5.0,100,1428,680,4.049729463803713,276.5032717791204,276.28478169236905,0.21849008675133064,same_direction
calibration,1,KITTI_odometry,05,5.0,100,1429,672,4.792989813978329,276.6904721183836,275.24236000894064,1.4481121094429454,same_direction
calibration,1,KITTI_odometry,05,5.0,100,1429,673,3.826753070162748,276.6904721183836,275.3648028653985,1.325669252985108,same_direction
calibration,1,KITTI_odometry,05,5.0,100,1429,674,2.8610441283035066,276.6904721183836,275.4876598953879,1.2028122229957035,same_direction
calibration,1,KITTI_odometry,05,5.0,100,1429,675,1.888200248914295,276.6904721183836,275.6348389551138,1.0556331632697606,same_direction
calibration,1,KITTI_odometry,05,5.0,100,1429,676,0.9263701338557886,276.6904721183836,275.7612802957708,0.9291918226127791,same_direction
calibration,1,KITTI_odometry,05,5.0,100,1429,677,0.18216023742846923,276.6904721183836,275.8911108408866,0.7993612774969847,same_direction
calibration,1,KITTI_odometry,05,5.0,100,1429,678,1.043722529027715,276.6904721183836,276.020893068818,0.6695790495655842,same_direction
calibration,1,KITTI_odometry,05,5.0,100,1429,679,2.004929685450338,276.6904721183836,276.1684820117474,0.5219901066361672,same_direction
calibration,1,KITTI_odometry,05,5.0,100,1429,680,2.9759748625282416,276.6904721183836,276.28478169236905,0.4056904260145302,same_direction
calibration,1,KITTI_odometry,05,5.0,100,1429,681,3.9463662110985105,276.6904721183836,276.41025103293305,0.2802210854505347,same_direction
calibration,1,KITTI_odometry,05,5.0,100,1429,682,4.931545720370039,276.6904721183836,276.4965782249166,0.19389389346696362,same_direction
calibration,1,KITTI_odometry,05,5.0,100,1430,673,4.906378535906099,276.89626194576323,275.3648028653985,1.5314590803647548,same_direction
calibration,1,KITTI_odometry,05,5.0,100,1430,674,3.940256467858406,276.89626194576323,275.4876598953879,1.4086020503753502,same_direction
calibration,1,KITTI_odometry,05,5.0,100,1430,675,2.966224628311221,276.89626194576323,275.6348389551138,1.2614229906494074,same_direction
calibration,1,KITTI_odometry,05,5.0,100,1430,676,1.999159206991781,276.89626194576323,275.7612802957708,1.134981649992426,same_direction
calibration,1,KITTI_odometry,05,5.0,100,1430,677,1.0368774329205876,276.89626194576323,275.8911108408866,1.0051511048766315,same_direction
calibration,1,KITTI_odometry,05,5.0,100,1430,678,0.19518196638009902,276.89626194576323,276.020893068818,0.875368876945231,same_direction
calibration,1,KITTI_odometry,05,5.0,100,1430,679,0.9367534661798633,276.89626194576323,276.1684820117474,0.727779934015814,same_direction
calibration,1,KITTI_odometry,05,5.0,100,1430,680,1.9005747924246421,276.89626194576323,276.28478169236905,0.611480253394177,same_direction
calibration,1,KITTI_odometry,05,5.0,100,1430,681,2.8690277190191074,276.89626194576323,276.41025103293305,0.4860109128301815,same_direction
calibration,1,KITTI_odometry,05,5.0,100,1430,682,3.8533414630551497,276.89626194576323,276.4965782249166,0.3996837208466104,same_direction
calibration,1,KITTI_odometry,05,5.0,100,1430,683,4.80182762347838,276.89626194576323,276.59052614697623,0.30573579878699775,same_direction
calibration,1,KITTI_odometry,05,5.0,100,1431,675,4.045538409853514,277.09731375777756,275.6348389551138,1.4624748026637349,same_direction
calibration,1,KITTI_odometry,05,5.0,100,1431,676,3.0772531671768655,277.09731375777756,275.7612802957708,1.3360334620067533,same_direction
calibration,1,KITTI_odometry,05,5.0,100,1431,677,2.1097597614183488,277.09731375777756,275.8911108408866,1.206202916890959,same_direction
calibration,1,KITTI_odometry,05,5.0,100,1431,678,1.1491392952988873,277.09731375777756,276.020893068818,1.0764206889595584,same_direction
calibration,1,KITTI_odometry,05,5.0,100,1431,679,0.2618952775443136,277.09731375777756,276.1684820117474,0.9288317460301414,same_direction
calibration,1,KITTI_odometry,05,5.0,100,1431,680,0.8371992245576825,277.09731375777756,276.28478169236905,0.8125320654085044,same_direction
calibration,1,KITTI_odometry,05,5.0,100,1431,681,1.7948333773640317,277.09731375777756,276.41025103293305,0.6870627248445089,same_direction
calibration,1,KITTI_odometry,05,5.0,100,1431,682,2.7764258518642233,277.09731375777756,276.4965782249166,0.6007355328609378,same_direction
calibration,1,KITTI_odometry,05,5.0,100,1431,683,3.7238059409158253,277.09731375777756,276.59052614697623,0.5067876108013252,same_direction
calibration,1,KITTI_odometry,05,5.0,100,1431,684,4.691350505995037,277.09731375777756,276.6315334283343,0.4657803294432483,same_direction
calibration,1,KITTI_odometry,05,5.0,100,1432,676,4.155985833818489,277.26822051416923,275.7612802957708,1.5069402183984266,same_direction
calibration,1,KITTI_odometry,05,5.0,100,1432,677,3.1871284081599107,277.26822051416923,275.8911108408866,1.3771096732826322,same_direction
calibration,1,KITTI_odometry,05,5.0,100,1432,678,2.221377117825782,277.26822051416923,276.020893068818,1.2473274453512317,same_direction
calibration,1,KITTI_odometry,05,5.0,100,1432,679,1.2617747507380257,277.26822051416923,276.1684820117474,1.0997385024218147,same_direction
calibration,1,KITTI_odometry,05,5.0,100,1432,680,0.35052448758967075,277.26822051416923,276.28478169236905,0.9834388218001777,same_direction
calibration,1,KITTI_odometry,05,5.0,100,1432,681,0.7386598906804193,277.26822051416923,276.41025103293305,0.8579694812361822,same_direction
calibration,1,KITTI_odometry,05,5.0,100,1432,682,1.7040450727900445,277.26822051416923,276.4965782249166,0.7716422892526111,same_direction
calibration,1,KITTI_odometry,05,5.0,100,1432,683,2.647951934986748,277.26822051416923,276.59052614697623,0.6776943671929985,same_direction
calibration,1,KITTI_odometry,05,5.0,100,1432,684,3.614102407583383,277.26822051416923,276.6315334283343,0.6366870858349216,same_direction
calibration,1,KITTI_odometry,05,5.0,100,1432,685,4.5881023985521585,277.26822051416923,276.6695196427851,0.5987008713841533,same_direction
calibration,1,KITTI_odometry,05,5.0,100,1433,677,4.27028422360853,277.40538904998186,275.8911108408866,1.5142782090952664,same_direction
calibration,1,KITTI_odometry,05,5.0,100,1433,678,3.3031432170736963,277.40538904998186,276.020893068818,1.384495981163866,same_direction
calibration,1,KITTI_odometry,05,5.0,100,1433,679,2.338632560044439,277.40538904998186,276.1684820117474,1.236907038234449,same_direction
calibration,1,KITTI_odometry,05,5.0,100,1433,680,1.3747135294671382,277.40538904998186,276.28478169236905,1.120607357612812,same_direction
calibration,1,KITTI_odometry,05,5.0,100,1433,681,0.4540753241478701,277.40538904998186,276.41025103293305,0.9951380170488164,same_direction
calibration,1,KITTI_odometry,05,5.0,100,1433,682,0.6531412407741556,277.40538904998186,276.4965782249166,0.9088108250652454,same_direction
calibration,1,KITTI_odometry,05,5.0,100,1433,683,1.5734323258723368,277.40538904998186,276.59052614697623,0.8148629030056327,same_direction
calibration,1,KITTI_odometry,05,5.0,100,1433,684,2.5347934341085856,277.40538904998186,276.6315334283343,0.7738556216475558,same_direction
calibration,1,KITTI_odometry,05,5.0,100,1433,685,3.506927135955357,277.40538904998186,276.6695196427851,0.7358694071967875,same_direction
calibration,1,KITTI_odometry,05,5.0,100,1433,686,4.481191677768316,277.40538904998186,276.6835746919163,0.7218143580655578,same_direction
calibration,1,KITTI_odometry,05,5.0,100,1434,678,4.384518402162314,277.50741635875704,276.020893068818,1.4865232899390435,same_direction
calibration,1,KITTI_odometry,05,5.0,100,1434,679,3.4185805841167496,277.50741635875704,276.1684820117474,1.3389343470096264,same_direction
calibration,1,KITTI_odometry,05,5.0,100,1434,680,2.449603178496468,277.50741635875704,276.28478169236905,1.2226346663879895,same_direction
calibration,1,KITTI_odometry,05,5.0,100,1434,681,1.4879076256273382,277.50741635875704,276.41025103293305,1.097165325823994,same_direction
calibration,1,KITTI_odometry,05,5.0,100,1434,682,0.5476683043594741,277.50741635875704,276.4965782249166,1.0108381338404229,same_direction
calibration,1,KITTI_odometry,05,5.0,100,1434,683,0.5417720672939877,277.50741635875704,276.59052614697623,0.9168902117808102,same_direction
calibration,1,KITTI_odometry,05,5.0,100,1434,684,1.4648337128834739,277.50741635875704,276.6315334283343,0.8758829304227334,same_direction
calibration,1,KITTI_odometry,05,5.0,100,1434,685,2.4304006649316103,277.50741635875704,276.6695196427851,0.837896715971965,same_direction
calibration,1,KITTI_odometry,05,5.0,100,1434,686,3.4023577184211526,277.50741635875704,276.6835746919163,0.8238416668407353,same_direction
calibration,1,KITTI_odometry,05,5.0,100,1434,687,4.382327673748281,277.50741635875704,276.71085807844565,0.7965582803113875,same_direction
calibration,1,KITTI_odometry,05,5.0,100,1435,679,4.498725765469603,277.60875491709476,276.1684820117474,1.4402729053473422,same_direction
calibration,1,KITTI_odometry,05,5.0,100,1435,680,3.528138664012518,277.60875491709476,276.28478169236905,1.3239732247257052,same_direction
calibration,1,KITTI_odometry,05,5.0,100,1435,681,2.5612835558758436,277.60875491709476,276.41025103293305,1.1985038841617097,same_direction
calibration,1,KITTI_odometry,05,5.0,100,1435,682,1.58557977043099,277.60875491709476,276.4965782249166,1.1121766921781386,same_direction
calibration,1,KITTI_odometry,05,5.0,100,1435,683,0.673936236523902,277.60875491709476,276.59052614697623,1.018228770118526,same_direction
calibration,1,KITTI_odometry,05,5.0,100,1435,684,0.4596248496328286,277.60875491709476,276.6315334283343,0.9772214887604491,same_direction
calibration,1,KITTI_odometry,05,5.0,100,1435,685,1.364636474267052,277.60875491709476,276.6695196427851,0.9392352743096808,same_direction
calibration,1,KITTI_odometry,05,5.0,100,1435,686,2.3281311326684313,277.60875491709476,276.6835746919163,0.9251802251784511,same_direction
calibration,1,KITTI_odometry,05,5.0,100,1435,687,3.305104234801076,277.60875491709476,276.71085807844565,0.8978968386491033,same_direction
calibration,1,KITTI_odometry,05,5.0,100,1435,688,4.275201497754235,277.60875491709476,276.68787998850075,0.920874928594003,same_direction
calibration,1,KITTI_odometry,05,5.0,100,1436,680,4.613072623274001,277.6610267665184,276.28478169236905,1.376245074149324,same_direction
calibration,1,KITTI_odometry,05,5.0,100,1436,681,3.6444816507289524,277.6610267665184,276.41025103293305,1.2507757335853285,same_direction
calibration,1,KITTI_odometry,05,5.0,100,1436,682,2.6634758059535666,277.6610267665184,276.4965782249166,1.1644485416017574,same_direction
calibration,1,KITTI_odometry,05,5.0,100,1436,683,1.7237425270613933,277.6610267665184,276.59052614697623,1.0705006195421447,same_direction
calibration,1,KITTI_odometry,05,5.0,100,1436,684,0.7896278389849316,277.6610267665184,276.6315334283343,1.0294933381840679,same_direction
calibration,1,KITTI_odometry,05,5.0,100,1436,685,0.39318855578462863,277.6610267665184,276.6695196427851,0.9915071237332995,same_direction
calibration,1,KITTI_odometry,05,5.0,100,1436,686,1.2615727511324841,277.6610267665184,276.6835746919163,0.9774520746020698,same_direction
calibration,1,KITTI_odometry,05,5.0,100,1436,687,2.2271075825832902,277.6610267665184,276.71085807844565,0.950168688072722,same_direction
calibration,1,KITTI_odometry,05,5.0,100,1436,688,3.1936791809604195,277.6610267665184,276.68787998850075,0.9731467780176217,same_direction
calibration,1,KITTI_odometry,05,5.0,100,1436,689,4.164890133016714,277.6610267665184,276.654146957867,1.0068798086513766,same_direction
calibration,1,KITTI_odometry,05,5.0,100,1437,681,4.731464334907325,277.67174119915023,276.41025103293305,1.261490166217186,same_direction
calibration,1,KITTI_odometry,05,5.0,100,1437,682,3.748623914305085,277.67174119915023,276.4965782249166,1.175162974233615,same_direction
calibration,1,KITTI_odometry,05,5.0,100,1437,683,2.8039585242296243,277.67174119915023,276.59052614697623,1.0812150521740023,same_direction
calibration,1,KITTI_odometry,05,5.0,100,1437,684,1.8453289652796367,277.67174119915023,276.6315334283343,1.0402077708159254,same_direction
calibration,1,KITTI_odometry,05,5.0,100,1437,685,0.9011471591255189,277.67174119915023,276.6695196427851,1.002221556365157,same_direction
calibration,1,KITTI_odometry,05,5.0,100,1437,686,0.3516750892514116,277.67174119915023,276.6835746919163,0.9881665072339274,same_direction
calibration,1,KITTI_odometry,05,5.0,100,1437,687,1.1630282311276845,277.67174119915023,276.71085807844565,0.9608831207045796,same_direction
calibration,1,KITTI_odometry,05,5.0,100,1437,688,2.115135837930985,277.67174119915023,276.68787998850075,0.9838612106494793,same_direction
calibration,1,KITTI_odometry,05,5.0,100,1437,689,3.0820109042798647,277.67174119915023,276.654146957867,1.0175942412832342,same_direction
calibration,1,KITTI_odometry,05,5.0,100,1437,690,4.058053212859581,277.67174119915023,276.5815771569647,1.0901640421855063,same_direction
calibration,1,KITTI_odometry,05,5.0,100,1438,682,4.844065207044592,277.65886716022555,276.4965782249166,1.1622889353089363,same_direction
calibration,1,KITTI_odometry,05,5.0,100,1438,683,3.8976279507413176,277.65886716022555,276.59052614697623,1.0683410132493236,same_direction
calibration,1,KITTI_odometry,05,5.0,100,1438,684,2.934071674465371,277.65886716022555,276.6315334283343,1.0273337318912468,same_direction
calibration,1,KITTI_odometry,05,5.0,100,1438,685,1.9684002960780085,277.65886716022555,276.6695196427851,0.9893475174404784,same_direction
calibration,1,KITTI_odometry,05,5.0,100,1438,686,1.021810778764834,277.65886716022555,276.6835746919163,0.9752924683092488,same_direction
calibration,1,KITTI_odometry,05,5.0,100,1438,687,0.3415999028102845,277.65886716022555,276.71085807844565,0.948009081779901,same_direction
calibration,1,KITTI_odometry,05,5.0,100,1438,688,1.0501109103804243,277.65886716022555,276.68787998850075,0.9709871717248006,same_direction
calibration,1,KITTI_odometry,05,5.0,100,1438,689,1.9973138526781398,277.65886716022555,276.654146957867,1.0047202023585555,same_direction
calibration,1,KITTI_odometry,05,5.0,100,1438,690,2.967802183434735,277.65886716022555,276.5815771569647,1.0772900032608277,same_direction
calibration,1,KITTI_odometry,05,5.0,100,1438,691,3.94662742472607,277.65886716022555,276.52760130159834,1.1312658586272164,same_direction
calibration,1,KITTI_odometry,05,5.0,100,1438,692,4.928688817525398,277.65886716022555,276.4999805280758,1.1588866321497449,same_direction
calibration,1,KITTI_odometry,05,5.0,100,1439,683,4.992841365284894,277.6128633261069,276.59052614697623,1.022337179130659,same_direction
calibration,1,KITTI_odometry,05,5.0,100,1439,684,4.027404106915523,277.6128633261069,276.6315334283343,0.9813298977725822,same_direction
calibration,1,KITTI_odometry,05,5.0,100,1439,685,3.0569321776742093,277.6128633261069,276.6695196427851,0.9433436833218138,same_direction
calibration,1,KITTI_odometry,05,5.0,100,1439,686,2.090992870121752,277.6128633261069,276.6835746919163,0.9292886341905842,same_direction
calibration,1,KITTI_odometry,05,5.0,100,1439,687,1.135127039101793,277.6128633261069,276.71085807844565,0.9020052476612364,same_direction
calibration,1,KITTI_odometry,05,5.0,100,1439,688,0.37345206974925854,277.6128633261069,276.68787998850075,0.924983337606136,same_direction
calibration,1,KITTI_odometry,05,5.0,100,1439,689,0.9421074726378161,277.6128633261069,276.654146957867,0.9587163682398909,same_direction
calibration,1,KITTI_odometry,05,5.0,100,1439,690,1.8856744798877698,277.6128633261069,276.5815771569647,1.031286169142163,same_direction
calibration,1,KITTI_odometry,05,5.0,100,1439,691,2.857486208628133,277.6128633261069,276.52760130159834,1.0852620245085518,same_direction
calibration,1,KITTI_odometry,05,5.0,100,1439,692,3.8368262001425038,277.6128633261069,276.4999805280758,1.1128827980310803,same_direction
calibration,1,KITTI_odometry,05,5.0,100,1439,693,4.81476917773843,277.6128633261069,276.53559938456965,1.0772639415372396,same_direction
calibration,1,KITTI_odometry,05,5.0,100,1440,685,4.151231920960334,277.5739788202957,276.6695196427851,0.9044591775106028,same_direction
calibration,1,KITTI_odometry,05,5.0,100,1440,686,3.1804455039506725,277.5739788202957,276.6835746919163,0.8904041283793731,same_direction
calibration,1,KITTI_odometry,05,5.0,100,1440,687,2.2073392375437066,277.5739788202957,276.71085807844565,0.8631207418500253,same_direction
calibration,1,KITTI_odometry,05,5.0,100,1440,688,1.2591297868369287,277.5739788202957,276.68787998850075,0.886098831794925,same_direction
calibration,1,KITTI_odometry,05,5.0,100,1440,689,0.4384795207304623,277.5739788202957,276.654146957867,0.9198318624286799,same_direction
calibration,1,KITTI_odometry,05,5.0,100,1440,690,0.8409805943064348,277.5739788202957,276.5815771569647,0.992401663330952,same_direction
calibration,1,KITTI_odometry,05,5.0,100,1440,691,1.7763196147090132,277.5739788202957,276.52760130159834,1.0463775186973407,same_direction
calibration,1,KITTI_odometry,05,5.0,100,1440,692,2.747424703244831,277.5739788202957,276.4999805280758,1.0739982922198692,same_direction
calibration,1,KITTI_odometry,05,5.0,100,1440,693,3.722058115935317,277.5739788202957,276.53559938456965,1.0383794357260285,same_direction
calibration,1,KITTI_odometry,05,5.0,100,1440,694,4.697304448947284,277.5739788202957,276.54963758321173,1.024341237083945,same_direction
calibration,1,KITTI_odometry,05,5.0,100,1441,686,4.274807271924675,277.4913470153217,276.6835746919163,0.807772323405402,same_direction
calibration,1,KITTI_odometry,05,5.0,100,1441,687,3.2971963314458628,277.4913470153217,276.71085807844565,0.7804889368760541,same_direction
calibration,1,KITTI_odometry,05,5.0,100,1441,688,2.3337178607535267,277.4913470153217,276.68787998850075,0.8034670268209538,same_direction
calibration,1,KITTI_odometry,05,5.0,100,1441,689,1.3825398083238067,277.4913470153217,276.654146957867,0.8372000574547087,same_direction
calibration,1,KITTI_odometry,05,5.0,100,1441,690,0.5222493202484952,277.4913470153217,276.5815771569647,0.9097698583569809,same_direction
calibration,1,KITTI_odometry,05,5.0,100,1441,691,0.7476441801418627,277.4913470153217,276.52760130159834,0.9637457137233696,same_direction
calibration,1,KITTI_odometry,05,5.0,100,1441,692,1.6699048243837027,277.4913470153217,276.4999805280758,0.991366487245898,same_direction
calibration,1,KITTI_odometry,05,5.0,100,1441,693,2.634031422155014,277.4913470153217,276.53559938456965,0.9557476307520574,same_direction
calibration,1,KITTI_odometry,05,5.0,100,1441,694,3.6051664121923612,277.4913470153217,276.54963758321173,0.9417094321099739,same_direction
calibration,1,KITTI_odometry,05,5.0,100,1441,695,4.578591688379722,277.4913470153217,276.5732986043772,0.9180484109444933,same_direction
calibration,1,KITTI_odometry,05,5.0,100,1442,687,4.405127605007605,277.3939556184905,276.71085807844565,0.6830975400448551,same_direction
calibration,1,KITTI_odometry,05,5.0,100,1442,688,3.437247349973521,277.3939556184905,276.68787998850075,0.7060756299897548,same_direction
calibration,1,KITTI_odometry,05,5.0,100,1442,689,2.472090332593051,277.3939556184905,276.654146957867,0.7398086606235097,same_direction
calibration,1,KITTI_odometry,05,5.0,100,1442,690,1.513873589042366,277.3939556184905,276.5815771569647,0.8123784615257819,same_direction
calibration,1,KITTI_odometry,05,5.0,100,1442,691,0.6237124738210826,277.3939556184905,276.52760130159834,0.8663543168921706,same_direction
calibration,1,KITTI_odometry,05,5.0,100,1442,692,0.6541937783256478,277.3939556184905,276.4999805280758,0.893975090414699,same_direction
calibration,1,KITTI_odometry,05,5.0,100,1442,693,1.5474291093294001,277.3939556184905,276.53559938456965,0.8583562339208584,same_direction
calibration,1,KITTI_odometry,05,5.0,100,1442,694,2.5049383918372032,277.3939556184905,276.54963758321173,0.8443180352787749,same_direction
calibration,1,KITTI_odometry,05,5.0,100,1442,695,3.4733545848933867,277.3939556184905,276.5732986043772,0.8206570141132943,same_direction
calibration,1,KITTI_odometry,05,5.0,100,1442,696,4.448400690596561,277.3939556184905,276.59534237866853,0.7986132398219752,same_direction
calibration,1,KITTI_odometry,05,5.0,100,1443,688,4.544028170302199,277.27225179163577,276.68787998850075,0.5843718031350136,same_direction
calibration,1,KITTI_odometry,05,5.0,100,1443,689,3.5745491627476595,277.27225179163577,276.654146957867,0.6181048337687685,same_direction
calibration,1,KITTI_odometry,05,5.0,100,1443,690,2.603556240913571,277.27225179163577,276.5815771569647,0.6906746346710406,same_direction
calibration,1,KITTI_odometry,05,5.0,100,1443,691,1.6395025637064522,277.27225179163577,276.52760130159834,0.7446504900374293,same_direction
calibration,1,KITTI_odometry,05,5.0,100,1443,692,0.733120074476217,277.27225179163577,276.4999805280758,0.7722712635599578,same_direction
calibration,1,KITTI_odometry,05,5.0,100,1443,693,0.5676886995528515,277.27225179163577,276.53559938456965,0.7366524070661171,same_direction
calibration,1,KITTI_odometry,05,5.0,100,1443,694,1.4229437102359273,277.27225179163577,276.54963758321173,0.7226142084240337,same_direction
calibration,1,KITTI_odometry,05,5.0,100,1443,695,2.3745969989874007,277.27225179163577,276.5732986043772,0.698953187258553,same_direction
calibration,1,KITTI_odometry,05,5.0,100,1443,696,3.3439136014705895,277.27225179163577,276.59534237866853,0.676909412967234,same_direction
calibration,1,KITTI_odometry,05,5.0,100,1443,697,4.32793684778325,277.27225179163577,276.63540991386515,0.6368418777706211,same_direction
calibration,1,KITTI_odometry,05,5.0,100,1444,689,4.681140100029054,277.0966226631553,276.654146957867,0.4424757052883024,same_direction
calibration,1,KITTI_odometry,05,5.0,100,1444,690,3.706092315363991,277.0966226631553,276.5815771569647,0.5150455061905745,same_direction
calibration,1,KITTI_odometry,05,5.0,100,1444,691,2.730800567525952,277.0966226631553,276.52760130159834,0.5690213615569633,same_direction
calibration,1,KITTI_odometry,05,5.0,100,1444,692,1.7657062637936252,277.0966226631553,276.4999805280758,0.5966421350794917,same_direction
calibration,1,KITTI_odometry,05,5.0,100,1444,693,0.8492174847470002,277.0966226631553,276.53559938456965,0.561023278585651,same_direction
calibration,1,KITTI_odometry,05,5.0,100,1444,694,0.49639149881921996,277.0966226631553,276.54963758321173,0.5469850799435676,same_direction
calibration,1,KITTI_odometry,05,5.0,100,1444,695,1.2981666889887395,277.0966226631553,276.5732986043772,0.523324058778087,same_direction
calibration,1,KITTI_odometry,05,5.0,100,1444,696,2.246705203737242,277.0966226631553,276.59534237866853,0.5012802844867679,same_direction
calibration,1,KITTI_odometry,05,5.0,100,1444,697,3.224263524961941,277.0966226631553,276.63540991386515,0.461212749290155,same_direction
calibration,1,KITTI_odometry,05,5.0,100,1444,698,4.208914970203126,277.0966226631553,276.6260792463253,0.47054341683002576,same_direction
calibration,1,KITTI_odometry,05,5.0,100,1445,690,4.80753659818623,276.87426350724456,276.5815771569647,0.2926863502798369,same_direction
calibration,1,KITTI_odometry,05,5.0,100,1445,691,3.8284601772644935,276.87426350724456,276.52760130159834,0.34666220564622563,same_direction
calibration,1,KITTI_odometry,05,5.0,100,1445,692,2.8527743620728336,276.87426350724456,276.4999805280758,0.3742829791687541,same_direction
calibration,1,KITTI_odometry,05,5.0,100,1445,693,1.8894998021963463,276.87426350724456,276.53559938456965,0.3386641226749134,same_direction
calibration,1,KITTI_odometry,05,5.0,100,1445,694,0.963313371442543,276.87426350724456,276.54963758321173,0.32462592403282997,same_direction
calibration,1,KITTI_odometry,05,5.0,100,1445,695,0.44888159073413936,276.87426350724456,276.5732986043772,0.30096490286734934,same_direction
calibration,1,KITTI_odometry,05,5.0,100,1445,696,1.1803295067056523,276.87426350724456,276.59534237866853,0.27892112857603024,same_direction
calibration,1,KITTI_odometry,05,5.0,100,1445,697,2.133115082713543,276.87426350724456,276.63540991386515,0.23885359337941736,same_direction
calibration,1,KITTI_odometry,05,5.0,100,1445,698,3.110505684370307,276.87426350724456,276.6260792463253,0.24818426091928814,same_direction
calibration,1,KITTI_odometry,05,5.0,100,1445,699,4.095832119655299,276.87426350724456,276.56967282224633,0.3045906849982316,same_direction
calibration,1,KITTI_odometry,05,5.0,100,1446,691,4.9373167314747,276.6640886187462,276.52760130159834,0.13648731714783935,same_direction
calibration,1,KITTI_odometry,05,5.0,100,1446,692,3.9577791655043137,276.6640886187462,276.4999805280758,0.1641080906703678,same_direction
calibration,1,KITTI_odometry,05,5.0,100,1446,693,2.984851961571963,276.6640886187462,276.53559938456965,0.12848923417652713,same_direction
calibration,1,KITTI_odometry,05,5.0,100,1446,694,2.021062175589849,276.6640886187462,276.54963758321173,0.11445103553444369,same_direction
calibration,1,KITTI_odometry,05,5.0,100,1446,695,1.0853572004183778,276.6640886187462,276.5732986043772,0.09079001436896306,same_direction
calibration,1,KITTI_odometry,05,5.0,100,1446,696,0.4289432671111778,276.6640886187462,276.59534237866853,0.06874624007764396,same_direction
calibration,1,KITTI_odometry,05,5.0,100,1446,697,1.0652229767048886,276.6640886187462,276.63540991386515,0.02867870488103108,same_direction
calibration,1,KITTI_odometry,05,5.0,100,1446,698,2.012613853301231,276.6640886187462,276.6260792463253,0.038009372420901855,same_direction
calibration,1,KITTI_odometry,05,5.0,100,1446,699,2.989853018193379,276.6640886187462,276.56967282224633,0.09441579649984533,same_direction
calibration,1,KITTI_odometry,05,5.0,100,1446,700,3.9711045017224196,276.6640886187462,276.49246148371174,0.17162713503444138,same_direction
calibration,1,KITTI_odometry,05,5.0,100,1446,701,4.956209195988407,276.6640886187462,276.40730246185797,0.2567861568882108,same_direction
calibration,1,KITTI_odometry,05,5.0,100,1447,693,4.099588693222774,276.46784187657147,276.53559938456965,0.0677575079981807,same_direction
calibration,1,KITTI_odometry,05,5.0,100,1447,694,3.1273898082106713,276.46784187657147,276.54963758321173,0.08179570664026414,same_direction
calibration,1,KITTI_odometry,05,5.0,100,1447,695,2.1621058950939545,276.46784187657147,276.5732986043772,0.10545672780574478,same_direction
calibration,1,KITTI_odometry,05,5.0,100,1447,696,1.2149118240020518,276.46784187657147,276.59534237866853,0.12750050209706387,same_direction
calibration,1,KITTI_odometry,05,5.0,100,1447,697,0.44857028033519303,276.46784187657147,276.63540991386515,0.16756803729367675,same_direction
calibration,1,KITTI_odometry,05,5.0,100,1447,698,0.9427320953484044,276.46784187657147,276.6260792463253,0.15823736975380598,same_direction
calibration,1,KITTI_odometry,05,5.0,100,1447,699,1.8831095838798133,276.46784187657147,276.56967282224633,0.1018309456748625,same_direction
calibration,1,KITTI_odometry,05,5.0,100,1447,700,2.8555154635371887,276.46784187657147,276.49246148371174,0.024619607140266453,same_direction
calibration,1,KITTI_odometry,05,5.0,100,1447,701,3.837211596211498,276.46784187657147,276.40730246185797,0.06053941471350299,same_direction
calibration,1,KITTI_odometry,05,5.0,100,1447,702,4.825917503894981,276.46784187657147,276.274619672684,0.19322220388744427,same_direction
calibration,1,KITTI_odometry,05,5.0,100,1448,694,4.256222846656412,276.2924198418076,276.54963758321173,0.25721774140413345,same_direction
calibration,1,KITTI_odometry,05,5.0,100,1448,695,3.283864074364234,276.2924198418076,276.5732986043772,0.2808787625696141,same_direction
calibration,1,KITTI_odometry,05,5.0,100,1448,696,2.31380664265621,276.2924198418076,276.59534237866853,0.3029225368609332,same_direction
calibration,1,KITTI_odometry,05,5.0,100,1448,697,1.3514567969787246,276.2924198418076,276.63540991386515,0.34299007205754606,same_direction
calibration,1,KITTI_odometry,05,5.0,100,1448,698,0.5085024925209215,276.2924198418076,276.6260792463253,0.3336594045176753,same_direction
calibration,1,KITTI_odometry,05,5.0,100,1448,699,0.8109536669871987,276.2924198418076,276.56967282224633,0.2772529804387318,same_direction
calibration,1,KITTI_odometry,05,5.0,100,1448,700,1.7366569604847082,276.2924198418076,276.49246148371174,0.20004164190413576,same_direction
calibration,1,KITTI_odometry,05,5.0,100,1448,701,2.708338198157677,276.2924198418076,276.40730246185797,0.11488262005036631,same_direction
calibration,1,KITTI_odometry,05,5.0,100,1448,702,3.693258449188188,276.2924198418076,276.274619672684,0.01780016912357496,same_direction
calibration,1,KITTI_odometry,05,5.0,100,1448,703,4.681800815925418,276.2924198418076,276.0811078699486,0.2113119718590042,same_direction
calibration,1,KITTI_odometry,05,5.0,100,1449,695,4.409606820125814,276.1116336759344,276.5732986043772,0.4616649284428149,same_direction
calibration,1,KITTI_odometry,05,5.0,100,1449,696,3.43375713957758,276.1116336759344,276.59534237866853,0.483708702734134,same_direction
calibration,1,KITTI_odometry,05,5.0,100,1449,697,2.453258982843026,276.1116336759344,276.63540991386515,0.5237762379307469,same_direction
calibration,1,KITTI_odometry,05,5.0,100,1449,698,1.484171738748586,276.1116336759344,276.6260792463253,0.5144455703908761,same_direction
calibration,1,KITTI_odometry,05,5.0,100,1449,699,0.592532931067962,276.1116336759344,276.56967282224633,0.45803914631193265,same_direction
calibration,1,KITTI_odometry,05,5.0,100,1449,700,0.6836557978983276,276.1116336759344,276.49246148371174,0.3808278077773366,same_direction
calibration,1,KITTI_odometry,05,5.0,100,1449,701,1.5946386981382323,276.1116336759344,276.40730246185797,0.29566878592356716,same_direction
calibration,1,KITTI_odometry,05,5.0,100,1449,702,2.5681172342593652,276.1116336759344,276.274619672684,0.16298599674962588,same_direction
calibration,1,KITTI_odometry,05,5.0,100,1449,703,3.552767131180983,276.1116336759344,276.0811078699486,0.030525805985803345,same_direction
calibration,1,KITTI_odometry,05,5.0,100,1449,704,4.542841134675519,276.1116336759344,275.8858684604168,0.22576521551758333,same_direction
calibration,1,KITTI_odometry,05,5.0,100,1450,696,4.563387125546116,275.95958865837156,276.59534237866853,0.6357537202969752,same_direction
calibration,1,KITTI_odometry,05,5.0,100,1450,697,3.5778522756117295,275.95958865837156,276.63540991386515,0.6758212554935881,same_direction
calibration,1,KITTI_odometry,05,5.0,100,1450,698,2.594441409802894,275.95958865837156,276.6260792463253,0.6664905879537173,same_direction
calibration,1,KITTI_odometry,05,5.0,100,1450,699,1.6193739654570218,275.95958865837156,276.56967282224633,0.6100841638747738,same_direction
calibration,1,KITTI_odometry,05,5.0,100,1450,700,0.7001979894287068,275.95958865837156,276.49246148371174,0.5328728253401778,same_direction
calibration,1,KITTI_odometry,05,5.0,100,1450,701,0.5619235656208061,275.95958865837156,276.40730246185797,0.4477138034864083,same_direction
calibration,1,KITTI_odometry,05,5.0,100,1450,702,1.4522446324569314,275.95958865837156,276.274619672684,0.31503101431246705,same_direction
calibration,1,KITTI_odometry,05,5.0,100,1450,703,2.424323874815399,275.95958865837156,276.0811078699486,0.12151921157703782,same_direction
calibration,1,KITTI_odometry,05,5.0,100,1450,704,3.410355304436759,275.95958865837156,275.8858684604168,0.07372019795474216,same_direction
calibration,1,KITTI_odometry,05,5.0,100,1450,705,4.39922975480935,275.95958865837156,275.7037100729375,0.2558785854340613,same_direction
calibration,1,KITTI_odometry,05,5.0,100,1451,697,4.7138360142139,275.82613670930596,276.63540991386515,0.8092732045591902,same_direction
calibration,1,KITTI_odometry,05,5.0,100,1451,698,3.7262962048259127,275.82613670930596,276.6260792463253,0.7999425370193194,same_direction
calibration,1,KITTI_odometry,05,5.0,100,1451,699,2.7401737668257415,275.82613670930596,276.56967282224633,0.7435361129403759,same_direction
calibration,1,KITTI_odometry,05,5.0,100,1451,700,1.765562918731584,275.82613670930596,276.49246148371174,0.6663247744057799,same_direction
calibration,1,KITTI_odometry,05,5.0,100,1451,701,0.8257172709832372,275.82613670930596,276.40730246185797,0.5811657525520104,same_direction
calibration,1,KITTI_odometry,05,5.0,100,1451,702,0.45282545964199533,275.82613670930596,276.274619672684,0.44848296337806914,same_direction
calibration,1,KITTI_odometry,05,5.0,100,1451,703,1.3053193120459001,275.82613670930596,276.0811078699486,0.2549711606426399,same_direction
calibration,1,KITTI_odometry,05,5.0,100,1451,704,2.276841382903072,275.82613670930596,275.8858684604168,0.05973175111085993,same_direction
calibration,1,KITTI_odometry,05,5.0,100,1451,705,3.261407248780804,275.82613670930596,275.7037100729375,0.12242663636845919,same_direction
calibration,1,KITTI_odometry,05,5.0,100,1451,706,4.25172880715597,275.82613670930596,275.54210151587193,0.28403519343402195,same_direction
calibration,1,KITTI_odometry,05,5.0,100,1452,698,4.865851638808974,275.71601544043904,276.6260792463253,0.9100638058862387,same_direction
calibration,1,KITTI_odometry,05,5.0,100,1452,699,3.8764082493462877,275.71601544043904,276.56967282224633,0.8536573818072952,same_direction
calibration,1,KITTI_odometry,05,5.0,100,1452,700,2.8932181524385574,275.71601544043904,276.49246148371174,0.7764460432726992,same_direction
calibration,1,KITTI_odometry,05,5.0,100,1452,701,1.9155085617140972,275.71601544043904,276.40730246185797,0.6912870214189297,same_direction
calibration,1,KITTI_odometry,05,5.0,100,1452,702,0.9576688384300702,275.71601544043904,276.274619672684,0.5586042322449885,same_direction
calibration,1,KITTI_odometry,05,5.0,100,1452,703,0.3756869941853353,275.71601544043904,276.0811078699486,0.3650924295095592,same_direction
calibration,1,KITTI_odometry,05,5.0,100,1452,704,1.158869061671769,275.71601544043904,275.8858684604168,0.16985301997777924,same_direction
calibration,1,KITTI_odometry,05,5.0,100,1452,705,2.126156421903151,275.71601544043904,275.7037100729375,0.012305367501539877,same_direction
calibration,1,KITTI_odometry,05,5.0,100,1452,706,3.1116548137606745,275.71601544043904,275.54210151587193,0.17391392456710264,same_direction
calibration,1,KITTI_odometry,05,5.0,100,1452,707,4.104714329999101,275.71601544043904,275.41132096341084,0.3046944770281925,same_direction
calibration,1,KITTI_odometry,05,5.0,100,1453,700,4.035364768010446,275.60299212607055,276.49246148371174,0.8894693576411896,same_direction
calibration,1,KITTI_odometry,05,5.0,100,1453,701,3.050814648729095,275.60299212607055,276.40730246185797,0.8043103357874202,same_direction
calibration,1,KITTI_odometry,05,5.0,100,1453,702,2.066659305158935,275.60299212607055,276.274619672684,0.6716275466134789,same_direction
calibration,1,KITTI_odometry,05,5.0,100,1453,703,1.1005598439430815,275.60299212607055,276.0811078699486,0.47811574387804967,same_direction
calibration,1,KITTI_odometry,05,5.0,100,1453,704,0.3545086114609864,275.60299212607055,275.8858684604168,0.2828763343462697,same_direction
calibration,1,KITTI_odometry,05,5.0,100,1453,705,1.0094349669493246,275.60299212607055,275.7037100729375,0.10071794686695057,same_direction
calibration,1,KITTI_odometry,05,5.0,100,1453,706,1.9731081533712107,275.60299212607055,275.54210151587193,0.060890610198612194,same_direction
calibration,1,KITTI_odometry,05,5.0,100,1453,707,2.960590020181777,275.60299212607055,275.41132096341084,0.19167116265970208,same_direction
calibration,1,KITTI_odometry,05,5.0,100,1453,708,3.955278714275382,275.60299212607055,275.29855720218643,0.3044349238841164,same_direction
calibration,1,KITTI_odometry,05,5.0,100,1453,709,4.953535087833735,275.60299212607055,275.19326144021653,0.40973068585401506,same_direction
calibration,1,KITTI_odometry,05,5.0,100,1454,701,4.196665362689759,275.47858353907384,276.40730246185797,0.9287189227841282,same_direction
calibration,1,KITTI_odometry,05,5.0,100,1454,702,3.2071886661217754,275.47858353907384,276.274619672684,0.7960361336101869,same_direction
calibration,1,KITTI_odometry,05,5.0,100,1454,703,2.2219678421615385,275.47858353907384,276.0811078699486,0.6025243308747577,same_direction
calibration,1,KITTI_odometry,05,5.0,100,1454,704,1.2485879072376094,275.47858353907384,275.8858684604168,0.40728492134297767,same_direction
calibration,1,KITTI_odometry,05,5.0,100,1454,705,0.40342723011714615,275.47858353907384,275.7037100729375,0.22512653386365855,same_direction
calibration,1,KITTI_odometry,05,5.0,100,1454,706,0.862589636153822,275.47858353907384,275.54210151587193,0.06351797679809579,same_direction
calibration,1,KITTI_odometry,05,5.0,100,1454,707,1.8210989061827434,275.47858353907384,275.41132096341084,0.0672625756629941,same_direction
calibration,1,KITTI_odometry,05,5.0,100,1454,708,2.8092675013426507,275.47858353907384,275.29855720218643,0.18002633688740843,same_direction
calibration,1,KITTI_odometry,05,5.0,100,1454,709,3.804971609736403,275.47858353907384,275.19326144021653,0.2853220988573071,same_direction
calibration,1,KITTI_odometry,05,5.0,100,1454,710,4.807291112268946,275.47858353907384,275.0722808663763,0.4063026726975636,same_direction
calibration,1,KITTI_odometry,05,5.0,100,1455,702,4.359977602969994,275.3547715763524,276.274619672684,0.9198480963316342,same_direction
calibration,1,KITTI_odometry,05,5.0,100,1455,703,3.370295155160748,275.3547715763524,276.0811078699486,0.726336293596205,same_direction
calibration,1,KITTI_odometry,05,5.0,100,1455,704,2.38233701528562,275.3547715763524,275.8858684604168,0.531096884064425,same_direction
calibration,1,KITTI_odometry,05,5.0,100,1455,705,1.4061319571434239,275.3547715763524,275.7037100729375,0.3489384965851059,same_direction
calibration,1,KITTI_odometry,05,5.0,100,1455,706,0.5029606287772412,275.3547715763524,275.54210151587193,0.18732993951954313,same_direction
calibration,1,KITTI_odometry,05,5.0,100,1455,707,0.7162349346408653,275.3547715763524,275.41132096341084,0.05654938705845325,same_direction
calibration,1,KITTI_odometry,05,5.0,100,1455,708,1.6650019310499313,275.3547715763524,275.29855720218643,0.05621437416596109,same_direction
calibration,1,KITTI_odometry,05,5.0,100,1455,709,2.6528830072206424,275.3547715763524,275.19326144021653,0.16151013613585974,same_direction
calibration,1,KITTI_odometry,05,5.0,100,1455,710,3.6523862586533786,275.3547715763524,275.0722808663763,0.28249070997611625,same_direction
calibration,1,KITTI_odometry,05,5.0,100,1455,711,4.654358040686178,275.3547715763524,275.0079593828663,0.3468121934860733,same_direction
calibration,1,KITTI_odometry,05,5.0,100,1456,703,4.523980163628046,275.2319683569238,276.0811078699486,0.8491395130247952,same_direction
calibration,1,KITTI_odometry,05,5.0,100,1456,704,3.53235738627903,275.2319683569238,275.8858684604168,0.6539001034930152,same_direction
calibration,1,KITTI_odometry,05,5.0,100,1456,705,2.544955363871831,275.2319683569238,275.7037100729375,0.4717417160136961,same_direction
calibration,1,KITTI_odometry,05,5.0,100,1456,706,1.56418356048771,275.2319683569238,275.54210151587193,0.3101331589481333,same_direction
calibration,1,KITTI_odometry,05,5.0,100,1456,707,0.6277048111971185,275.2319683569238,275.41132096341084,0.17935260648704343,same_direction
calibration,1,KITTI_odometry,05,5.0,100,1456,708,0.5800999296672908,275.2319683569238,275.29855720218643,0.06658884526262909,same_direction
calibration,1,KITTI_odometry,05,5.0,100,1456,709,1.5104338057657498,275.2319683569238,275.19326144021653,0.038706916707269556,same_direction
calibration,1,KITTI_odometry,05,5.0,100,1456,710,2.5006068976150555,275.2319683569238,275.0722808663763,0.15968749054752607,same_direction
calibration,1,KITTI_odometry,05,5.0,100,1456,711,3.4994690172796257,275.2319683569238,275.0079593828663,0.2240089740574831,same_direction
calibration,1,KITTI_odometry,05,5.0,100,1456,712,4.500864209915697,275.2319683569238,274.95217137872504,0.27979697819876037,same_direction
calibration,1,KITTI_odometry,05,5.0,100,1457,704,4.693628631719814,275.1127561134433,275.8858684604168,0.7731123469735053,same_direction
calibration,1,KITTI_odometry,05,5.0,100,1457,705,3.703096731601808,275.1127561134433,275.7037100729375,0.5909539594941862,same_direction
calibration,1,KITTI_odometry,05,5.0,100,1457,706,2.713450222060468,275.1127561134433,275.54210151587193,0.4293454024286234,same_direction
calibration,1,KITTI_odometry,05,5.0,100,1457,707,1.727227128926595,275.1127561134433,275.41132096341084,0.2985648499675335,same_direction
calibration,1,KITTI_odometry,05,5.0,100,1457,708,0.7712657081058331,275.1127561134433,275.29855720218643,0.18580108874311918,same_direction
calibration,1,KITTI_odometry,05,5.0,100,1457,709,0.45257949898331173,275.1127561134433,275.19326144021653,0.08050532677322053,same_direction
calibration,1,KITTI_odometry,05,5.0,100,1457,710,1.3533675156807865,275.1127561134433,275.0722808663763,0.04047524706703598,same_direction
calibration,1,KITTI_odometry,05,5.0,100,1457,711,2.3410709087936676,275.1127561134433,275.0079593828663,0.10479673057699301,same_direction
calibration,1,KITTI_odometry,05,5.0,100,1457,712,3.3389551392014885,275.1127561134433,274.95217137872504,0.16058473471827028,same_direction
calibration,1,KITTI_odometry,05,5.0,100,1457,713,4.3381369428477035,275.1127561134433,274.9344929258297,0.17826318761359516,same_direction
calibration,1,KITTI_odometry,05,5.0,100,1458,705,4.869782015665592,274.98000760891307,275.7037100729375,0.7237024640244272,same_direction
calibration,1,KITTI_odometry,05,5.0,100,1458,706,3.877530675429925,274.98000760891307,275.54210151587193,0.5620939069588644,same_direction
calibration,1,KITTI_odometry,05,5.0,100,1458,707,2.8843432250687586,274.98000760891307,275.41132096341084,0.4313133544977745,same_direction
calibration,1,KITTI_odometry,05,5.0,100,1458,708,1.8948645414382583,274.98000760891307,275.29855720218643,0.3185495932733602,same_direction
calibration,1,KITTI_odometry,05,5.0,100,1458,709,0.9252348651018232,274.98000760891307,275.19326144021653,0.21325383130346154,same_direction
calibration,1,KITTI_odometry,05,5.0,100,1458,710,0.35836729538281054,274.98000760891307,275.0722808663763,0.09227325746320503,same_direction
calibration,1,KITTI_odometry,05,5.0,100,1458,711,1.19316080010198,274.98000760891307,275.0079593828663,0.027951773953247994,same_direction
calibration,1,KITTI_odometry,05,5.0,100,1458,712,2.1768300282980313,274.98000760891307,274.95217137872504,0.027836230188029276,same_direction
calibration,1,KITTI_odometry,05,5.0,100,1458,713,3.1718218487172316,274.98000760891307,274.9344929258297,0.04551468308335416,same_direction
calibration,1,KITTI_odometry,05,5.0,100,1458,714,4.173151742939617,274.98000760891307,274.9232389762796,0.05676863263346377,same_direction
calibration,1,KITTI_odometry,05,5.0,100,1459,707,4.050246418046694,274.8297666273764,275.41132096341084,0.5815543360344577,same_direction
calibration,1,KITTI_odometry,05,5.0,100,1459,708,3.054964879094364,274.8297666273764,275.29855720218643,0.4687905748100434,same_direction
calibration,1,KITTI_odometry,05,5.0,100,1459,709,2.061946548991993,274.8297666273764,275.19326144021653,0.36349481284014473,same_direction
calibration,1,KITTI_odometry,05,5.0,100,1459,710,1.0803914718748946,274.8297666273764,275.0722808663763,0.24251423899988822,same_direction
calibration,1,KITTI_odometry,05,5.0,100,1459,711,0.32600259201422876,274.8297666273764,275.0079593828663,0.1781927554899312,same_direction
calibration,1,KITTI_odometry,05,5.0,100,1459,712,1.032374867768487,274.8297666273764,274.95217137872504,0.12240475134865392,same_direction
calibration,1,KITTI_odometry,05,5.0,100,1459,713,2.009066655663769,274.8297666273764,274.9344929258297,0.10472629845332904,same_direction
calibration,1,KITTI_odometry,05,5.0,100,1459,714,3.0056233263833945,274.8297666273764,274.9232389762796,0.09347234890321943,same_direction
calibration,1,KITTI_odometry,05,5.0,100,1459,715,4.005670550469674,274.8297666273764,274.88955482403304,0.05978819665665469,same_direction
calibration,1,KITTI_odometry,05,5.0,100,1460,708,4.218874335601863,274.6613158993899,275.29855720218643,0.6372413027965536,same_direction
calibration,1,KITTI_odometry,05,5.0,100,1460,709,3.221266757286641,274.6613158993899,275.19326144021653,0.5319455408266549,same_direction
calibration,1,KITTI_odometry,05,5.0,100,1460,710,2.222843448288703,274.6613158993899,275.0722808663763,0.4109649669863984,same_direction
calibration,1,KITTI_odometry,05,5.0,100,1460,711,1.236719695848657,274.6613158993899,275.0079593828663,0.34664348347644136,same_direction
calibration,1,KITTI_odometry,05,5.0,100,1460,712,0.37301098227799506,274.6613158993899,274.95217137872504,0.2908554793351641,same_direction
calibration,1,KITTI_odometry,05,5.0,100,1460,713,0.8740400130428833,274.6613158993899,274.9344929258297,0.2731770264398392,same_direction
calibration,1,KITTI_odometry,05,5.0,100,1460,714,1.8465201543443788,274.6613158993899,274.9232389762796,0.2619230768897296,same_direction
calibration,1,KITTI_odometry,05,5.0,100,1460,715,2.84116991790354,274.6613158993899,274.88955482403304,0.22823892464316486,same_direction
calibration,1,KITTI_odometry,05,5.0,100,1460,716,3.8416332769279253,274.6613158993899,274.85644110942326,0.1951252100333818,same_direction
calibration,1,KITTI_odometry,05,5.0,100,1460,717,4.842313824856873,274.6613158993899,274.79031232355845,0.1289964241685766,same_direction
calibration,1,KITTI_odometry,05,5.0,100,1461,709,4.38079364814185,274.507230184997,275.19326144021653,0.6860312552195182,same_direction
calibration,1,KITTI_odometry,05,5.0,100,1461,710,3.3785640610176406,274.507230184997,275.0722808663763,0.5650506813792617,same_direction
calibration,1,KITTI_odometry,05,5.0,100,1461,711,2.379609674064212,274.507230184997,275.0079593828663,0.5007291978693047,same_direction
calibration,1,KITTI_odometry,05,5.0,100,1461,712,1.3900814185147523,274.507230184997,274.95217137872504,0.44494119372802743,same_direction
calibration,1,KITTI_odometry,05,5.0,100,1461,713,0.4704934643541914,274.507230184997,274.9344929258297,0.42726274083270255,same_direction
calibration,1,KITTI_odometry,05,5.0,100,1461,714,0.7247904922113736,274.507230184997,274.9232389762796,0.41600879128259294,same_direction
calibration,1,KITTI_odometry,05,5.0,100,1461,715,1.6878651634535315,274.507230184997,274.88955482403304,0.3823246390360282,same_direction
calibration,1,KITTI_odometry,05,5.0,100,1461,716,2.682080176952211,274.507230184997,274.85644110942326,0.34921092442624513,same_direction
calibration,1,KITTI_odometry,05,5.0,100,1461,717,3.6805289579080904,274.507230184997,274.79031232355845,0.28308213856143993,same_direction
calibration,1,KITTI_odometry,05,5.0,100,1461,718,4.6806941256185475,274.507230184997,274.72459186913176,0.21736168413474388,same_direction
calibration,1,KITTI_odometry,05,5.0,100,1462,710,4.540006412065959,274.404321833952,275.0722808663763,0.6679590324242781,same_direction
calibration,1,KITTI_odometry,05,5.0,100,1462,711,3.5378142201223604,274.404321833952,275.0079593828663,0.6036375489143211,same_direction
calibration,1,KITTI_odometry,05,5.0,100,1462,712,2.538355710395999,274.404321833952,274.95217137872504,0.5478495447730438,same_direction
calibration,1,KITTI_odometry,05,5.0,100,1462,713,1.547171741468932,274.404321833952,274.9344929258297,0.5301710918777189,same_direction
calibration,1,KITTI_odometry,05,5.0,100,1462,714,0.5942912753860753,274.404321833952,274.9232389762796,0.5189171423276093,same_direction
calibration,1,KITTI_odometry,05,5.0,100,1462,715,0.5787214559699698,274.404321833952,274.88955482403304,0.4852329900810446,same_direction
calibration,1,KITTI_odometry,05,5.0,100,1462,716,1.528256277592207,274.404321833952,274.85644110942326,0.4521192754712615,same_direction
calibration,1,KITTI_odometry,05,5.0,100,1462,717,2.5196056984377524,274.404321833952,274.79031232355845,0.3859904896064563,same_direction
calibration,1,KITTI_odometry,05,5.0,100,1462,718,3.517452401952294,274.404321833952,274.72459186913176,0.32027003517976027,same_direction
calibration,1,KITTI_odometry,05,5.0,100,1462,719,4.515678069138676,274.404321833952,274.6356423923781,0.23132055842609134,same_direction
calibration,1,KITTI_odometry,05,5.0,100,1463,711,4.696446785560334,274.3199862041754,275.0079593828663,0.6879731786909247,same_direction
calibration,1,KITTI_odometry,05,5.0,100,1463,712,3.6942588380350365,274.3199862041754,274.95217137872504,0.6321851745496474,same_direction
calibration,1,KITTI_odometry,05,5.0,100,1463,713,2.6955456951979166,274.3199862041754,274.9344929258297,0.6145067216543225,same_direction
calibration,1,KITTI_odometry,05,5.0,100,1463,714,1.699230862743502,274.3199862041754,274.9232389762796,0.6032527721042129,same_direction
calibration,1,KITTI_odometry,05,5.0,100,1463,715,0.7305915978848961,274.3199862041754,274.88955482403304,0.5695686198576482,same_direction
calibration,1,KITTI_odometry,05,5.0,100,1463,716,0.4437190427511478,274.3199862041754,274.85644110942326,0.5364549052478651,same_direction
calibration,1,KITTI_odometry,05,5.0,100,1463,717,1.3697878189340125,274.3199862041754,274.79031232355845,0.4703261193830599,same_direction
calibration,1,KITTI_odometry,05,5.0,100,1463,718,2.3597239128550562,274.3199862041754,274.72459186913176,0.40460566495636385,same_direction
calibration,1,KITTI_odometry,05,5.0,100,1463,719,3.355534766859078,274.3199862041754,274.6356423923781,0.3156561882026949,same_direction
calibration,1,KITTI_odometry,05,5.0,100,1463,720,4.348772772277256,274.3199862041754,274.5560873305103,0.23610112633491553,same_direction
calibration,1,KITTI_odometry,05,5.0,100,1464,712,4.850669366180297,274.2306251751853,274.95217137872504,0.7215462035397309,same_direction
calibration,1,KITTI_odometry,05,5.0,100,1464,713,3.849782103717042,274.2306251751853,274.9344929258297,0.703867750644406,same_direction
calibration,1,KITTI_odometry,05,5.0,100,1464,714,2.847756250541824,274.2306251751853,274.9232389762796,0.6926138010942964,same_direction
calibration,1,KITTI_odometry,05,5.0,100,1464,715,1.8510068671131388,274.2306251751853,274.88955482403304,0.6589296488477316,same_direction
calibration,1,KITTI_odometry,05,5.0,100,1464,716,0.8702406233335649,274.2306251751853,274.85644110942326,0.6258159342379486,same_direction
calibration,1,KITTI_odometry,05,5.0,100,1464,717,0.3298844405242495,274.2306251751853,274.79031232355845,0.5596871483731434,same_direction
calibration,1,KITTI_odometry,05,5.0,100,1464,718,1.2141681113008969,274.2306251751853,274.72459186913176,0.4939666939464473,same_direction
calibration,1,KITTI_odometry,05,5.0,100,1464,719,2.2007797971628165,274.2306251751853,274.6356423923781,0.4050172171927784,same_direction
calibration,1,KITTI_odometry,05,5.0,100,1464,720,3.191420855371477,274.2306251751853,274.5560873305103,0.325462155324999,same_direction
calibration,1,KITTI_odometry,05,5.0,100,1464,721,4.185037574216028,274.2306251751853,274.473089024652,0.24246384946667376,same_direction
calibration,1,KITTI_odometry,05,5.0,100,1465,714,4.0021946956138965,274.1422476973527,274.9232389762796,0.7809912789269333,same_direction
calibration,1,KITTI_odometry,05,5.0,100,1465,715,3.0008585188242334,274.1422476973527,274.88955482403304,0.7473071266803686,same_direction
calibration,1,KITTI_odometry,05,5.0,100,1465,716,2.0012934166683247,274.1422476973527,274.85644110942326,0.7141934120705855,same_direction
calibration,1,KITTI_odometry,05,5.0,100,1465,717,1.0147485057884968,274.1422476973527,274.79031232355845,0.6480646262057803,same_direction
calibration,1,KITTI_odometry,05,5.0,100,1465,718,0.2635218047904074,274.1422476973527,274.72459186913176,0.5823441717790843,same_direction
calibration,1,KITTI_odometry,05,5.0,100,1465,719,1.0571275679406016,274.1422476973527,274.6356423923781,0.49339469502541533,same_direction
calibration,1,KITTI_odometry,05,5.0,100,1465,720,2.0370821313830283,274.1422476973527,274.5560873305103,0.41383963315763594,same_direction
calibration,1,KITTI_odometry,05,5.0,100,1465,721,3.02799565926043,274.1422476973527,274.473089024652,0.3308413272993107,same_direction
calibration,1,KITTI_odometry,05,5.0,100,1465,722,4.016352756780713,274.1422476973527,274.3861813797343,0.24393368238162338,same_direction
calibration,1,KITTI_odometry,05,5.0,100,1466,715,4.153093579598225,274.0631609683097,274.88955482403304,0.8263938557233246,same_direction
calibration,1,KITTI_odometry,05,5.0,100,1466,716,3.150140919212979,274.0631609683097,274.85644110942326,0.7932801411135415,same_direction
calibration,1,KITTI_odometry,05,5.0,100,1466,717,2.151091868540252,274.0631609683097,274.79031232355845,0.7271513552487363,same_direction
calibration,1,KITTI_odometry,05,5.0,100,1466,718,1.16082432215215,274.0631609683097,274.72459186913176,0.6614309008220403,same_direction
calibration,1,KITTI_odometry,05,5.0,100,1466,719,0.2840187099470667,274.0631609683097,274.6356423923781,0.5724814240683713,same_direction
calibration,1,KITTI_odometry,05,5.0,100,1466,720,0.8997247039511572,274.0631609683097,274.5560873305103,0.49292636220059194,same_direction
calibration,1,KITTI_odometry,05,5.0,100,1466,721,1.8773527858130394,274.0631609683097,274.473089024652,0.4099280563422667,same_direction
calibration,1,KITTI_odometry,05,5.0,100,1466,722,2.862700414224302,274.0631609683097,274.3861813797343,0.3230204114245794,same_direction
calibration,1,KITTI_odometry,05,5.0,100,1466,723,3.8523591481195,274.0631609683097,274.27771487328357,0.21455390497385451,same_direction
calibration,1,KITTI_odometry,05,5.0,100,1466,724,4.837482370985965,274.0631609683097,274.1412873404121,0.07812637210236062,same_direction
calibration,1,KITTI_odometry,05,5.0,100,1467,716,4.3012448037864575,274.0084471626438,274.85644110942326,0.8479939467794679,same_direction
calibration,1,KITTI_odometry,05,5.0,100,1467,717,3.299579884242841,274.0084471626438,274.79031232355845,0.7818651609146627,same_direction
calibration,1,KITTI_odometry,05,5.0,100,1467,718,2.3003405169887388,274.0084471626438,274.72459186913176,0.7161447064879667,same_direction
calibration,1,KITTI_odometry,05,5.0,100,1467,719,1.308901353196644,274.0084471626438,274.6356423923781,0.6271952297342978,same_direction
calibration,1,KITTI_odometry,05,5.0,100,1467,720,0.3769850295436265,274.0084471626438,274.5560873305103,0.5476401678665184,same_direction
calibration,1,KITTI_odometry,05,5.0,100,1467,721,0.7458954484376478,274.0084471626438,274.473089024652,0.46464186200819313,same_direction
calibration,1,KITTI_odometry,05,5.0,100,1467,722,1.714235034760404,274.0084471626438,274.3861813797343,0.3777342170905058,same_direction
calibration,1,KITTI_odometry,05,5.0,100,1467,723,2.700431984349914,274.0084471626438,274.27771487328357,0.26926771063978094,same_direction
calibration,1,KITTI_odometry,05,5.0,100,1467,724,3.6843745844308513,274.0084471626438,274.1412873404121,0.13284017776828705,same_direction
calibration,1,KITTI_odometry,05,5.0,100,1467,725,4.661116023614943,274.0084471626438,273.9972029434271,0.011244219216678175,same_direction
calibration,1,KITTI_odometry,05,5.0,100,1468,717,4.445935679707928,273.93994088063374,274.79031232355845,0.8503714429247111,same_direction
calibration,1,KITTI_odometry,05,5.0,100,1468,718,3.4445814524409237,273.93994088063374,274.72459186913176,0.7846509884980151,same_direction
calibration,1,KITTI_odometry,05,5.0,100,1468,719,2.4465707289183367,273.93994088063374,274.6356423923781,0.6957015117443461,same_direction
calibration,1,KITTI_odometry,05,5.0,100,1468,720,1.4577413625537297,273.93994088063374,274.5560873305103,0.6161464498765667,same_direction
calibration,1,KITTI_odometry,05,5.0,100,1468,721,0.49888319434513284,273.93994088063374,274.473089024652,0.5331481440182415,same_direction
calibration,1,KITTI_odometry,05,5.0,100,1468,722,0.5941682738080184,273.93994088063374,274.3861813797343,0.4462404991005542,same_direction
calibration,1,KITTI_odometry,05,5.0,100,1468,723,1.5572963176287322,273.93994088063374,274.27771487328357,0.3377739926498293,same_direction
calibration,1,KITTI_odometry,05,5.0,100,1468,724,2.537592124357263,273.93994088063374,274.1412873404121,0.20134645977833543,same_direction
calibration,1,KITTI_odometry,05,5.0,100,1468,725,3.513077501336966,273.93994088063374,273.9972029434271,0.057262062793370205,same_direction
calibration,1,KITTI_odometry,05,5.0,100,1468,726,4.490114608292308,273.93994088063374,273.8475511517206,0.09238972891313324,same_direction
calibration,1,KITTI_odometry,05,5.0,100,1469,718,4.592870898468624,273.8713191879357,274.72459186913176,0.8532726811960742,same_direction
calibration,1,KITTI_odometry,05,5.0,100,1469,719,3.593215943705578,273.8713191879357,274.6356423923781,0.7643232044424053,same_direction
calibration,1,KITTI_odometry,05,5.0,100,1469,720,2.599650779162459,273.8713191879357,274.5560873305103,0.6847681425746259,same_direction
calibration,1,KITTI_odometry,05,5.0,100,1469,721,1.6090271812806627,273.8713191879357,274.473089024652,0.6017698367163007,same_direction
calibration,1,KITTI_odometry,05,5.0,100,1469,722,0.642125559450791,273.8713191879357,274.3861813797343,0.5148621917986134,same_direction
calibration,1,KITTI_odometry,05,5.0,100,1469,723,0.44738757291637676,273.8713191879357,274.27771487328357,0.4063956853478885,same_direction
calibration,1,KITTI_odometry,05,5.0,100,1469,724,1.3941265782202164,273.8713191879357,274.1412873404121,0.2699681524763946,same_direction
calibration,1,KITTI_odometry,05,5.0,100,1469,725,2.365209564689777,273.8713191879357,273.9972029434271,0.12588375549142938,same_direction
calibration,1,KITTI_odometry,05,5.0,100,1469,726,3.340900310111035,273.8713191879357,273.8475511517206,0.023768036215074062,same_direction
calibration,1,KITTI_odometry,05,5.0,100,1469,727,4.3160763849125745,273.8713191879357,273.7402549073753,0.13106428056039476,same_direction
calibration,1,KITTI_odometry,05,5.0,100,1470,719,4.736028269383533,273.7959452989769,274.6356423923781,0.8396970934011847,same_direction
calibration,1,KITTI_odometry,05,5.0,100,1470,720,3.741145877415099,273.7959452989769,274.5560873305103,0.7601420315334053,same_direction
calibration,1,KITTI_odometry,05,5.0,100,1470,721,2.74688955176578,273.7959452989769,274.473089024652,0.6771437256750801,same_direction
calibration,1,KITTI_odometry,05,5.0,100,1470,722,1.7605185163468158,273.7959452989769,274.3861813797343,0.5902360807573928,same_direction
calibration,1,KITTI_odometry,05,5.0,100,1470,723,0.783859019530937,273.7959452989769,274.27771487328357,0.4817695743066679,same_direction
calibration,1,KITTI_odometry,05,5.0,100,1470,724,0.3138335265710144,273.7959452989769,274.1412873404121,0.345342041435174,same_direction
calibration,1,KITTI_odometry,05,5.0,100,1470,725,1.228293653814103,273.7959452989769,273.9972029434271,0.20125764445020877,same_direction
calibration,1,KITTI_odometry,05,5.0,100,1470,726,2.1989457383937423,273.7959452989769,273.8475511517206,0.05160585274370533,same_direction
calibration,1,KITTI_odometry,05,5.0,100,1470,727,3.1726512355599352,273.7959452989769,273.7402549073753,0.055690391601615374,same_direction
calibration,1,KITTI_odometry,05,5.0,100,1470,728,4.15206694671461,273.7959452989769,273.59026656144323,0.20567873753367394,same_direction
calibration,1,KITTI_odometry,05,5.0,100,1471,720,4.87517856006321,273.7513293615099,274.5560873305103,0.8047579690004341,same_direction
calibration,1,KITTI_odometry,05,5.0,100,1471,721,3.879868586692082,273.7513293615099,274.473089024652,0.7217596631421088,same_direction
calibration,1,KITTI_odometry,05,5.0,100,1471,722,2.8907289060719603,273.7513293615099,274.3861813797343,0.6348520182244215,same_direction
calibration,1,KITTI_odometry,05,5.0,100,1471,723,1.9017814412019063,273.7513293615099,274.27771487328357,0.5263855117736966,same_direction
calibration,1,KITTI_odometry,05,5.0,100,1471,724,0.9271570484011851,273.7513293615099,274.1412873404121,0.38995797890220274,same_direction
calibration,1,KITTI_odometry,05,5.0,100,1471,725,0.2177962433101345,273.7513293615099,273.9972029434271,0.24587358191723752,same_direction
calibration,1,KITTI_odometry,05,5.0,100,1471,726,1.0730207800410976,273.7513293615099,273.8475511517206,0.09622179021073407,same_direction
calibration,1,KITTI_odometry,05,5.0,100,1471,727,2.040385206302965,273.7513293615099,273.7402549073753,0.011074454134586631,same_direction
calibration,1,KITTI_odometry,05,5.0,100,1471,728,3.0181073164485044,273.7513293615099,273.59026656144323,0.1610628000666452,same_direction
calibration,1,KITTI_odometry,05,5.0,100,1471,729,3.9899668698499244,273.7513293615099,273.4756879164885,0.27564144502139243,same_direction
calibration,1,KITTI_odometry,05,5.0,100,1471,730,4.956665306271949,273.7513293615099,273.42045486411513,0.3308744973947455,same_direction
calibration,1,KITTI_odometry,05,5.0,100,1472,722,4.026012339076967,273.6696857302633,274.3861813797343,0.7164956494709713,same_direction
calibration,1,KITTI_odometry,05,5.0,100,1472,723,3.0349424595039682,273.6696857302633,274.27771487328357,0.6080291430202465,same_direction
calibration,1,KITTI_odometry,05,5.0,100,1472,724,2.0515153692819346,273.6696857302633,274.1412873404121,0.47160161014875257,same_direction
calibration,1,KITTI_odometry,05,5.0,100,1472,725,1.0818344420474009,273.6696857302633,273.9972029434271,0.32751721316378735,same_direction
calibration,1,KITTI_odometry,05,5.0,100,1472,726,0.21864521124416428,273.6696857302633,273.8475511517206,0.1778654214572839,same_direction
calibration,1,KITTI_odometry,05,5.0,100,1472,727,0.9150244327338994,273.6696857302633,273.7402549073753,0.0705691771119632,same_direction
calibration,1,KITTI_odometry,05,5.0,100,1472,728,1.8844418404397603,273.6696857302633,273.59026656144323,0.07941916882009536,same_direction
calibration,1,KITTI_odometry,05,5.0,100,1472,729,2.8542393676950075,273.6696857302633,273.4756879164885,0.1939978137748426,same_direction
calibration,1,KITTI_odometry,05,5.0,100,1472,730,3.820148479260981,273.6696857302633,273.42045486411513,0.24923086614819567,same_direction
calibration,1,KITTI_odometry,05,5.0,100,1472,731,4.783104211869108,273.6696857302633,273.407191541789,0.2624941884743066,same_direction
calibration,1,KITTI_odometry,05,5.0,100,1473,723,4.1673071929124665,273.6123912924544,274.27771487328357,0.6653235808291811,same_direction
calibration,1,KITTI_odometry,05,5.0,100,1473,724,3.18211748928288,273.6123912924544,274.1412873404121,0.5288960479576872,same_direction
calibration,1,KITTI_odometry,05,5.0,100,1473,725,2.2063303496076943,273.6123912924544,273.9972029434271,0.38481165097272196,same_direction
calibration,1,KITTI_odometry,05,5.0,100,1473,726,1.2350576867498964,273.6123912924544,273.8475511517206,0.23515985926621852,same_direction
calibration,1,KITTI_odometry,05,5.0,100,1473,727,0.314666839848119,273.6123912924544,273.7402549073753,0.12786361492089782,same_direction
calibration,1,KITTI_odometry,05,5.0,100,1473,728,0.7664599412885194,273.6123912924544,273.59026656144323,0.022124731011160748,same_direction
calibration,1,KITTI_odometry,05,5.0,100,1473,729,1.7245911639864107,273.6123912924544,273.4756879164885,0.13670337596590798,same_direction
calibration,1,KITTI_odometry,05,5.0,100,1473,730,2.6880617738437476,273.6123912924544,273.42045486411513,0.19193642833926106,same_direction
calibration,1,KITTI_odometry,05,5.0,100,1473,731,3.6501096654758216,273.6123912924544,273.407191541789,0.205199750665372,same_direction
calibration,1,KITTI_odometry,05,5.0,100,1473,732,4.608893174071189,273.6123912924544,273.41714952198373,0.19524177047065905,same_direction
calibration,1,KITTI_odometry,05,5.0,100,1474,724,4.315008801335169,273.51550085287295,274.1412873404121,0.6257864875391306,same_direction
calibration,1,KITTI_odometry,05,5.0,100,1474,725,3.337860430215741,273.51550085287295,273.9972029434271,0.48170209055416535,same_direction
calibration,1,KITTI_odometry,05,5.0,100,1474,726,2.361873279750631,273.51550085287295,273.8475511517206,0.3320502988476619,same_direction
calibration,1,KITTI_odometry,05,5.0,100,1474,727,1.391368524187609,273.51550085287295,273.7402549073753,0.2247540545023412,same_direction
calibration,1,KITTI_odometry,05,5.0,100,1474,728,0.4456224204413451,273.51550085287295,273.59026656144323,0.07476570857028264,same_direction
calibration,1,KITTI_odometry,05,5.0,100,1474,729,0.6133188672297621,273.51550085287295,273.4756879164885,0.03981293638446459,same_direction
calibration,1,KITTI_odometry,05,5.0,100,1474,730,1.5594460683204125,273.51550085287295,273.42045486411513,0.09504598875781767,same_direction
calibration,1,KITTI_odometry,05,5.0,100,1474,731,2.5183756689580705,273.51550085287295,273.407191541789,0.1083093110839286,same_direction
calibration,1,KITTI_odometry,05,5.0,100,1474,732,3.476016468603104,273.51550085287295,273.41714952198373,0.09835133088921566,same_direction
calibration,1,KITTI_odometry,05,5.0,100,1474,733,4.434846762358313,273.51550085287295,273.43162113020617,0.08387972266677934,same_direction
calibration,1,KITTI_odometry,05,5.0,100,1475,725,4.463575020373243,273.43990563924615,273.9972029434271,0.5572973041809632,same_direction
calibration,1,KITTI_odometry,05,5.0,100,1475,726,3.486334285019151,273.43990563924615,273.8475511517206,0.4076455124744598,same_direction
calibration,1,KITTI_odometry,05,5.0,100,1475,727,2.5119693250515627,273.43990563924615,273.7402549073753,0.3003492681291391,same_direction
calibration,1,KITTI_odometry,05,5.0,100,1475,728,1.536592103487455,273.43990563924615,273.59026656144323,0.15036092219708053,same_direction
calibration,1,KITTI_odometry,05,5.0,100,1475,729,0.5862158541015356,273.43990563924615,273.4756879164885,0.035782277242333294,same_direction
calibration,1,KITTI_odometry,05,5.0,100,1475,730,0.4665074962956017,273.43990563924615,273.42045486411513,0.019450775131019782,same_direction
calibration,1,KITTI_odometry,05,5.0,100,1475,731,1.3980833530587526,273.43990563924615,273.407191541789,0.03271409745713072,same_direction
calibration,1,KITTI_odometry,05,5.0,100,1475,732,2.351780718965949,273.43990563924615,273.41714952198373,0.022756117262417774,same_direction
calibration,1,KITTI_odometry,05,5.0,100,1475,733,3.3092713546791552,273.43990563924615,273.43162113020617,0.008284509039981458,same_direction
calibration,1,KITTI_odometry,05,5.0,100,1475,734,4.266708063554386,273.43990563924615,273.4535333482046,0.013627708958438234,same_direction
calibration,1,KITTI_odometry,05,5.0,100,1476,726,4.608507135949781,273.3636354687107,273.8475511517206,0.4839156830099114,same_direction
calibration,1,KITTI_odometry,05,5.0,100,1476,727,3.6330061708728287,273.3636354687107,273.7402549073753,0.3766194386645907,same_direction
calibration,1,KITTI_odometry,05,5.0,100,1476,728,2.654287010498307,273.3636354687107,273.59026656144323,0.22663109273253212,same_direction
calibration,1,KITTI_odometry,05,5.0,100,1476,729,1.6851147825593409,273.3636354687107,273.4756879164885,0.11205244777778489,same_direction
calibration,1,KITTI_odometry,05,5.0,100,1476,730,0.7339444818921955,273.3636354687107,273.42045486411513,0.056819395404431816,same_direction
calibration,1,KITTI_odometry,05,5.0,100,1476,731,0.3303169273591719,273.3636354687107,273.407191541789,0.04355607307832088,same_direction
calibration,1,KITTI_odometry,05,5.0,100,1476,732,1.2360565328899764,273.3636354687107,273.41714952198373,0.053514053273033824,same_direction
calibration,1,KITTI_odometry,05,5.0,100,1476,733,2.1886517854834717,273.3636354687107,273.43162113020617,0.06798566149547014,same_direction
calibration,1,KITTI_odometry,05,5.0,100,1476,734,3.144601226610457,273.3636354687107,273.4535333482046,0.08989787949388983,same_direction
calibration,1,KITTI_odometry,05,5.0,100,1476,735,4.098590616895027,273.3636354687107,273.45195257907847,0.08831711036776824,same_direction
calibration,1,KITTI_odometry,05,5.0,100,1477,727,4.739461915492097,273.28762231345775,273.7402549073753,0.4526325939175422,same_direction
calibration,1,KITTI_odometry,05,5.0,100,1477,728,3.7597263375011765,273.28762231345775,273.59026656144323,0.3026442479854836,same_direction
calibration,1,KITTI_odometry,05,5.0,100,1477,729,2.787952849601296,273.28762231345775,273.4756879164885,0.18806560303073638,same_direction
calibration,1,KITTI_odometry,05,5.0,100,1477,730,1.8241587416943699,273.28762231345775,273.42045486411513,0.1328325506573833,same_direction
calibration,1,KITTI_odometry,05,5.0,100,1477,731,0.8729362456101788,273.28762231345775,273.407191541789,0.11956922833127237,same_direction
calibration,1,KITTI_odometry,05,5.0,100,1477,732,0.2317456211020876,273.28762231345775,273.41714952198373,0.12952720852598532,same_direction
calibration,1,KITTI_odometry,05,5.0,100,1477,733,1.090183558901893,273.28762231345775,273.43162113020617,0.14399881674842163,same_direction
calibration,1,KITTI_odometry,05,5.0,100,1477,734,2.0401105410246787,273.28762231345775,273.4535333482046,0.16591103474684132,same_direction
calibration,1,KITTI_odometry,05,5.0,100,1477,735,2.9923959384580097,273.28762231345775,273.45195257907847,0.16433026562071973,same_direction
calibration,1,KITTI_odometry,05,5.0,100,1477,736,3.9408617369301355,273.28762231345775,273.4498674242732,0.1622451108154337,same_direction
calibration,1,KITTI_odometry,05,5.0,100,1477,737,4.876571533782722,273.28762231345775,273.422439174431,0.13481686097327383,same_direction
calibration,1,KITTI_odometry,05,5.0,100,1478,728,4.865598163186108,273.2261639710378,273.59026656144323,0.36410259040542314,same_direction
calibration,1,KITTI_odometry,05,5.0,100,1478,729,3.8929819291771697,273.2261639710378,273.4756879164885,0.2495239454506759,same_direction
calibration,1,KITTI_odometry,05,5.0,100,1478,730,2.927000553467661,273.2261639710378,273.42045486411513,0.19429089307732283,same_direction
calibration,1,KITTI_odometry,05,5.0,100,1478,731,1.9665063564606131,273.2261639710378,273.407191541789,0.1810275707512119,same_direction
calibration,1,KITTI_odometry,05,5.0,100,1478,732,1.016422574523016,273.2261639710378,273.41714952198373,0.19098555094592484,same_direction
calibration,1,KITTI_odometry,05,5.0,100,1478,733,0.20410424199412036,273.2261639710378,273.43162113020617,0.20545715916836116,same_direction
calibration,1,KITTI_odometry,05,5.0,100,1478,734,0.94432503667964,273.2261639710378,273.4535333482046,0.22736937716678085,same_direction
calibration,1,KITTI_odometry,05,5.0,100,1478,735,1.8888868400198011,273.2261639710378,273.45195257907847,0.22578860804065926,same_direction
calibration,1,KITTI_odometry,05,5.0,100,1478,736,2.8354253834125136,273.2261639710378,273.4498674242732,0.22370345323537322,same_direction
calibration,1,KITTI_odometry,05,5.0,100,1478,737,3.7703624520196963,273.2261639710378,273.422439174431,0.19627520339321336,same_direction
calibration,1,KITTI_odometry,05,5.0,100,1478,738,4.706496434716592,273.2261639710378,273.33913495219747,0.11297098115966264,same_direction
calibration,1,KITTI_odometry,05,5.0,100,1479,729,4.989451667508165,273.1610727732001,273.4756879164885,0.3146151432883926,same_direction
calibration,1,KITTI_odometry,05,5.0,100,1479,730,4.022699477229191,273.1610727732001,273.42045486411513,0.2593820909150395,same_direction
calibration,1,KITTI_odometry,05,5.0,100,1479,731,3.060310063719035,273.1610727732001,273.407191541789,0.24611876858892856,same_direction
calibration,1,KITTI_odometry,05,5.0,100,1479,732,2.1033030304975084,273.1610727732001,273.41714952198373,0.2560767487836415,same_direction
calibration,1,KITTI_odometry,05,5.0,100,1479,733,1.1507897950972605,273.1610727732001,273.43162113020617,0.2705483570060778,same_direction
calibration,1,KITTI_odometry,05,5.0,100,1479,734,0.2627823022960282,273.1610727732001,273.4535333482046,0.2924605750044975,same_direction
calibration,1,KITTI_odometry,05,5.0,100,1479,735,0.8043677691827221,273.1610727732001,273.45195257907847,0.2908798058783759,same_direction
calibration,1,KITTI_odometry,05,5.0,100,1479,736,1.7414005307223244,273.1610727732001,273.4498674242732,0.2887946510730899,same_direction
calibration,1,KITTI_odometry,05,5.0,100,1479,737,2.6742469168908043,273.1610727732001,273.422439174431,0.26136640123093,same_direction
calibration,1,KITTI_odometry,05,5.0,100,1479,738,3.6096017243042176,273.1610727732001,273.33913495219747,0.1780621789973793,same_direction
calibration,1,KITTI_odometry,05,5.0,100,1479,739,4.534663696504958,273.1610727732001,273.24155389289547,0.08048111969537786,same_direction
calibration,1,KITTI_odometry,05,5.0,100,1480,731,4.139017685393481,273.10118569448116,273.407191541789,0.3060058473078584,same_direction
calibration,1,KITTI_odometry,05,5.0,100,1480,732,3.1804770711325703,273.10118569448116,273.41714952198373,0.31596382750257135,same_direction
calibration,1,KITTI_odometry,05,5.0,100,1480,733,2.2228198729541715,273.10118569448116,273.43162113020617,0.33043543572500766,same_direction
calibration,1,KITTI_odometry,05,5.0,100,1480,734,1.270211396933599,273.10118569448116,273.4535333482046,0.35234765372342736,same_direction
calibration,1,KITTI_odometry,05,5.0,100,1480,735,0.35526386869480087,273.10118569448116,273.45195257907847,0.35076688459730576,same_direction
calibration,1,KITTI_odometry,05,5.0,100,1480,736,0.6769268962746264,273.10118569448116,273.4498674242732,0.3486817297920197,same_direction
calibration,1,KITTI_odometry,05,5.0,100,1480,737,1.5977602904065384,273.10118569448116,273.422439174431,0.32125347994985987,same_direction
calibration,1,KITTI_odometry,05,5.0,100,1480,738,2.5308089655286086,273.10118569448116,273.33913495219747,0.23794925771630915,same_direction
calibration,1,KITTI_odometry,05,5.0,100,1480,739,3.4550608476407483,273.10118569448116,273.24155389289547,0.1403681984143077,same_direction
calibration,1,KITTI_odometry,05,5.0,100,1480,740,4.37304964087992,273.10118569448116,273.1510177881629,0.04983209368174357,same_direction
calibration,1,KITTI_odometry,05,5.0,100,1481,732,4.250574682616457,273.0414879622018,273.41714952198373,0.37566155978191773,same_direction
calibration,1,KITTI_odometry,05,5.0,100,1481,733,3.291635011677325,273.0414879622018,273.43162113020617,0.39013316800435405,same_direction
calibration,1,KITTI_odometry,05,5.0,100,1481,734,2.334959924795284,273.0414879622018,273.4535333482046,0.41204538600277374,same_direction
calibration,1,KITTI_odometry,05,5.0,100,1481,735,1.3843684223861792,273.0414879622018,273.45195257907847,0.41046461687665214,same_direction
calibration,1,KITTI_odometry,05,5.0,100,1481,736,0.46020156496909453,273.0414879622018,273.4498674242732,0.4083794620713661,same_direction
calibration,1,KITTI_odometry,05,5.0,100,1481,737,0.5462487694265346,273.0414879622018,273.422439174431,0.38095121222920625,same_direction
calibration,1,KITTI_odometry,05,5.0,100,1481,738,1.4634149864272963,273.0414879622018,273.33913495219747,0.29764698999565553,same_direction
calibration,1,KITTI_odometry,05,5.0,100,1481,739,2.385130773857069,273.0414879622018,273.24155389289547,0.20006593069365408,same_direction
calibration,1,KITTI_odometry,05,5.0,100,1481,740,3.3022774102276773,273.0414879622018,273.1510177881629,0.10952982596108995,same_direction
calibration,1,KITTI_odometry,05,5.0,100,1481,741,4.206998977002489,273.0414879622018,273.051738678382,0.010250716180166819,same_direction
calibration,1,KITTI_odometry,05,5.0,100,1482,733,4.347955944993005,272.98562670117246,273.43162113020617,0.44599442903370345,same_direction
calibration,1,KITTI_odometry,05,5.0,100,1482,734,3.390182157657611,272.98562670117246,273.4535333482046,0.46790664703212315,same_direction
calibration,1,KITTI_odometry,05,5.0,100,1482,735,2.4364144249285706,272.98562670117246,273.45195257907847,0.46632587790600155,same_direction
calibration,1,KITTI_odometry,05,5.0,100,1482,736,1.4903833976866534,272.98562670117246,273.4498674242732,0.4642407231007155,same_direction
calibration,1,KITTI_odometry,05,5.0,100,1482,737,0.5709569349784741,272.98562670117246,273.422439174431,0.43681247325855566,same_direction
calibration,1,KITTI_odometry,05,5.0,100,1482,738,0.43172744920841155,272.98562670117246,273.33913495219747,0.35350825102500494,same_direction
calibration,1,KITTI_odometry,05,5.0,100,1482,739,1.332034578417544,272.98562670117246,273.24155389289547,0.2559271917230035,same_direction
calibration,1,KITTI_odometry,05,5.0,100,1482,740,2.24637855349449,272.98562670117246,273.1510177881629,0.16539108699043936,same_direction
calibration,1,KITTI_odometry,05,5.0,100,1482,741,3.1501948537193654,272.98562670117246,273.051738678382,0.06611197720951623,same_direction
calibration,1,KITTI_odometry,05,5.0,100,1482,742,4.050889285934629,272.98562670117246,272.9418692543337,0.04375744683875382,same_direction
calibration,1,KITTI_odometry,05,5.0,100,1482,743,4.953829317447259,272.98562670117246,272.8124687444164,0.1731579567560857,same_direction
calibration,1,KITTI_odometry,05,5.0,100,1483,734,4.430823570409904,272.9061524169563,273.4535333482046,0.5473809312483127,same_direction
calibration,1,KITTI_odometry,05,5.0,100,1483,735,3.476132594766774,272.9061524169563,273.45195257907847,0.5458001621221911,same_direction
calibration,1,KITTI_odometry,05,5.0,100,1483,736,2.5275375174465737,272.9061524169563,273.4498674242732,0.543715007316905,same_direction
calibration,1,KITTI_odometry,05,5.0,100,1483,737,1.5940272464421696,272.9061524169563,273.422439174431,0.5162867574747452,same_direction
calibration,1,KITTI_odometry,05,5.0,100,1483,738,0.669409349800253,272.9061524169563,273.33913495219747,0.43298253524119446,same_direction
calibration,1,KITTI_odometry,05,5.0,100,1483,739,0.32546845638249355,272.9061524169563,273.24155389289547,0.335401475939193,same_direction
calibration,1,KITTI_odometry,05,5.0,100,1483,740,1.2093546768421617,272.9061524169563,273.1510177881629,0.24486537120662888,same_direction
calibration,1,KITTI_odometry,05,5.0,100,1483,741,2.110054857012016,272.9061524169563,273.051738678382,0.14558626142570574,same_direction
calibration,1,KITTI_odometry,05,5.0,100,1483,742,3.0098158884722506,272.9061524169563,272.9418692543337,0.035716837377435695,same_direction
calibration,1,KITTI_odometry,05,5.0,100,1483,743,3.9123640078090927,272.9061524169563,272.8124687444164,0.09368367253989618,same_direction
calibration,1,KITTI_odometry,05,5.0,100,1483,744,4.789923696427743,272.9061524169563,272.67128736407625,0.2348650528800249,same_direction
calibration,1,KITTI_odometry,05,5.0,100,1484,735,4.507135534904629,272.8087868930483,273.45195257907847,0.6431656860301587,same_direction
calibration,1,KITTI_odometry,05,5.0,100,1484,736,3.557773379531083,272.8087868930483,273.4498674242732,0.6410805312248726,same_direction
calibration,1,KITTI_odometry,05,5.0,100,1484,737,2.6222899179152632,272.8087868930483,273.422439174431,0.6136522813827128,same_direction
calibration,1,KITTI_odometry,05,5.0,100,1484,738,1.687849760612601,272.8087868930483,273.33913495219747,0.530348059149162,same_direction
calibration,1,KITTI_odometry,05,5.0,100,1484,739,0.7712261834896442,272.8087868930483,273.24155389289547,0.4327669998471606,same_direction
calibration,1,KITTI_odometry,05,5.0,100,1484,740,0.23282250234889668,272.8087868930483,273.1510177881629,0.3422308951145965,same_direction
calibration,1,KITTI_odometry,05,5.0,100,1484,741,1.0835678291643709,272.8087868930483,273.051738678382,0.24295178533367334,same_direction
calibration,1,KITTI_odometry,05,5.0,100,1484,742,1.9797025743530212,272.8087868930483,272.9418692543337,0.1330823612854033,same_direction
calibration,1,KITTI_odometry,05,5.0,100,1484,743,2.881231918884696,272.8087868930483,272.8124687444164,0.0036818513680714204,same_direction
calibration,1,KITTI_odometry,05,5.0,100,1484,744,3.758382236335198,272.8087868930483,272.67128736407625,0.1374995289720573,same_direction
calibration,1,KITTI_odometry,05,5.0,100,1484,745,4.636888202232179,272.8087868930483,272.5602656618171,0.24852123123122283,same_direction
calibration,1,KITTI_odometry,05,5.0,100,1485,736,4.55928041060209,272.69727772199604,273.4498674242732,0.7525897022771346,same_direction
calibration,1,KITTI_odometry,05,5.0,100,1485,737,3.6231722476857207,272.69727772199604,273.422439174431,0.7251614524349748,same_direction
calibration,1,KITTI_odometry,05,5.0,100,1485,738,2.687115211597743,272.69727772199604,273.33913495219747,0.641857230201424,same_direction
calibration,1,KITTI_odometry,05,5.0,100,1485,739,1.7633899037081893,272.69727772199604,273.24155389289547,0.5442761708994226,same_direction
calibration,1,KITTI_odometry,05,5.0,100,1485,740,0.8521793146984931,272.69727772199604,273.1510177881629,0.45374006616685847,same_direction
calibration,1,KITTI_odometry,05,5.0,100,1485,741,0.17291221587845312,272.69727772199604,273.051738678382,0.35446095638593533,same_direction
calibration,1,KITTI_odometry,05,5.0,100,1485,742,0.9832882070379976,272.69727772199604,272.9418692543337,0.24459153233766529,same_direction
calibration,1,KITTI_odometry,05,5.0,100,1485,743,1.880775686890921,272.69727772199604,272.8124687444164,0.11519102242033341,same_direction
calibration,1,KITTI_odometry,05,5.0,100,1485,744,2.7568856560256556,272.69727772199604,272.67128736407625,0.025990357919795315,same_direction
calibration,1,KITTI_odometry,05,5.0,100,1485,745,3.6349604734577277,272.69727772199604,272.5602656618171,0.13701206017896084,same_direction
calibration,1,KITTI_odometry,05,5.0,100,1485,746,4.506150056544947,272.69727772199604,272.4685258284837,0.22875189351236713,same_direction
calibration,1,KITTI_odometry,05,5.0,100,1486,737,4.618127604007928,272.59909351381833,273.422439174431,0.8233456606126879,same_direction
calibration,1,KITTI_odometry,05,5.0,100,1486,738,3.6815036825867757,272.59909351381833,273.33913495219747,0.7400414383791372,same_direction
calibration,1,KITTI_odometry,05,5.0,100,1486,739,2.756383126490215,272.59909351381833,273.24155389289547,0.6424603790771357,same_direction
calibration,1,KITTI_odometry,05,5.0,100,1486,740,1.8394758424344668,272.59909351381833,273.1510177881629,0.5519242743445716,same_direction
calibration,1,KITTI_odometry,05,5.0,100,1486,741,0.9397161906128879,272.59909351381833,273.051738678382,0.45264516456364845,same_direction
calibration,1,KITTI_odometry,05,5.0,100,1486,742,0.15408092549045915,272.59909351381833,272.9418692543337,0.3427757405153784,same_direction
calibration,1,KITTI_odometry,05,5.0,100,1486,743,0.8912121851164316,272.59909351381833,272.8124687444164,0.21337523059804653,same_direction
calibration,1,KITTI_odometry,05,5.0,100,1486,744,1.7629641048245985,272.59909351381833,272.67128736407625,0.0721938502579178,same_direction
calibration,1,KITTI_odometry,05,5.0,100,1486,745,2.639944783532415,272.59909351381833,272.5602656618171,0.03882785200124772,same_direction
calibration,1,KITTI_odometry,05,5.0,100,1486,746,3.5107051251280006,272.59909351381833,272.4685258284837,0.13056768533465402,same_direction
calibration,1,KITTI_odometry,05,5.0,100,1486,747,4.372026468366817,272.59909351381833,272.38933148450474,0.20976202931359467,same_direction
calibration,1,KITTI_odometry,05,5.0,100,1487,738,4.65812304269649,272.50775442774193,273.33913495219747,0.8313805244555397,same_direction
calibration,1,KITTI_odometry,05,5.0,100,1487,739,3.73252062954781,272.50775442774193,273.24155389289547,0.7337994651535382,same_direction
calibration,1,KITTI_odometry,05,5.0,100,1487,740,2.8144303293739568,272.50775442774193,273.1510177881629,0.6432633604209741,same_direction
calibration,1,KITTI_odometry,05,5.0,100,1487,741,1.9103808821541344,272.50775442774193,273.051738678382,0.543984250640051,same_direction
calibration,1,KITTI_odometry,05,5.0,100,1487,742,1.013521834791932,272.50775442774193,272.9418692543337,0.4341148265917809,same_direction
calibration,1,KITTI_odometry,05,5.0,100,1487,743,0.17646318284562035,272.50775442774193,272.8124687444164,0.30471431667444904,same_direction
calibration,1,KITTI_odometry,05,5.0,100,1487,744,0.7924616400179891,272.50775442774193,272.67128736407625,0.1635329363343203,same_direction
calibration,1,KITTI_odometry,05,5.0,100,1487,745,1.6644607271125402,272.50775442774193,272.5602656618171,0.05251123407515479,same_direction
calibration,1,KITTI_odometry,05,5.0,100,1487,746,2.5340894841342934,272.50775442774193,272.4685258284837,0.039228599258251506,same_direction
calibration,1,KITTI_odometry,05,5.0,100,1487,747,3.3949812824373597,272.50775442774193,272.38933148450474,0.11842294323719216,same_direction
calibration,1,KITTI_odometry,05,5.0,100,1487,748,4.243962492953962,272.50775442774193,272.30539055544625,0.20236387229567754,same_direction
calibration,1,KITTI_odometry,05,5.0,100,1488,739,4.69356582062082,272.3946480583302,273.24155389289547,0.8469058345652911,same_direction
calibration,1,KITTI_odometry,05,5.0,100,1488,740,3.7750630736982402,272.3946480583302,273.1510177881629,0.756369729832727,same_direction
calibration,1,KITTI_odometry,05,5.0,100,1488,741,2.8700718751278718,272.3946480583302,273.051738678382,0.6570906200518039,same_direction
calibration,1,KITTI_odometry,05,5.0,100,1488,742,1.9698698815150222,272.3946480583302,272.9418692543337,0.5472211960035338,same_direction
calibration,1,KITTI_odometry,05,5.0,100,1488,743,1.0705885009657086,272.3946480583302,272.8124687444164,0.41782068608620193,same_direction
calibration,1,KITTI_odometry,05,5.0,100,1488,744,0.23184942182372553,272.3946480583302,272.67128736407625,0.2766393057460732,same_direction
calibration,1,KITTI_odometry,05,5.0,100,1488,745,0.7106705577129203,272.3946480583302,272.5602656618171,0.16561760348690768,same_direction
calibration,1,KITTI_odometry,05,5.0,100,1488,746,1.5745276892134965,272.3946480583302,272.4685258284837,0.07387777015350139,same_direction
calibration,1,KITTI_odometry,05,5.0,100,1488,747,2.4341950689293577,272.3946480583302,272.38933148450474,0.005316573825439264,same_direction
calibration,1,KITTI_odometry,05,5.0,100,1488,748,3.2827380967874955,272.3946480583302,272.30539055544625,0.08925750288392464,same_direction
calibration,1,KITTI_odometry,05,5.0,100,1488,749,4.121513407730221,272.3946480583302,272.22460058822526,0.17004747010491883,same_direction
calibration,1,KITTI_odometry,05,5.0,100,1488,750,4.943831558224854,272.3946480583302,272.1831564641799,0.21149159415028862,same_direction
calibration,1,KITTI_odometry,05,5.0,100,1489,740,4.724043715134312,272.2839464936548,273.1510177881629,0.8670712945080936,same_direction
calibration,1,KITTI_odometry,05,5.0,100,1489,741,3.8187057022111577,272.2839464936548,273.051738678382,0.7677921847271705,same_direction
calibration,1,KITTI_odometry,05,5.0,100,1489,742,2.9176924098334975,272.2839464936548,272.9418692543337,0.6579227606789004,same_direction
calibration,1,KITTI_odometry,05,5.0,100,1489,743,2.0155742209355623,272.2839464936548,272.8124687444164,0.5285222507615686,same_direction
calibration,1,KITTI_odometry,05,5.0,100,1489,744,1.141152335185798,272.2839464936548,272.67128736407625,0.38734087042143983,same_direction
calibration,1,KITTI_odometry,05,5.0,100,1489,745,0.28942958746472003,272.2839464936548,272.5602656618171,0.2763191681622743,same_direction
calibration,1,KITTI_odometry,05,5.0,100,1489,746,0.634001080756181,272.2839464936548,272.4685258284837,0.184579334828868,same_direction
calibration,1,KITTI_odometry,05,5.0,100,1489,747,1.4869303813225465,272.2839464936548,272.38933148450474,0.10538499084992736,same_direction
calibration,1,KITTI_odometry,05,5.0,100,1489,748,2.334185064299746,272.2839464936548,272.30539055544625,0.021444061791441982,same_direction
calibration,1,KITTI_odometry,05,5.0,100,1489,749,3.1725028224416136,272.2839464936548,272.22460058822526,0.059345905429552204,same_direction
calibration,1,KITTI_odometry,05,5.0,100,1489,750,3.9946192141930155,272.2839464936548,272.1831564641799,0.100790029474922,same_direction
calibration,1,KITTI_odometry,05,5.0,100,1489,751,4.801900337366451,272.2839464936548,272.2001910998159,0.08375539383888508,same_direction
calibration,1,KITTI_odometry,05,5.0,100,1490,741,4.746051694830139,272.1779125644694,273.051738678382,0.8738261139125711,same_direction
calibration,1,KITTI_odometry,05,5.0,100,1490,742,3.8447357274720484,272.1779125644694,272.9418692543337,0.7639566898643011,same_direction
calibration,1,KITTI_odometry,05,5.0,100,1490,743,2.941895759540097,272.1779125644694,272.8124687444164,0.6345561799469692,same_direction
calibration,1,KITTI_odometry,05,5.0,100,1490,744,2.0651243110282747,272.1779125644694,272.67128736407625,0.4933747996068405,same_direction
calibration,1,KITTI_odometry,05,5.0,100,1490,745,1.189440045735806,272.1779125644694,272.5602656618171,0.382353097347675,same_direction
calibration,1,KITTI_odometry,05,5.0,100,1490,746,0.3390973018176384,272.1779125644694,272.4685258284837,0.2906132640142687,same_direction
calibration,1,KITTI_odometry,05,5.0,100,1490,747,0.5694972744447548,272.1779125644694,272.38933148450474,0.21141892003532803,same_direction
calibration,1,KITTI_odometry,05,5.0,100,1490,748,1.408949442705451,272.1779125644694,272.30539055544625,0.12747799097684265,same_direction
calibration,1,KITTI_odometry,05,5.0,100,1490,749,2.245853279735787,272.1779125644694,272.22460058822526,0.04668802375584846,same_direction
calibration,1,KITTI_odometry,05,5.0,100,1490,750,3.067484589708643,272.1779125644694,272.1831564641799,0.005243899710478672,same_direction
calibration,1,KITTI_odometry,05,5.0,100,1490,751,3.8745238337246044,272.1779125644694,272.2001910998159,0.022278535346515582,same_direction
calibration,1,KITTI_odometry,05,5.0,100,1490,752,4.664030935832224,272.1779125644694,272.2853653462398,0.10745278177040518,same_direction
calibration,1,KITTI_odometry,05,5.0,100,1491,742,4.758442209641726,272.09100536109196,272.9418692543337,0.8508638932417512,same_direction
calibration,1,KITTI_odometry,05,5.0,100,1491,743,3.8553033802283334,272.09100536109196,272.8124687444164,0.7214633833244193,same_direction
calibration,1,KITTI_odometry,05,5.0,100,1491,744,2.977856947806596,272.09100536109196,272.67128736407625,0.5802820029842906,same_direction
calibration,1,KITTI_odometry,05,5.0,100,1491,745,2.100035941216245,272.09100536109196,272.5602656618171,0.46926030072512503,same_direction
calibration,1,KITTI_odometry,05,5.0,100,1491,746,1.2313397957103502,272.09100536109196,272.4685258284837,0.37752046739171874,same_direction
calibration,1,KITTI_odometry,05,5.0,100,1491,747,0.3865162609774725,272.09100536109196,272.38933148450474,0.2983261234127781,same_direction
calibration,1,KITTI_odometry,05,5.0,100,1491,748,0.5066838190627404,272.09100536109196,272.30539055544625,0.2143851943542927,same_direction
calibration,1,KITTI_odometry,05,5.0,100,1491,749,1.334424026499821,272.09100536109196,272.22460058822526,0.13359522713329852,same_direction
calibration,1,KITTI_odometry,05,5.0,100,1491,750,2.1545515107557778,272.09100536109196,272.1831564641799,0.09215110308792873,same_direction
calibration,1,KITTI_odometry,05,5.0,100,1491,751,2.961042022818995,272.09100536109196,272.2001910998159,0.10918573872396564,same_direction
calibration,1,KITTI_odometry,05,5.0,100,1491,752,3.7502786518337548,272.09100536109196,272.2853653462398,0.19435998514785524,same_direction
calibration,1,KITTI_odometry,05,5.0,100,1491,753,4.527022675015002,272.09100536109196,272.4199941264145,0.32898876532254917,same_direction
calibration,1,KITTI_odometry,05,5.0,100,1492,743,4.7526429778492725,272.0402677792872,272.8124687444164,0.7722009651291728,same_direction
calibration,1,KITTI_odometry,05,5.0,100,1492,744,3.8749142956844866,272.0402677792872,272.67128736407625,0.6310195847890441,same_direction
calibration,1,KITTI_odometry,05,5.0,100,1492,745,2.996463515963441,272.0402677792872,272.5602656618171,0.5199978825298786,same_direction
calibration,1,KITTI_odometry,05,5.0,100,1492,746,2.1258521882765034,272.0402677792872,272.4685258284837,0.42825804919647226,same_direction
calibration,1,KITTI_odometry,05,5.0,100,1492,747,1.2667098376897514,272.0402677792872,272.38933148450474,0.3490637052175316,same_direction
calibration,1,KITTI_odometry,05,5.0,100,1492,748,0.4315600797108088,272.0402677792872,272.30539055544625,0.2651227761590462,same_direction
calibration,1,KITTI_odometry,05,5.0,100,1492,749,0.45047954270975893,272.0402677792872,272.22460058822526,0.18433280893805204,same_direction
calibration,1,KITTI_odometry,05,5.0,100,1492,750,1.2597870575617143,272.0402677792872,272.1831564641799,0.14288868489268225,same_direction
calibration,1,KITTI_odometry,05,5.0,100,1492,751,2.064553626234979,272.0402677792872,272.2001910998159,0.15992332052871916,same_direction
calibration,1,KITTI_odometry,05,5.0,100,1492,752,2.8531791483361157,272.0402677792872,272.2853653462398,0.24509756695260876,same_direction
calibration,1,KITTI_odometry,05,5.0,100,1492,753,3.6296159052439676,272.0402677792872,272.4199941264145,0.3797263471273027,same_direction
calibration,1,KITTI_odometry,05,5.0,100,1492,754,4.393120611604012,272.0402677792872,272.58296127153653,0.5426934922493274,same_direction
calibration,1,KITTI_odometry,05,5.0,100,1493,744,4.75314882194951,272.04072582680755,272.67128736407625,0.6305615372687043,same_direction
calibration,1,KITTI_odometry,05,5.0,100,1493,745,3.8744478083463703,272.04072582680755,272.5602656618171,0.5195398350095388,same_direction
calibration,1,KITTI_odometry,05,5.0,100,1493,746,3.0032823028979485,272.04072582680755,272.4685258284837,0.4278000016761325,same_direction
calibration,1,KITTI_odometry,05,5.0,100,1493,747,2.142484759432375,272.04072582680755,272.38933148450474,0.3486056576971919,same_direction
calibration,1,KITTI_odometry,05,5.0,100,1493,748,1.2957384052732273,272.04072582680755,272.30539055544625,0.2646647286387065,same_direction
calibration,1,KITTI_odometry,05,5.0,100,1493,749,0.46969816786953783,272.04072582680755,272.22460058822526,0.1838747614177123,same_direction
calibration,1,KITTI_odometry,05,5.0,100,1493,750,0.39887472582253963,272.04072582680755,272.1831564641799,0.14243063737234252,same_direction
calibration,1,KITTI_odometry,05,5.0,100,1493,751,1.1895839451253551,272.04072582680755,272.2001910998159,0.15946527300837943,same_direction
calibration,1,KITTI_odometry,05,5.0,100,1493,752,1.9761471411815483,272.04072582680755,272.2853653462398,0.24463951943226903,same_direction
calibration,1,KITTI_odometry,05,5.0,100,1493,753,2.7518452538069784,272.04072582680755,272.4199941264145,0.37926829960696296,same_direction
calibration,1,KITTI_odometry,05,5.0,100,1493,754,3.514959371031195,272.04072582680755,272.58296127153653,0.5422354447289877,same_direction
calibration,1,KITTI_odometry,05,5.0,100,1493,755,4.2693797921478,272.04072582680755,272.7342013594606,0.6934755326530535,same_direction
calibration,1,KITTI_odometry,05,5.0,100,1494,745,4.737958017965121,272.0888063358493,272.5602656618171,0.4714593259677713,same_direction
calibration,1,KITTI_odometry,05,5.0,100,1494,746,3.866554423113684,272.0888063358493,272.4685258284837,0.379719492634365,same_direction
calibration,1,KITTI_odometry,05,5.0,100,1494,747,3.0052371717386945,272.0888063358493,272.38933148450474,0.30052514865542435,same_direction
calibration,1,KITTI_odometry,05,5.0,100,1494,748,2.1569019085020993,272.0888063358493,272.30539055544625,0.21658421959693896,same_direction
calibration,1,KITTI_odometry,05,5.0,100,1494,749,1.320477553349543,272.0888063358493,272.22460058822526,0.13579425237594478,same_direction
calibration,1,KITTI_odometry,05,5.0,100,1494,750,0.5106539443693741,272.0888063358493,272.1831564641799,0.09435012833057499,same_direction
calibration,1,KITTI_odometry,05,5.0,100,1494,751,0.3482722844269936,272.0888063358493,272.2001910998159,0.1113847639666119,same_direction
calibration,1,KITTI_odometry,05,5.0,100,1494,752,1.1164426362334974,272.0888063358493,272.2853653462398,0.1965590103905015,same_direction
calibration,1,KITTI_odometry,05,5.0,100,1494,753,1.8896793897643047,272.0888063358493,272.4199941264145,0.33118779056519543,same_direction
calibration,1,KITTI_odometry,05,5.0,100,1494,754,2.6519094048628453,272.0888063358493,272.58296127153653,0.49415493568722013,same_direction
calibration,1,KITTI_odometry,05,5.0,100,1494,755,3.4059142282212562,272.0888063358493,272.7342013594606,0.645395023611286,same_direction
calibration,1,KITTI_odometry,05,5.0,100,1494,756,4.152362547947856,272.0888063358493,272.8967101652986,0.8079038294492875,same_direction
calibration,1,KITTI_odometry,05,5.0,100,1494,757,4.890639321285104,272.0888063358493,273.05086291828934,0.9620565824400273,same_direction
calibration,1,KITTI_odometry,05,5.0,100,1495,746,4.710395325490209,272.2457473107581,272.4685258284837,0.22277851772560098,same_direction
calibration,1,KITTI_odometry,05,5.0,100,1495,747,3.848880137247716,272.2457473107581,272.38933148450474,0.14358417374666033,same_direction
calibration,1,KITTI_odometry,05,5.0,100,1495,748,3.0000734835000307,272.2457473107581,272.30539055544625,0.059643244688174946,same_direction
calibration,1,KITTI_odometry,05,5.0,100,1495,749,2.162165199608948,272.2457473107581,272.22460058822526,0.02114672253281924,same_direction
calibration,1,KITTI_odometry,05,5.0,100,1495,750,1.3428991244319142,272.2457473107581,272.1831564641799,0.06259084657818903,same_direction
calibration,1,KITTI_odometry,05,5.0,100,1495,751,0.5481948285053343,272.2457473107581,272.2001910998159,0.04555621094215212,same_direction
calibration,1,KITTI_odometry,05,5.0,100,1495,752,0.30357737745094676,272.2457473107581,272.2853653462398,0.03961803548173748,same_direction
calibration,1,KITTI_odometry,05,5.0,100,1495,753,1.0509137283335819,272.2457473107581,272.4199941264145,0.1742468156564314,same_direction
calibration,1,KITTI_odometry,05,5.0,100,1495,754,1.8099457540213737,272.2457473107581,272.58296127153653,0.3372139607784561,same_direction
calibration,1,KITTI_odometry,05,5.0,100,1495,755,2.562891156506648,272.2457473107581,272.7342013594606,0.48845404870252196,same_direction
calibration,1,KITTI_odometry,05,5.0,100,1495,756,3.308840601917837,272.2457473107581,272.8967101652986,0.6509628545405235,same_direction
calibration,1,KITTI_odometry,05,5.0,100,1495,757,4.046841691442847,272.2457473107581,273.05086291828934,0.8051156075312633,same_direction
calibration,1,KITTI_odometry,05,5.0,100,1495,758,4.7804501381041495,272.2457473107581,273.19484462854075,0.9490973177826731,same_direction
calibration,1,KITTI_odometry,05,5.0,100,1496,747,4.684651230017022,272.47940169529073,272.38933148450474,0.09007021078599564,same_direction
calibration,1,KITTI_odometry,05,5.0,100,1496,748,3.8356490092812203,272.47940169529073,272.30539055544625,0.17401113984448102,same_direction
calibration,1,KITTI_odometry,05,5.0,100,1496,749,2.997257227266289,272.47940169529073,272.22460058822526,0.2548011070654752,same_direction
calibration,1,KITTI_odometry,05,5.0,100,1496,750,2.1764149959049632,272.47940169529073,272.1831564641799,0.296245231110845,same_direction
calibration,1,KITTI_odometry,05,5.0,100,1496,751,1.3725115263632541,272.47940169529073,272.2001910998159,0.2792105954748081,same_direction
calibration,1,KITTI_odometry,05,5.0,100,1496,752,0.5957172786649655,272.47940169529073,272.2853653462398,0.1940363490509185,same_direction
calibration,1,KITTI_odometry,05,5.0,100,1496,753,0.2601760334850076,272.47940169529073,272.4199941264145,0.05940756887622456,same_direction
calibration,1,KITTI_odometry,05,5.0,100,1496,754,0.9805127701871096,272.47940169529073,272.58296127153653,0.10355957624580014,same_direction
calibration,1,KITTI_odometry,05,5.0,100,1496,755,1.7294803416344422,272.47940169529073,272.7342013594606,0.254799664169866,same_direction
calibration,1,KITTI_odometry,05,5.0,100,1496,756,2.474150458824199,272.47940169529073,272.8967101652986,0.4173084700078675,same_direction
calibration,1,KITTI_odometry,05,5.0,100,1496,757,3.2115682405329635,272.47940169529073,273.05086291828934,0.5714612229986074,same_direction
calibration,1,KITTI_odometry,05,5.0,100,1496,758,3.944880495895913,272.47940169529073,273.19484462854075,0.7154429332500172,same_direction
calibration,1,KITTI_odometry,05,5.0,100,1496,759,4.669790827392591,272.47940169529073,273.3528820062125,0.8734803109217637,same_direction
calibration,1,KITTI_odometry,05,5.0,100,1497,748,4.654438041536272,272.7985866528056,272.30539055544625,0.4931960973593732,same_direction
calibration,1,KITTI_odometry,05,5.0,100,1497,749,3.815864962560914,272.7985866528056,272.22460058822526,0.5739860645803674,same_direction
calibration,1,KITTI_odometry,05,5.0,100,1497,750,2.994527061574165,272.7985866528056,272.1831564641799,0.6154301886257372,same_direction
calibration,1,KITTI_odometry,05,5.0,100,1497,751,2.1890346088858412,272.7985866528056,272.2001910998159,0.5983955529897003,same_direction
calibration,1,KITTI_odometry,05,5.0,100,1497,752,1.40342622477991,272.7985866528056,272.2853653462398,0.5132213065658107,same_direction
calibration,1,KITTI_odometry,05,5.0,100,1497,753,0.6400769376410891,272.7985866528056,272.4199941264145,0.37859252639111673,same_direction
calibration,1,KITTI_odometry,05,5.0,100,1497,754,0.2277020122879895,272.7985866528056,272.58296127153653,0.21562538126909203,same_direction
calibration,1,KITTI_odometry,05,5.0,100,1497,755,0.9190153569989944,272.7985866528056,272.7342013594606,0.06438529334502618,same_direction
calibration,1,KITTI_odometry,05,5.0,100,1497,756,1.658535410414861,272.7985866528056,272.8967101652986,0.09812351249297535,same_direction
calibration,1,KITTI_odometry,05,5.0,100,1497,757,2.3943532045418854,272.7985866528056,273.05086291828934,0.2522762654837152,same_direction
calibration,1,KITTI_odometry,05,5.0,100,1497,758,3.1269782131636266,272.7985866528056,273.19484462854075,0.396257975735125,same_direction
calibration,1,KITTI_odometry,05,5.0,100,1497,759,3.851522723560122,272.7985866528056,273.3528820062125,0.5542953534068715,same_direction
calibration,1,KITTI_odometry,05,5.0,100,1497,760,4.571594482901997,272.7985866528056,273.48433452267386,0.6857478698682371,same_direction
calibration,1,KITTI_odometry,05,5.0,100,1498,749,4.625126167198037,273.1919582726443,272.22460058822526,0.9673576844190279,same_direction
calibration,1,KITTI_odometry,05,5.0,100,1498,750,3.803571113111992,273.1919582726443,272.1831564641799,1.0088018084643977,same_direction
calibration,1,KITTI_odometry,05,5.0,100,1498,751,2.9975119677659308,273.1919582726443,272.2001910998159,0.9917671728283608,same_direction
calibration,1,KITTI_odometry,05,5.0,100,1498,752,2.21013049397541,273.1919582726443,272.2853653462398,0.9065929264044712,same_direction
calibration,1,KITTI_odometry,05,5.0,100,1498,753,1.4377119085894772,273.1919582726443,272.4199941264145,0.7719641462297773,same_direction
calibration,1,KITTI_odometry,05,5.0,100,1498,754,0.687219902505742,273.1919582726443,272.58296127153653,0.6089970011077526,same_direction
calibration,1,KITTI_odometry,05,5.0,100,1498,755,0.20622346714182213,273.1919582726443,272.7342013594606,0.4577569131836867,same_direction
calibration,1,KITTI_odometry,05,5.0,100,1498,756,0.859534131724851,273.1919582726443,272.8967101652986,0.2952481073456852,same_direction
calibration,1,KITTI_odometry,05,5.0,100,1498,757,1.5888738786008154,273.1919582726443,273.05086291828934,0.14109535435494536,same_direction
calibration,1,KITTI_odometry,05,5.0,100,1498,758,2.3196422098246083,273.1919582726443,273.19484462854075,0.0028863558964644653,same_direction
calibration,1,KITTI_odometry,05,5.0,100,1498,759,3.0433803482476507,273.1919582726443,273.3528820062125,0.160923733568211,same_direction
calibration,1,KITTI_odometry,05,5.0,100,1498,760,3.7630205248045066,273.1919582726443,273.48433452267386,0.29237625002957657,same_direction
calibration,1,KITTI_odometry,05,5.0,100,1498,761,4.47742564539044,273.1919582726443,273.60232010841776,0.41036183577347174,same_direction
calibration,1,KITTI_odometry,05,5.0,100,1499,750,4.576832020612074,273.65975235338254,272.1831564641799,1.476595889202656,same_direction
calibration,1,KITTI_odometry,05,5.0,100,1499,751,3.770769948180343,273.65975235338254,272.2001910998159,1.4595612535666191,same_direction
calibration,1,KITTI_odometry,05,5.0,100,1499,752,2.983114469811709,273.65975235338254,272.2853653462398,1.3743870071427295,same_direction
calibration,1,KITTI_odometry,05,5.0,100,1499,753,2.209369022617093,273.65975235338254,272.4199941264145,1.2397582269680356,same_direction
calibration,1,KITTI_odometry,05,5.0,100,1499,754,1.4512688860442131,273.65975235338254,272.58296127153653,1.076791081846011,same_direction
calibration,1,KITTI_odometry,05,5.0,100,1499,755,0.7138871409403622,273.65975235338254,272.7342013594606,0.9255509939219451,same_direction
calibration,1,KITTI_odometry,05,5.0,100,1499,756,0.22564889009255004,273.65975235338254,272.8967101652986,0.7630421880839435,same_direction
calibration,1,KITTI_odometry,05,5.0,100,1499,757,0.83321488038801,273.65975235338254,273.05086291828934,0.6088894350932037,same_direction
calibration,1,KITTI_odometry,05,5.0,100,1499,758,1.554127923820945,273.65975235338254,273.19484462854075,0.4649077248417939,same_direction
calibration,1,KITTI_odometry,05,5.0,100,1499,759,2.274837590444645,273.65975235338254,273.3528820062125,0.30687034717004735,same_direction
calibration,1,KITTI_odometry,05,5.0,100,1499,760,2.9930690003573246,273.65975235338254,273.48433452267386,0.17541783070868178,same_direction
calibration,1,KITTI_odometry,05,5.0,100,1499,761,3.706638465564184,273.65975235338254,273.60232010841776,0.057432244964786605,same_direction
calibration,1,KITTI_odometry,05,5.0,100,1499,762,4.414103356334104,273.65975235338254,273.6934471380954,0.03369478471284992,same_direction
calibration,1,KITTI_odometry,05,5.0,100,1500,751,4.481687694117024,274.0530689465316,272.2001910998159,1.8528778467156712,same_direction
calibration,1,KITTI_odometry,05,5.0,100,1500,752,3.6945481946376044,274.0530689465316,272.2853653462398,1.7677036002917816,same_direction
calibration,1,KITTI_odometry,05,5.0,100,1500,753,2.921203681293039,274.0530689465316,272.4199941264145,1.6330748201170877,same_direction
calibration,1,KITTI_odometry,05,5.0,100,1500,754,2.16267417566771,274.0530689465316,272.58296127153653,1.470107674995063,same_direction
calibration,1,KITTI_odometry,05,5.0,100,1500,755,1.4183152267743602,274.0530689465316,272.7342013594606,1.3188675870709972,same_direction
calibration,1,KITTI_odometry,05,5.0,100,1500,756,0.7031052382822911,274.0530689465316,272.8967101652986,1.1563587812329956,same_direction
calibration,1,KITTI_odometry,05,5.0,100,1500,757,0.3005429759618545,274.0530689465316,273.05086291828934,1.0022060282422558,same_direction
calibration,1,KITTI_odometry,05,5.0,100,1500,758,0.8778399501617626,274.0530689465316,273.19484462854075,0.858224317990846,same_direction
calibration,1,KITTI_odometry,05,5.0,100,1500,759,1.5815843247832242,274.0530689465316,273.3528820062125,0.7001869403190994,same_direction
calibration,1,KITTI_odometry,05,5.0,100,1500,760,2.294057696397369,274.0530689465316,273.48433452267386,0.5687344238577339,same_direction
calibration,1,KITTI_odometry,05,5.0,100,1500,761,3.0047177140124197,274.0530689465316,273.60232010841776,0.4507488381138387,same_direction
calibration,1,KITTI_odometry,05,5.0,100,1500,762,3.710518950079627,274.0530689465316,273.6934471380954,0.3596218084362022,same_direction
calibration,1,KITTI_odometry,05,5.0,100,1500,763,4.417137482861499,274.0530689465316,273.76179096545076,0.2912779810808388,same_direction
calibration,1,KITTI_odometry,05,5.0,100,1501,752,4.4068768467589345,274.4468543253287,272.2853653462398,2.1614889790888583,same_direction
calibration,1,KITTI_odometry,05,5.0,100,1501,753,3.633805653801534,274.4468543253287,272.4199941264145,2.0268601989141644,same_direction
calibration,1,KITTI_odometry,05,5.0,100,1501,754,2.8750617346589276,274.4468543253287,272.58296127153653,1.8638930537921397,same_direction
calibration,1,KITTI_odometry,05,5.0,100,1501,755,2.1284514470619227,274.4468543253287,272.7342013594606,1.7126529658680738,same_direction
calibration,1,KITTI_odometry,05,5.0,100,1501,756,1.397631592409094,274.4468543253287,272.8967101652986,1.5501441600300723,same_direction
calibration,1,KITTI_odometry,05,5.0,100,1501,757,0.7077202458598958,274.4468543253287,273.05086291828934,1.3959914070393324,same_direction
calibration,1,KITTI_odometry,05,5.0,100,1501,758,0.3731587733123656,274.4468543253287,273.19484462854075,1.2520096967879226,same_direction
calibration,1,KITTI_odometry,05,5.0,100,1501,759,0.9166199552704437,274.4468543253287,273.3528820062125,1.093972319116176,same_direction
calibration,1,KITTI_odometry,05,5.0,100,1501,760,1.6056499370659805,274.4468543253287,273.48433452267386,0.9625198026548105,same_direction
calibration,1,KITTI_odometry,05,5.0,100,1501,761,2.3081552254776976,274.4468543253287,273.60232010841776,0.8445342169109153,same_direction
calibration,1,KITTI_odometry,05,5.0,100,1501,762,3.010085632486225,274.4468543253287,273.6934471380954,0.7534071872332788,same_direction
calibration,1,KITTI_odometry,05,5.0,100,1501,763,3.714510382607645,274.4468543253287,273.76179096545076,0.6850633598779154,same_direction
calibration,1,KITTI_odometry,05,5.0,100,1501,764,4.389398474745713,274.4468543253287,273.82921906173783,0.6176352635908415,same_direction
calibration,1,KITTI_odometry,05,5.0,100,1502,753,4.346521945475484,274.84074250259044,272.4199941264145,2.4207483761759363,same_direction
calibration,1,KITTI_odometry,05,5.0,100,1502,754,3.587649544813427,274.84074250259044,272.58296127153653,2.2577812310539116,same_direction
calibration,1,KITTI_odometry,05,5.0,100,1502,755,2.8399394197059884,274.84074250259044,272.7342013594606,2.1065411431298458,same_direction
calibration,1,KITTI_odometry,05,5.0,100,1502,756,2.1043977190635736,274.84074250259044,272.8967101652986,1.9440323372918442,same_direction
calibration,1,KITTI_odometry,05,5.0,100,1502,757,1.3882888802046884,274.84074250259044,273.05086291828934,1.7898795843011044,same_direction
calibration,1,KITTI_odometry,05,5.0,100,1502,758,0.7236482640067549,274.84074250259044,273.19484462854075,1.6458978740496946,same_direction
calibration,1,KITTI_odometry,05,5.0,100,1502,759,0.44112439164026557,274.84074250259044,273.3528820062125,1.487860496377948,same_direction
calibration,1,KITTI_odometry,05,5.0,100,1502,760,0.9534043165939594,274.84074250259044,273.48433452267386,1.3564079799165825,same_direction
calibration,1,KITTI_odometry,05,5.0,100,1502,761,1.625463784155159,274.84074250259044,273.60232010841776,1.2384223941726873,same_direction
calibration,1,KITTI_odometry,05,5.0,100,1502,762,2.316986080320727,274.84074250259044,273.6934471380954,1.1472953644950508,same_direction
calibration,1,KITTI_odometry,05,5.0,100,1502,763,3.016464814911655,274.84074250259044,273.76179096545076,1.0789515371396874,same_direction
calibration,1,KITTI_odometry,05,5.0,100,1502,764,3.6885799598761584,274.84074250259044,273.82921906173783,1.0115234408526135,same_direction
calibration,1,KITTI_odometry,05,5.0,100,1502,765,4.363805670329512,274.84074250259044,273.9017522537481,0.9389902488423445,same_direction
calibration,1,KITTI_odometry,05,5.0,100,1503,754,4.3001947811232935,275.23462523642144,272.58296127153653,2.6516639648849036,same_direction
calibration,1,KITTI_odometry,05,5.0,100,1503,755,3.551835963610932,275.23462523642144,272.7342013594606,2.500423876960838,same_direction
calibration,1,KITTI_odometry,05,5.0,100,1503,756,2.8140846309945937,275.23462523642144,272.8967101652986,2.3379150711228363,same_direction
calibration,1,KITTI_odometry,05,5.0,100,1503,757,2.0903166775634725,275.23462523642144,273.05086291828934,2.1837623181320964,same_direction
calibration,1,KITTI_odometry,05,5.0,100,1503,758,1.3870176265642753,275.23462523642144,273.19484462854075,2.0397806078806866,same_direction
calibration,1,KITTI_odometry,05,5.0,100,1503,759,0.7515660333596764,275.23462523642144,273.3528820062125,1.88174323020894,same_direction
calibration,1,KITTI_odometry,05,5.0,100,1503,760,0.5058059039789842,275.23462523642144,273.48433452267386,1.7502907137475745,same_direction
calibration,1,KITTI_odometry,05,5.0,100,1503,761,0.9863086583823585,275.23462523642144,273.60232010841776,1.6323051280036793,same_direction
calibration,1,KITTI_odometry,05,5.0,100,1503,762,1.6408781459937856,275.23462523642144,273.6934471380954,1.5411780983260428,same_direction
calibration,1,KITTI_odometry,05,5.0,100,1503,763,2.3274250768606923,275.23462523642144,273.76179096545076,1.4728342709706794,same_direction
calibration,1,KITTI_odometry,05,5.0,100,1503,764,2.993479901986982,275.23462523642144,273.82921906173783,1.4054061746836055,same_direction
calibration,1,KITTI_odometry,05,5.0,100,1503,765,3.6651674900337086,275.23462523642144,273.9017522537481,1.3328729826733365,same_direction
calibration,1,KITTI_odometry,05,5.0,100,1503,766,4.331162195069587,275.23462523642144,273.9725677687694,1.2620574676520278,same_direction
calibration,1,KITTI_odometry,05,5.0,100,1503,767,4.988302824698999,275.23462523642144,274.06446041871743,1.1701648177040056,same_direction
calibration,1,KITTI_odometry,05,5.0,100,1504,755,4.262834431466931,275.62793580196194,272.7342013594606,2.8937344425013407,same_direction
calibration,1,KITTI_odometry,05,5.0,100,1504,756,3.5238144785019503,275.62793580196194,272.8967101652986,2.731225636663339,same_direction
calibration,1,KITTI_odometry,05,5.0,100,1504,757,2.7965650976868015,275.62793580196194,273.05086291828934,2.5770728836725993,same_direction
calibration,1,KITTI_odometry,05,5.0,100,1504,758,2.0820409729157565,275.62793580196194,273.19484462854075,2.4330911734211895,same_direction
calibration,1,KITTI_odometry,05,5.0,100,1504,759,1.3955895720447307,275.62793580196194,273.3528820062125,2.275053795749443,same_direction
calibration,1,KITTI_odometry,05,5.0,100,1504,760,0.785417104219149,275.62793580196194,273.48433452267386,2.1436012792880774,same_direction
calibration,1,KITTI_odometry,05,5.0,100,1504,761,0.5650397852364044,275.62793580196194,273.60232010841776,2.0256156935441822,same_direction
calibration,1,KITTI_odometry,05,5.0,100,1504,762,1.016822391620088,275.62793580196194,273.6934471380954,1.9344886638665457,same_direction
calibration,1,KITTI_odometry,05,5.0,100,1504,763,1.6594400676432979,275.62793580196194,273.76179096545076,1.8661448365111823,same_direction
calibration,1,KITTI_odometry,05,5.0,100,1504,764,2.3101375289146713,275.62793580196194,273.82921906173783,1.7987167402241084,same_direction
calibration,1,KITTI_odometry,05,5.0,100,1504,765,2.9742478057653474,275.62793580196194,273.9017522537481,1.7261835482138395,same_direction
calibration,1,KITTI_odometry,05,5.0,100,1504,766,3.6359217381703908,275.62793580196194,273.9725677687694,1.6553680331925307,same_direction
calibration,1,KITTI_odometry,05,5.0,100,1504,767,4.290262290163621,275.62793580196194,274.06446041871743,1.5634753832445085,same_direction
calibration,1,KITTI_odometry,05,5.0,100,1504,768,4.9348984857238944,275.62793580196194,274.1669472234612,1.4609885785007464,same_direction
calibration,1,KITTI_odometry,05,5.0,100,1505,755,4.973963293280319,276.02126545030944,272.7342013594606,3.287064090848844,same_direction
calibration,1,KITTI_odometry,05,5.0,100,1505,756,4.234127714429498,276.02126545030944,272.8967101652986,3.1245552850108425,same_direction
calibration,1,KITTI_odometry,05,5.0,100,1505,757,3.5049306075299103,276.02126545030944,273.05086291828934,2.9704025320201026,same_direction
calibration,1,KITTI_odometry,05,5.0,100,1505,758,2.785393591595268,276.02126545030944,273.19484462854075,2.826420821768693,same_direction
calibration,1,KITTI_odometry,05,5.0,100,1505,759,2.0839795477883154,276.02126545030944,273.3528820062125,2.6683834440969463,same_direction
calibration,1,KITTI_odometry,05,5.0,100,1505,760,1.4108285372787128,276.02126545030944,273.48433452267386,2.5369309276355807,same_direction
calibration,1,KITTI_odometry,05,5.0,100,1505,761,0.8235810175690063,276.02126545030944,273.60232010841776,2.4189453418916855,same_direction
calibration,1,KITTI_odometry,05,5.0,100,1505,762,0.6228631535899302,276.02126545030944,273.6934471380954,2.327818312214049,same_direction
calibration,1,KITTI_odometry,05,5.0,100,1505,763,1.050329913360555,276.02126545030944,273.76179096545076,2.2594744848586856,same_direction
calibration,1,KITTI_odometry,05,5.0,100,1505,764,1.6508175492464272,276.02126545030944,273.82921906173783,2.1920463885716117,same_direction
calibration,1,KITTI_odometry,05,5.0,100,1505,765,2.2959810352221943,276.02126545030944,273.9017522537481,2.1195131965613427,same_direction
calibration,1,KITTI_odometry,05,5.0,100,1505,766,2.948491298630537,276.02126545030944,273.9725677687694,2.048697681540034,same_direction
calibration,1,KITTI_odometry,05,5.0,100,1505,767,3.5975379975199706,276.02126545030944,274.06446041871743,1.9568050315920118,same_direction
calibration,1,KITTI_odometry,05,5.0,100,1505,768,4.238724433128437,276.02126545030944,274.1669472234612,1.8543182268482497,same_direction
calibration,1,KITTI_odometry,05,5.0,100,1505,769,4.868224167763846,276.02126545030944,274.2924713374304,1.7287941128790294,same_direction
calibration,1,KITTI_odometry,05,5.0,100,1506,756,4.945316714185244,276.41495410256005,272.8967101652986,3.5182439372614454,same_direction
calibration,1,KITTI_odometry,05,5.0,100,1506,757,4.2148831149748345,276.41495410256005,273.05086291828934,3.3640911842707055,same_direction
calibration,1,KITTI_odometry,05,5.0,100,1506,758,3.4925738969419067,276.41495410256005,273.19484462854075,3.2201094740192957,same_direction
calibration,1,KITTI_odometry,05,5.0,100,1506,759,2.784529805712265,276.41495410256005,273.3528820062125,3.062072096347549,same_direction
calibration,1,KITTI_odometry,05,5.0,100,1506,760,2.0924955189677195,276.41495410256005,273.48433452267386,2.9306195798861836,same_direction
calibration,1,KITTI_odometry,05,5.0,100,1506,761,1.4321519222484722,276.41495410256005,273.60232010841776,2.8126339941422884,same_direction
calibration,1,KITTI_odometry,05,5.0,100,1506,762,0.8688894327818634,276.41495410256005,273.6934471380954,2.721506964464652,same_direction
calibration,1,KITTI_odometry,05,5.0,100,1506,763,0.6817962892242732,276.41495410256005,273.76179096545076,2.6531631371092885,same_direction
calibration,1,KITTI_odometry,05,5.0,100,1506,764,1.0607164793666486,276.41495410256005,273.82921906173783,2.5857350408222146,same_direction
calibration,1,KITTI_odometry,05,5.0,100,1506,765,1.6454847293123016,276.41495410256005,273.9017522537481,2.5132018488119456,same_direction
calibration,1,KITTI_odometry,05,5.0,100,1506,766,2.2753572239101256,276.41495410256005,273.9725677687694,2.442386333790637,same_direction
calibration,1,KITTI_odometry,05,5.0,100,1506,767,2.91332435408418,276.41495410256005,274.06446041871743,2.3504936838426147,same_direction
calibration,1,KITTI_odometry,05,5.0,100,1506,768,3.548081682106543,276.41495410256005,274.1669472234612,2.2480068790988526,same_direction
calibration,1,KITTI_odometry,05,5.0,100,1506,769,4.173530105090892,276.41495410256005,274.2924713374304,2.1224827651296323,same_direction
calibration,1,KITTI_odometry,05,5.0,100,1506,770,4.7877814280102635,276.41495410256005,274.44702417617754,1.96792992638251,same_direction
calibration,1,KITTI_odometry,05,5.0,100,1507,757,4.924777405375797,276.80832025164773,273.05086291828934,3.7574573333583885,same_direction
calibration,1,KITTI_odometry,05,5.0,100,1507,758,4.200735664190257,276.80832025164773,273.19484462854075,3.6134756231069787,same_direction
calibration,1,KITTI_odometry,05,5.0,100,1507,759,3.4890750038513034,276.80832025164773,273.3528820062125,3.455438245435232,same_direction
calibration,1,KITTI_odometry,05,5.0,100,1507,760,2.7887245207262725,276.80832025164773,273.48433452267386,3.3239857289738666,same_direction
calibration,1,KITTI_odometry,05,5.0,100,1507,761,2.1059716336171252,276.80832025164773,273.60232010841776,3.2060001432299714,same_direction
calibration,1,KITTI_odometry,05,5.0,100,1507,762,1.4608872817572127,276.80832025164773,273.6934471380954,3.114873113552335,same_direction
calibration,1,KITTI_odometry,05,5.0,100,1507,763,0.9163187351571388,276.80832025164773,273.76179096545076,3.0465292861969715,same_direction
calibration,1,KITTI_odometry,05,5.0,100,1507,764,0.7342130287593419,276.80832025164773,273.82921906173783,2.9791011899098976,same_direction
calibration,1,KITTI_odometry,05,5.0,100,1507,765,1.0763964557726706,276.80832025164773,273.9017522537481,2.9065679978996286,same_direction
calibration,1,KITTI_odometry,05,5.0,100,1507,766,1.6360616125317473,276.80832025164773,273.9725677687694,2.83575248287832,same_direction
calibration,1,KITTI_odometry,05,5.0,100,1507,767,2.2470651737099208,276.80832025164773,274.06446041871743,2.7438598329302977,same_direction
calibration,1,KITTI_odometry,05,5.0,100,1507,768,2.868535969462469,276.80832025164773,274.1669472234612,2.6413730281865355,same_direction
calibration,1,KITTI_odometry,05,5.0,100,1507,769,3.486466797905866,276.80832025164773,274.2924713374304,2.5158489142173153,same_direction
calibration,1,KITTI_odometry,05,5.0,100,1507,770,4.095921753403011,276.80832025164773,274.44702417617754,2.361296075470193,same_direction
calibration,1,KITTI_odometry,05,5.0,100,1507,771,4.693097879876361,276.80832025164773,274.6029767911468,2.2053434605009556,same_direction
calibration,1,KITTI_odometry,05,5.0,100,1508,758,4.909341510070367,277.2014742092895,273.19484462854075,4.006629580748722,same_direction
calibration,1,KITTI_odometry,05,5.0,100,1508,759,4.195437604875086,277.2014742092895,273.3528820062125,3.8485922030769757,same_direction
calibration,1,KITTI_odometry,05,5.0,100,1508,760,3.490574428142166,277.2014742092895,273.48433452267386,3.71713968661561,same_direction
calibration,1,KITTI_odometry,05,5.0,100,1508,761,2.7979480098993994,277.2014742092895,273.60232010841776,3.599154100871715,same_direction
calibration,1,KITTI_odometry,05,5.0,100,1508,762,2.1268305313070908,277.2014742092895,273.6934471380954,3.5080270711940784,same_direction
calibration,1,KITTI_odometry,05,5.0,100,1508,763,1.4916707083334455,277.2014742092895,273.76179096545076,3.439683243838715,same_direction
calibration,1,KITTI_odometry,05,5.0,100,1508,764,0.9819835400351619,277.2014742092895,273.82921906173783,3.372255147551641,same_direction
calibration,1,KITTI_odometry,05,5.0,100,1508,765,0.7883778858516947,277.2014742092895,273.9017522537481,3.299721955541372,same_direction
calibration,1,KITTI_odometry,05,5.0,100,1508,766,1.090259519059569,277.2014742092895,273.9725677687694,3.2289064405200634,same_direction
calibration,1,KITTI_odometry,05,5.0,100,1508,767,1.6199622619061276,277.2014742092895,274.06446041871743,3.137013790572041,same_direction
calibration,1,KITTI_odometry,05,5.0,100,1508,768,2.209490644831973,277.2014742092895,274.1669472234612,3.034526985828279,same_direction
calibration,1,KITTI_odometry,05,5.0,100,1508,769,2.811916294984614,277.2014742092895,274.2924713374304,2.909002871859059,same_direction
calibration,1,KITTI_odometry,05,5.0,100,1508,770,3.4125067886965463,277.2014742092895,274.44702417617754,2.7544500331119366,same_direction
calibration,1,KITTI_odometry,05,5.0,100,1508,771,4.004175732607151,277.2014742092895,274.6029767911468,2.598497418142699,same_direction
calibration,1,KITTI_odometry,05,5.0,100,1508,772,4.583539009324565,277.2014742092895,274.78497887620836,2.416495333081116,same_direction
calibration,1,KITTI_odometry,05,5.0,100,1509,759,4.902409779700181,277.59427785617675,273.3528820062125,4.241395849964249,same_direction
calibration,1,KITTI_odometry,05,5.0,100,1509,760,4.194775843129163,277.59427785617675,273.48433452267386,4.109943333502883,same_direction
calibration,1,KITTI_odometry,05,5.0,100,1509,761,3.4968338607946454,277.59427785617675,273.60232010841776,3.9919577477589883,same_direction
calibration,1,KITTI_odometry,05,5.0,100,1509,762,2.8141749422521656,277.59427785617675,273.6934471380954,3.9008307180813517,same_direction
calibration,1,KITTI_odometry,05,5.0,100,1509,763,2.1490689645518546,277.59427785617675,273.76179096545076,3.8324868907259884,same_direction
calibration,1,KITTI_odometry,05,5.0,100,1509,764,1.548697174530891,277.59427785617675,273.82921906173783,3.7650587944389144,same_direction
calibration,1,KITTI_odometry,05,5.0,100,1509,765,1.0461234925189116,277.59427785617675,273.9017522537481,3.6925256024286455,same_direction
calibration,1,KITTI_odometry,05,5.0,100,1509,766,0.84351805884639,277.59427785617675,273.9725677687694,3.6217100874073367,same_direction
calibration,1,KITTI_odometry,05,5.0,100,1509,767,1.1004962362952446,277.59427785617675,274.06446041871743,3.5298174374593145,same_direction
calibration,1,KITTI_odometry,05,5.0,100,1509,768,1.5962364995513634,277.59427785617675,274.1669472234612,3.4273306327155524,same_direction
calibration,1,KITTI_odometry,05,5.0,100,1509,769,2.161476504637508,277.59427785617675,274.2924713374304,3.301806518746332,same_direction
calibration,1,KITTI_odometry,05,5.0,100,1509,770,2.7437944998851505,277.59427785617675,274.44702417617754,3.14725367999921,same_direction
calibration,1,KITTI_odometry,05,5.0,100,1509,771,3.32522592503126,277.59427785617675,274.6029767911468,2.9913010650299725,same_direction
calibration,1,KITTI_odometry,05,5.0,100,1509,772,3.898008369937141,277.59427785617675,274.78497887620836,2.809298979968389,same_direction
calibration,1,KITTI_odometry,05,5.0,100,1509,773,4.455792650015931,277.59427785617675,274.9838048680095,2.6104729881672597,same_direction
calibration,1,KITTI_odometry,05,5.0,100,1510,760,4.9014303159894075,277.98754248753863,273.48433452267386,4.503207964864771,same_direction
calibration,1,KITTI_odometry,05,5.0,100,1510,761,4.200232152107788,277.98754248753863,273.60232010841776,4.385222379120876,same_direction
calibration,1,KITTI_odometry,05,5.0,100,1510,762,3.5113332453642183,277.98754248753863,273.6934471380954,4.294095349443239,same_direction
calibration,1,KITTI_odometry,05,5.0,100,1510,763,2.832765531137375,277.98754248753863,273.76179096545076,4.225751522087876,same_direction
calibration,1,KITTI_odometry,05,5.0,100,1510,764,2.2009695412703913,277.98754248753863,273.82921906173783,4.158323425800802,same_direction
calibration,1,KITTI_odometry,05,5.0,100,1510,765,1.6055606933404898,277.98754248753863,273.9017522537481,4.085790233790533,same_direction
calibration,1,KITTI_odometry,05,5.0,100,1510,766,1.1153435210732208,277.98754248753863,273.9725677687694,4.014974718769224,same_direction
calibration,1,KITTI_odometry,05,5.0,100,1510,767,0.898069298495404,277.98754248753863,274.06446041871743,3.923082068821202,same_direction
calibration,1,KITTI_odometry,05,5.0,100,1510,768,1.105324856365773,277.98754248753863,274.1669472234612,3.82059526407744,same_direction
calibration,1,KITTI_odometry,05,5.0,100,1510,769,1.5632616297024637,277.98754248753863,274.2924713374304,3.6950711501082196,same_direction
calibration,1,KITTI_odometry,05,5.0,100,1510,770,2.101756965017608,277.98754248753863,274.44702417617754,3.5405183113610974,same_direction
calibration,1,KITTI_odometry,05,5.0,100,1510,771,2.661896556987146,277.98754248753863,274.6029767911468,3.38456569639186,same_direction
calibration,1,KITTI_odometry,05,5.0,100,1510,772,3.2224350058457385,277.98754248753863,274.78497887620836,3.2025636113302767,same_direction
calibration,1,KITTI_odometry,05,5.0,100,1510,773,3.772498965462549,277.98754248753863,274.9838048680095,3.003737619529147,same_direction
calibration,1,KITTI_odometry,05,5.0,100,1510,774,4.311767899774871,277.98754248753863,275.17340101521876,2.814141472319875,same_direction
calibration,1,KITTI_odometry,05,5.0,100,1510,775,4.83922549060498,277.98754248753863,275.40939306949633,2.578149418042301,same_direction
calibration,1,KITTI_odometry,05,5.0,100,1511,761,4.90491452921455,278.3803476671044,273.60232010841776,4.778027558686631,same_direction
calibration,1,KITTI_odometry,05,5.0,100,1511,762,4.21221356069466,278.3803476671044,273.6934471380954,4.6869005290089945,same_direction
calibration,1,KITTI_odometry,05,5.0,100,1511,763,3.526371031598913,278.3803476671044,273.76179096545076,4.618556701653631,same_direction
calibration,1,KITTI_odometry,05,5.0,100,1511,764,2.880269495741668,278.3803476671044,273.82921906173783,4.551128605366557,same_direction
calibration,1,KITTI_odometry,05,5.0,100,1511,765,2.2513046215250307,278.3803476671044,273.9017522537481,4.478595413356288,same_direction
calibration,1,KITTI_odometry,05,5.0,100,1511,766,1.6687591051137307,278.3803476671044,273.9725677687694,4.407779898334979,same_direction
calibration,1,KITTI_odometry,05,5.0,100,1511,767,1.1880426228044174,278.3803476671044,274.06446041871743,4.315887248386957,same_direction
calibration,1,KITTI_odometry,05,5.0,100,1511,768,0.9519237198431344,278.3803476671044,274.1669472234612,4.213400443643195,same_direction
calibration,1,KITTI_odometry,05,5.0,100,1511,769,1.1078696807837893,278.3803476671044,274.2924713374304,4.087876329673975,same_direction
calibration,1,KITTI_odometry,05,5.0,100,1511,770,1.522909244472567,278.3803476671044,274.44702417617754,3.9333234909268526,same_direction
calibration,1,KITTI_odometry,05,5.0,100,1511,771,2.0318073295467753,278.3803476671044,274.6029767911468,3.7773708759576152,same_direction
calibration,1,KITTI_odometry,05,5.0,100,1511,772,2.5668552272381877,278.3803476671044,274.78497887620836,3.595368790896032,same_direction
calibration,1,KITTI_odometry,05,5.0,100,1511,773,3.1024946514500202,278.3803476671044,274.9838048680095,3.3965427990949024,same_direction
calibration,1,KITTI_odometry,05,5.0,100,1511,774,3.6326883763142943,278.3803476671044,275.17340101521876,3.20694665188563,same_direction
calibration,1,KITTI_odometry,05,5.0,100,1511,775,4.154224177590923,278.3803476671044,275.40939306949633,2.9709545976080562,same_direction
calibration,1,KITTI_odometry,05,5.0,100,1511,776,4.666051603403567,278.3803476671044,275.69530318489115,2.685044482213243,same_direction
calibration,1,KITTI_odometry,05,5.0,100,1512,762,4.915702831996662,278.773199530518,273.6934471380954,5.07975239242262,same_direction
calibration,1,KITTI_odometry,05,5.0,100,1512,763,4.225414615975574,278.773199530518,273.76179096545076,5.011408565067256,same_direction
calibration,1,KITTI_odometry,05,5.0,100,1512,764,3.571517441382582,278.773199530518,273.82921906173783,4.9439804687801825,same_direction
calibration,1,KITTI_odometry,05,5.0,100,1512,765,2.9269462008209137,278.773199530518,273.9017522537481,4.8714472767699135,same_direction
calibration,1,KITTI_odometry,05,5.0,100,1512,766,2.3094614572449568,278.773199530518,273.9725677687694,4.800631761748605,same_direction
calibration,1,KITTI_odometry,05,5.0,100,1512,767,1.7390938451964058,278.773199530518,274.06446041871743,4.708739111800583,same_direction
calibration,1,KITTI_odometry,05,5.0,100,1512,768,1.2643798778848114,278.773199530518,274.1669472234612,4.60625230705682,same_direction
calibration,1,KITTI_odometry,05,5.0,100,1512,769,1.0094763347399447,278.773199530518,274.2924713374304,4.4807281930876,same_direction
calibration,1,KITTI_odometry,05,5.0,100,1512,770,1.1086926185828179,278.773199530518,274.44702417617754,4.326175354340478,same_direction
calibration,1,KITTI_odometry,05,5.0,100,1512,771,1.4760972148202227,278.773199530518,274.6029767911468,4.1702227393712406,same_direction
calibration,1,KITTI_odometry,05,5.0,100,1512,772,1.9497377193868992,278.773199530518,274.78497887620836,3.988220654309657,same_direction
calibration,1,KITTI_odometry,05,5.0,100,1512,773,2.4550499841990985,278.773199530518,274.9838048680095,3.7893946625085277,same_direction
calibration,1,KITTI_odometry,05,5.0,100,1512,774,2.968093756189147,278.773199530518,275.17340101521876,3.5997985152992555,same_direction
calibration,1,KITTI_odometry,05,5.0,100,1512,775,3.4792423337446614,278.773199530518,275.40939306949633,3.3638064610216816,same_direction
calibration,1,KITTI_odometry,05,5.0,100,1512,776,3.9840534523303033,278.773199530518,275.69530318489115,3.0778963456268684,same_direction
calibration,1,KITTI_odometry,05,5.0,100,1512,777,4.476457490094706,278.773199530518,276.02227984168996,2.7509196888280485,same_direction
calibration,1,KITTI_odometry,05,5.0,100,1512,778,4.957124203257471,278.773199530518,276.4014821307484,2.3717173997696364,same_direction
calibration,1,KITTI_odometry,05,5.0,100,1513,763,4.927387696751702,279.165975164139,273.76179096545076,5.404184198688256,same_direction
calibration,1,KITTI_odometry,05,5.0,100,1513,764,4.268723896259867,279.165975164139,273.82921906173783,5.336756102401182,same_direction
calibration,1,KITTI_odometry,05,5.0,100,1513,765,3.6155824197631024,279.165975164139,273.9017522537481,5.264222910390913,same_direction
calibration,1,KITTI_odometry,05,5.0,100,1513,766,2.981533627195915,279.165975164139,273.9725677687694,5.193407395369604,same_direction
calibration,1,KITTI_odometry,05,5.0,100,1513,767,2.375881941595594,279.165975164139,274.06446041871743,5.101514745421582,same_direction
calibration,1,KITTI_odometry,05,5.0,100,1513,768,1.8162612263658657,279.165975164139,274.1669472234612,4.99902794067782,same_direction
calibration,1,KITTI_odometry,05,5.0,100,1513,769,1.3485693873138362,279.165975164139,274.2924713374304,4.8735038267086,same_direction
calibration,1,KITTI_odometry,05,5.0,100,1513,770,1.0711436309384705,279.165975164139,274.44702417617754,4.7189509879614775,same_direction
calibration,1,KITTI_odometry,05,5.0,100,1513,771,1.1126335993488785,279.165975164139,274.6029767911468,4.56299837299224,same_direction
calibration,1,KITTI_odometry,05,5.0,100,1513,772,1.4222996057090251,279.165975164139,274.78497887620836,4.380996287930657,same_direction
calibration,1,KITTI_odometry,05,5.0,100,1513,773,1.8541967947863585,279.165975164139,274.9838048680095,4.182170296129527,same_direction
calibration,1,KITTI_odometry,05,5.0,100,1513,774,2.3306560153246583,279.165975164139,275.17340101521876,3.992574148920255,same_direction
calibration,1,KITTI_odometry,05,5.0,100,1513,775,2.8217252447750836,279.165975164139,275.40939306949633,3.756582094642681,same_direction
calibration,1,KITTI_odometry,05,5.0,100,1513,776,3.314063053145642,279.165975164139,275.69530318489115,3.470671979247868,same_direction
calibration,1,KITTI_odometry,05,5.0,100,1513,777,3.798219520805111,279.165975164139,276.02227984168996,3.143695322449048,same_direction
calibration,1,KITTI_odometry,05,5.0,100,1513,778,4.272832125253813,279.165975164139,276.4014821307484,2.764493033390636,same_direction
calibration,1,KITTI_odometry,05,5.0,100,1513,779,4.739875443146583,279.165975164139,276.853680697695,2.3122944664440297,same_direction
calibration,1,KITTI_odometry,05,5.0,100,1514,764,4.994946110503694,279.7160543402357,273.82921906173783,5.88683527849787,same_direction
calibration,1,KITTI_odometry,05,5.0,100,1514,765,4.336320893259167,279.7160543402357,273.9017522537481,5.814302086487601,same_direction
calibration,1,KITTI_odometry,05,5.0,100,1514,766,3.692738446155644,279.7160543402357,273.9725677687694,5.743486571466292,same_direction
calibration,1,KITTI_odometry,05,5.0,100,1514,767,3.0694578767880207,279.7160543402357,274.06446041871743,5.65159392151827,same_direction
calibration,1,KITTI_odometry,05,5.0,100,1514,768,2.4741597137808253,279.7160543402357,274.1669472234612,5.549107116774508,same_direction
calibration,1,KITTI_odometry,05,5.0,100,1514,769,1.9255133359642027,279.7160543402357,274.2924713374304,5.423583002805287,same_direction
calibration,1,KITTI_odometry,05,5.0,100,1514,770,1.4568559073964844,279.7160543402357,274.44702417617754,5.269030164058165,same_direction
calibration,1,KITTI_odometry,05,5.0,100,1514,771,1.1499414898576474,279.7160543402357,274.6029767911468,5.113077549088928,same_direction
calibration,1,KITTI_odometry,05,5.0,100,1514,772,1.113065354674216,279.7160543402357,274.78497887620836,4.931075464027344,same_direction
calibration,1,KITTI_odometry,05,5.0,100,1514,773,1.3466793167506477,279.7160543402357,274.9838048680095,4.732249472226215,same_direction
calibration,1,KITTI_odometry,05,5.0,100,1514,774,1.7291897420355593,279.7160543402357,275.17340101521876,4.542653325016943,same_direction
calibration,1,KITTI_odometry,05,5.0,100,1514,775,2.1741163003503283,279.7160543402357,275.40939306949633,4.306661270739369,same_direction
calibration,1,KITTI_odometry,05,5.0,100,1514,776,2.6407513883894884,279.7160543402357,275.69530318489115,4.020751155344556,same_direction
calibration,1,KITTI_odometry,05,5.0,100,1514,777,3.109336036815739,279.7160543402357,276.02227984168996,3.6937744985457357,same_direction
calibration,1,KITTI_odometry,05,5.0,100,1514,778,3.5733745707172955,279.7160543402357,276.4014821307484,3.3145722094873236,same_direction
calibration,1,KITTI_odometry,05,5.0,100,1514,779,4.033093832162106,279.7160543402357,276.853680697695,2.8623736425407174,same_direction
calibration,1,KITTI_odometry,05,5.0,100,1514,780,4.4841705110867505,279.7160543402357,277.3860174388594,2.3300369013762747,same_direction
calibration,1,KITTI_odometry,05,5.0,100,1514,781,4.92626674307472,279.7160543402357,277.9930229079424,1.7230314322932827,same_direction
calibration,1,KITTI_odometry,05,5.0,100,1515,765,4.94169890056284,279.50898295156804,273.9017522537481,5.6072306978199435,same_direction
calibration,1,KITTI_odometry,05,5.0,100,1515,766,4.293635722161814,279.50898295156804,273.9725677687694,5.536415182798635,same_direction
calibration,1,KITTI_odometry,05,5.0,100,1515,767,3.6626194150421942,279.50898295156804,274.06446041871743,5.444522532850613,same_direction
calibration,1,KITTI_odometry,05,5.0,100,1515,768,3.0531977752651427,279.50898295156804,274.1669472234612,5.3420357281068505,same_direction
calibration,1,KITTI_odometry,05,5.0,100,1515,769,2.4763696017848367,279.50898295156804,274.2924713374304,5.21651161413763,same_direction
calibration,1,KITTI_odometry,05,5.0,100,1515,770,1.9462462483005674,279.50898295156804,274.44702417617754,5.061958775390508,same_direction
calibration,1,KITTI_odometry,05,5.0,100,1515,771,1.4992447320180995,279.50898295156804,274.6029767911468,4.906006160421271,same_direction
calibration,1,KITTI_odometry,05,5.0,100,1515,772,1.201056828898631,279.50898295156804,274.78497887620836,4.724004075359687,same_direction
calibration,1,KITTI_odometry,05,5.0,100,1515,773,1.148274599555342,279.50898295156804,274.9838048680095,4.525178083558558,same_direction
calibration,1,KITTI_odometry,05,5.0,100,1515,774,1.347426364602161,279.50898295156804,275.17340101521876,4.335581936349286,same_direction
calibration,1,KITTI_odometry,05,5.0,100,1515,775,1.7007634557012883,279.50898295156804,275.40939306949633,4.099589882071712,same_direction
calibration,1,KITTI_odometry,05,5.0,100,1515,776,2.1203207173276875,279.50898295156804,275.69530318489115,3.8136797666768985,same_direction
calibration,1,KITTI_odometry,05,5.0,100,1515,777,2.5626698441759896,279.50898295156804,276.02227984168996,3.4867031098780785,same_direction
calibration,1,KITTI_odometry,05,5.0,100,1515,778,3.010210172404745,279.50898295156804,276.4014821307484,3.1075008208196664,same_direction
calibration,1,KITTI_odometry,05,5.0,100,1515,779,3.459106583341429,279.50898295156804,276.853680697695,2.65530225387306,same_direction
calibration,1,KITTI_odometry,05,5.0,100,1515,780,3.9025187421581973,279.50898295156804,277.3860174388594,2.1229655127086176,same_direction
calibration,1,KITTI_odometry,05,5.0,100,1515,781,4.339111026421886,279.50898295156804,277.9930229079424,1.5159600436256255,same_direction
calibration,1,KITTI_odometry,05,5.0,100,1515,782,4.766770222307868,279.50898295156804,278.6524706547517,0.8565122968163337,same_direction
calibration,1,KITTI_odometry,05,5.0,100,1516,766,4.878773763716551,279.2623574553638,273.9725677687694,5.289789686594418,same_direction
calibration,1,KITTI_odometry,05,5.0,100,1516,767,4.242584865598918,279.2623574553638,274.06446041871743,5.1978970366463955,same_direction
calibration,1,KITTI_odometry,05,5.0,100,1516,768,3.6245212211227265,279.2623574553638,274.1669472234612,5.095410231902633,same_direction
calibration,1,KITTI_odometry,05,5.0,100,1516,769,3.0322214423766867,279.2623574553638,274.2924713374304,4.969886117933413,same_direction
calibration,1,KITTI_odometry,05,5.0,100,1516,770,2.4723654612797445,279.2623574553638,274.44702417617754,4.815333279186291,same_direction
calibration,1,KITTI_odometry,05,5.0,100,1516,771,1.9631430471998197,279.2623574553638,274.6029767911468,4.659380664217053,same_direction
calibration,1,KITTI_odometry,05,5.0,100,1516,772,1.532335536365652,279.2623574553638,274.78497887620836,4.47737857915547,same_direction
calibration,1,KITTI_odometry,05,5.0,100,1516,773,1.2433190116623136,279.2623574553638,274.9838048680095,4.278552587354341,same_direction
calibration,1,KITTI_odometry,05,5.0,100,1516,774,1.1761115367242903,279.2623574553638,275.17340101521876,4.088956440145068,same_direction
calibration,1,KITTI_odometry,05,5.0,100,1516,775,1.3490509466495197,279.2623574553638,275.40939306949633,3.8529643858674945,same_direction
calibration,1,KITTI_odometry,05,5.0,100,1516,776,1.672826505745285,279.2623574553638,275.69530318489115,3.5670542704726813,same_direction
calibration,1,KITTI_odometry,05,5.0,100,1516,777,2.0652518428520947,279.2623574553638,276.02227984168996,3.2400776136738614,same_direction
calibration,1,KITTI_odometry,05,5.0,100,1516,778,2.4840087442591643,279.2623574553638,276.4014821307484,2.8608753246154492,same_direction
calibration,1,KITTI_odometry,05,5.0,100,1516,779,2.91531489225864,279.2623574553638,276.853680697695,2.408676757668843,same_direction
calibration,1,KITTI_odometry,05,5.0,100,1516,780,3.347042547582715,279.2623574553638,277.3860174388594,1.8763400165044004,same_direction
calibration,1,KITTI_odometry,05,5.0,100,1516,781,3.7756450663462773,279.2623574553638,277.9930229079424,1.2693345474214084,same_direction
calibration,1,KITTI_odometry,05,5.0,100,1516,782,4.197345759718158,279.2623574553638,278.6524706547517,0.6098868006121165,same_direction
calibration,1,KITTI_odometry,05,5.0,100,1516,783,4.609091642350365,279.2623574553638,279.38033714625567,0.11797969089184335,same_direction
calibration,1,KITTI_odometry,05,5.0,100,1517,767,4.808499263180669,279.00108976303034,274.06446041871743,4.936629344312905,same_direction
calibration,1,KITTI_odometry,05,5.0,100,1517,768,4.184795898326348,279.00108976303034,274.1669472234612,4.834142539569143,same_direction
calibration,1,KITTI_odometry,05,5.0,100,1517,769,3.583140858270715,279.00108976303034,274.2924713374304,4.708618425599923,same_direction
calibration,1,KITTI_odometry,05,5.0,100,1517,770,3.0069512206700404,279.00108976303034,274.44702417617754,4.554065586852801,same_direction
calibration,1,KITTI_odometry,05,5.0,100,1517,771,2.4669609573823896,279.00108976303034,274.6029767911468,4.398112971883563,same_direction
calibration,1,KITTI_odometry,05,5.0,100,1517,772,1.9748763024070777,279.00108976303034,274.78497887620836,4.21611088682198,same_direction
calibration,1,KITTI_odometry,05,5.0,100,1517,773,1.5620044181016217,279.00108976303034,274.9838048680095,4.01728489502085,same_direction
calibration,1,KITTI_odometry,05,5.0,100,1517,774,1.2795387169210655,279.00108976303034,275.17340101521876,3.827688747811578,same_direction
calibration,1,KITTI_odometry,05,5.0,100,1517,775,1.2052379675748677,279.00108976303034,275.40939306949633,3.5916966935340042,same_direction
calibration,1,KITTI_odometry,05,5.0,100,1517,776,1.3508570719894872,279.00108976303034,275.69530318489115,3.305786578139191,same_direction
calibration,1,KITTI_odometry,05,5.0,100,1517,777,1.644717764987052,279.00108976303034,276.02227984168996,2.978809921340371,same_direction
calibration,1,KITTI_odometry,05,5.0,100,1517,778,2.0096248870831634,279.00108976303034,276.4014821307484,2.599607632281959,same_direction
calibration,1,KITTI_odometry,05,5.0,100,1517,779,2.410222379142852,279.00108976303034,276.853680697695,2.147409065335353,same_direction
calibration,1,KITTI_odometry,05,5.0,100,1517,780,2.8229214318930334,279.00108976303034,277.3860174388594,1.6150723241709102,same_direction
calibration,1,KITTI_odometry,05,5.0,100,1517,781,3.2392113449296582,279.00108976303034,277.9930229079424,1.0080668550879182,same_direction
calibration,1,KITTI_odometry,05,5.0,100,1517,782,3.652198300732864,279.00108976303034,278.6524706547517,0.3486191082786263,same_direction
calibration,1,KITTI_odometry,05,5.0,100,1517,783,4.057499126796702,279.00108976303034,279.38033714625567,0.3792473832253336,same_direction
calibration,1,KITTI_odometry,05,5.0,100,1517,784,4.452908333931881,279.00108976303034,280.13862935275654,1.1375395897262024,same_direction
calibration,1,KITTI_odometry,05,5.0,100,1517,785,4.838584639933562,279.00108976303034,280.9451783352587,1.9440885722283383,same_direction
calibration,1,KITTI_odometry,05,5.0,100,1518,768,4.728078484796967,278.73604670895327,274.1669472234612,4.569099485492075,same_direction
calibration,1,KITTI_odometry,05,5.0,100,1518,769,4.1201529651700985,278.73604670895327,274.2924713374304,4.443575371522854,same_direction
calibration,1,KITTI_odometry,05,5.0,100,1518,770,3.533839735486035,278.73604670895327,274.44702417617754,4.289022532775732,same_direction
calibration,1,KITTI_odometry,05,5.0,100,1518,771,2.9764420710640414,278.73604670895327,274.6029767911468,4.133069917806495,same_direction
calibration,1,KITTI_odometry,05,5.0,100,1518,772,2.4530091627223936,278.73604670895327,274.78497887620836,3.9510678327449114,same_direction
calibration,1,KITTI_odometry,05,5.0,100,1518,773,1.9803722465728375,278.73604670895327,274.9838048680095,3.752241840943782,same_direction
calibration,1,KITTI_odometry,05,5.0,100,1518,774,1.581637144344104,278.73604670895327,275.17340101521876,3.5626456937345097,same_direction
calibration,1,KITTI_odometry,05,5.0,100,1518,775,1.3104740597207423,278.73604670895327,275.40939306949633,3.3266536394569357,same_direction
calibration,1,KITTI_odometry,05,5.0,100,1518,776,1.2266121828944054,278.73604670895327,275.69530318489115,3.0407435240621226,same_direction
calibration,1,KITTI_odometry,05,5.0,100,1518,777,1.3486213298124021,278.73604670895327,276.02227984168996,2.7137668672633026,same_direction
calibration,1,KITTI_odometry,05,5.0,100,1518,778,1.6127134106222933,278.73604670895327,276.4014821307484,2.3345645782048905,same_direction
calibration,1,KITTI_odometry,05,5.0,100,1518,779,1.9577801068924985,278.73604670895327,276.853680697695,1.8823660112582843,same_direction
calibration,1,KITTI_odometry,05,5.0,100,1518,780,2.3383570826620956,278.73604670895327,277.3860174388594,1.3500292700938417,same_direction
calibration,1,KITTI_odometry,05,5.0,100,1518,781,2.7351480583405317,278.73604670895327,277.9930229079424,0.7430238010108496,same_direction
calibration,1,KITTI_odometry,05,5.0,100,1518,782,3.1351667818476576,278.73604670895327,278.6524706547517,0.08357605420155778,same_direction
calibration,1,KITTI_odometry,05,5.0,100,1518,783,3.5313779695921785,278.73604670895327,279.38033714625567,0.6442904373024021,same_direction
calibration,1,KITTI_odometry,05,5.0,100,1518,784,3.920247056960694,278.73604670895327,280.13862935275654,1.402582643803271,same_direction
calibration,1,KITTI_odometry,05,5.0,100,1518,785,4.300940655842159,278.73604670895327,280.9451783352587,2.209131626305407,same_direction
calibration,1,KITTI_odometry,05,5.0,100,1518,786,4.677376033848999,278.73604670895327,281.79537680849637,3.0593300995431036,same_direction
calibration,1,KITTI_odometry,05,5.0,100,1519,769,4.638217079156164,278.4785127642958,274.2924713374304,4.1860414268653585,same_direction
calibration,1,KITTI_odometry,05,5.0,100,1519,770,4.045194521062738,278.4785127642958,274.44702417617754,4.031488588118236,same_direction
calibration,1,KITTI_odometry,05,5.0,100,1519,771,3.4770349008107444,278.4785127642958,274.6029767911468,3.875535973148999,same_direction
calibration,1,KITTI_odometry,05,5.0,100,1519,772,2.9357975401202316,278.4785127642958,274.78497887620836,3.6935338880874156,same_direction
calibration,1,KITTI_odometry,05,5.0,100,1519,773,2.4320483400006525,278.4785127642958,274.9838048680095,3.494707896286286,same_direction
calibration,1,KITTI_odometry,05,5.0,100,1519,774,1.9755084454106888,278.4785127642958,275.17340101521876,3.305111749077014,same_direction
calibration,1,KITTI_odometry,05,5.0,100,1519,775,1.5949164282259267,278.4785127642958,275.40939306949633,3.06911969479944,same_direction
calibration,1,KITTI_odometry,05,5.0,100,1519,776,1.3305629817941589,278.4785127642958,275.69530318489115,2.7832095794046268,same_direction
calibration,1,KITTI_odometry,05,5.0,100,1519,777,1.2418278268588436,278.4785127642958,276.02227984168996,2.456232922605807,same_direction
calibration,1,KITTI_odometry,05,5.0,100,1519,778,1.340086665490325,278.4785127642958,276.4014821307484,2.0770306335473947,same_direction
calibration,1,KITTI_odometry,05,5.0,100,1519,779,1.5848994917836252,278.4785127642958,276.853680697695,1.6248320666007885,same_direction
calibration,1,KITTI_odometry,05,5.0,100,1519,780,1.9089824753527667,278.4785127642958,277.3860174388594,1.0924953254363459,same_direction
calibration,1,KITTI_odometry,05,5.0,100,1519,781,2.27338213249686,278.4785127642958,277.9930229079424,0.48548985635335384,same_direction
calibration,1,KITTI_odometry,05,5.0,100,1519,782,2.6532265991070174,278.4785127642958,278.6524706547517,0.173957890455938,same_direction
calibration,1,KITTI_odometry,05,5.0,100,1519,783,3.0361108461729405,278.4785127642958,279.38033714625567,0.9018243819598979,same_direction
calibration,1,KITTI_odometry,05,5.0,100,1519,784,3.4158514432347578,278.4785127642958,280.13862935275654,1.6601165884607667,same_direction
calibration,1,KITTI_odometry,05,5.0,100,1519,785,3.789891247580065,278.4785127642958,280.9451783352587,2.4666655709629026,same_direction
calibration,1,KITTI_odometry,05,5.0,100,1519,786,4.161513310203512,278.4785127642958,281.79537680849637,3.3168640442005994,same_direction
calibration,1,KITTI_odometry,05,5.0,100,1519,787,4.52386897348011,278.4785127642958,282.7404743123752,4.261961548079455,same_direction
calibration,1,KITTI_odometry,05,5.0,100,1519,788,4.877769780574005,278.4785127642958,283.79417043796707,5.315657673671296,same_direction
calibration,1,KITTI_odometry,05,5.0,100,1520,770,4.542408610119643,278.20513633049114,274.44702417617754,3.758112154313608,same_direction
calibration,1,KITTI_odometry,05,5.0,100,1520,771,3.9669207068013157,278.20513633049114,274.6029767911468,3.6021595393443704,same_direction
calibration,1,KITTI_odometry,05,5.0,100,1520,772,3.414383782560049,278.20513633049114,274.78497887620836,3.420157454282787,same_direction
calibration,1,KITTI_odometry,05,5.0,100,1520,773,2.8924023088721578,278.20513633049114,274.9838048680095,3.2213314624816576,same_direction
calibration,1,KITTI_odometry,05,5.0,100,1520,774,2.404579477081183,278.20513633049114,275.17340101521876,3.0317353152723854,same_direction
calibration,1,KITTI_odometry,05,5.0,100,1520,775,1.9667349570249681,278.20513633049114,275.40939306949633,2.7957432609948114,same_direction
calibration,1,KITTI_odometry,05,5.0,100,1520,776,1.5978769734381981,278.20513633049114,275.69530318489115,2.5098331455999983,same_direction
calibration,1,KITTI_odometry,05,5.0,100,1520,777,1.3420205332870316,278.20513633049114,276.02227984168996,2.1828564888011783,same_direction
calibration,1,KITTI_odometry,05,5.0,100,1520,778,1.2427757096451582,278.20513633049114,276.4014821307484,1.8036541997427662,same_direction
calibration,1,KITTI_odometry,05,5.0,100,1520,779,1.327526732130483,278.20513633049114,276.853680697695,1.35145563279616,same_direction
calibration,1,KITTI_odometry,05,5.0,100,1520,780,1.5521882366649407,278.20513633049114,277.3860174388594,0.8191188916317174,same_direction
calibration,1,KITTI_odometry,05,5.0,100,1520,781,1.860423844106769,278.20513633049114,277.9930229079424,0.21211342254872534,same_direction
calibration,1,KITTI_odometry,05,5.0,100,1520,782,2.2073063547627516,278.20513633049114,278.6524706547517,0.4473343242605665,same_direction
calibration,1,KITTI_odometry,05,5.0,100,1520,783,2.5697741040519495,278.20513633049114,279.38033714625567,1.1752008157645264,same_direction
calibration,1,KITTI_odometry,05,5.0,100,1520,784,2.9363055894950723,278.20513633049114,280.13862935275654,1.9334930222653952,same_direction
calibration,1,KITTI_odometry,05,5.0,100,1520,785,3.3012057844371054,278.20513633049114,280.9451783352587,2.740042004767531,same_direction
calibration,1,KITTI_odometry,05,5.0,100,1520,786,3.666479225753777,278.20513633049114,281.79537680849637,3.590240478005228,same_direction
calibration,1,KITTI_odometry,05,5.0,100,1520,787,4.024106502160324,278.20513633049114,282.7404743123752,4.5353379818840835,same_direction
calibration,1,KITTI_odometry,05,5.0,100,1520,788,4.374489652865119,278.20513633049114,283.79417043796707,5.589034107475925,same_direction
calibration,1,KITTI_odometry,05,5.0,100,1520,789,4.708392916756311,278.20513633049114,284.9565046141515,6.751368283660383,same_direction
calibration,1,KITTI_odometry,05,5.0,100,1521,771,4.436551035623176,277.9367184156065,274.6029767911468,3.3337416244597193,same_direction
calibration,1,KITTI_odometry,05,5.0,100,1521,772,3.876603445420887,277.9367184156065,274.78497887620836,3.151739539398136,same_direction
calibration,1,KITTI_odometry,05,5.0,100,1521,773,3.3433739966281077,277.9367184156065,274.9838048680095,2.9529135475970065,same_direction
calibration,1,KITTI_odometry,05,5.0,100,1521,774,2.837547481981585,277.9367184156065,275.17340101521876,2.7633174003877343,same_direction
calibration,1,KITTI_odometry,05,5.0,100,1521,775,2.368767412272472,277.9367184156065,275.40939306949633,2.5273253461101604,same_direction
calibration,1,KITTI_odometry,05,5.0,100,1521,776,1.9448600782534546,277.9367184156065,275.69530318489115,2.241415230715347,same_direction
calibration,1,KITTI_odometry,05,5.0,100,1521,777,1.5916027855919412,277.9367184156065,276.02227984168996,1.9144385739165273,same_direction
calibration,1,KITTI_odometry,05,5.0,100,1521,778,1.338883000020556,277.9367184156065,276.4014821307484,1.5352362848581151,same_direction
calibration,1,KITTI_odometry,05,5.0,100,1521,779,1.2400628303441148,277.9367184156065,276.853680697695,1.083037717911509,same_direction
calibration,1,KITTI_odometry,05,5.0,100,1521,780,1.3131165549032708,277.9367184156065,277.3860174388594,0.5507009767470663,same_direction
calibration,1,KITTI_odometry,05,5.0,100,1521,781,1.525854711760272,277.9367184156065,277.9930229079424,0.056304492335925715,same_direction
calibration,1,KITTI_odometry,05,5.0,100,1521,782,1.8173003506839596,277.9367184156065,278.6524706547517,0.7157522391452176,same_direction
calibration,1,KITTI_odometry,05,5.0,100,1521,783,2.147153904468893,277.9367184156065,279.38033714625567,1.4436187306491775,same_direction
calibration,1,KITTI_odometry,05,5.0,100,1521,784,2.4937366303601545,277.9367184156065,280.13862935275654,2.2019109371500463,same_direction
calibration,1,KITTI_odometry,05,5.0,100,1521,785,2.8455603257567774,277.9367184156065,280.9451783352587,3.008459919652182,same_direction
calibration,1,KITTI_odometry,05,5.0,100,1521,786,3.2021284898991835,277.9367184156065,281.79537680849637,3.858658392889879,same_direction
calibration,1,KITTI_odometry,05,5.0,100,1521,787,3.553536312290759,277.9367184156065,282.7404743123752,4.803755896768735,same_direction
calibration,1,KITTI_odometry,05,5.0,100,1521,788,3.899444638171441,277.9367184156065,283.79417043796707,5.857452022360576,same_direction
calibration,1,KITTI_odometry,05,5.0,100,1521,789,4.229826570969666,277.9367184156065,284.9565046141515,7.0197861985450345,same_direction
calibration,1,KITTI_odometry,05,5.0,100,1521,790,4.549048477400961,277.9367184156065,286.20848909862235,8.271770683015859,same_direction
calibration,1,KITTI_odometry,05,5.0,100,1521,791,4.8628271834203165,277.9367184156065,287.52891421534787,9.592195799741376,same_direction
calibration,1,KITTI_odometry,05,5.0,100,1522,771,4.88593942530974,277.69243987375773,274.6029767911468,3.089463082610962,same_direction
calibration,1,KITTI_odometry,05,5.0,100,1522,772,4.320787868585553,277.69243987375773,274.78497887620836,2.9074609975493786,same_direction
calibration,1,KITTI_odometry,05,5.0,100,1522,773,3.780046934417614,277.69243987375773,274.9838048680095,2.708635005748249,same_direction
calibration,1,KITTI_odometry,05,5.0,100,1522,774,3.2628806964106167,277.69243987375773,275.17340101521876,2.519038858538977,same_direction
calibration,1,KITTI_odometry,05,5.0,100,1522,775,2.775774826643007,277.69243987375773,275.40939306949633,2.283046804261403,same_direction
calibration,1,KITTI_odometry,05,5.0,100,1522,776,2.321163706454379,277.69243987375773,275.69530318489115,1.9971366888665898,same_direction
calibration,1,KITTI_odometry,05,5.0,100,1522,777,1.9146338856295795,277.69243987375773,276.02227984168996,1.6701600320677699,same_direction
calibration,1,KITTI_odometry,05,5.0,100,1522,778,1.5700195410328626,277.69243987375773,276.4014821307484,1.2909577430093577,same_direction
calibration,1,KITTI_odometry,05,5.0,100,1522,779,1.3269016725123428,277.69243987375773,276.853680697695,0.8387591760627515,same_direction
calibration,1,KITTI_odometry,05,5.0,100,1522,780,1.2285840015172063,277.69243987375773,277.3860174388594,0.3064224348983089,same_direction
calibration,1,KITTI_odometry,05,5.0,100,1522,781,1.29904218130745,277.69243987375773,277.9930229079424,0.30058303418468313,same_direction
calibration,1,KITTI_odometry,05,5.0,100,1522,782,1.4989097227948849,277.69243987375773,278.6524706547517,0.960030780993975,same_direction
calibration,1,KITTI_odometry,05,5.0,100,1522,783,1.775254215465776,277.69243987375773,279.38033714625567,1.6878972724979349,same_direction
calibration,1,KITTI_odometry,05,5.0,100,1522,784,2.0905902469802666,277.69243987375773,280.13862935275654,2.4461894789988037,same_direction
calibration,1,KITTI_odometry,05,5.0,100,1522,785,2.4230580927546934,277.69243987375773,280.9451783352587,3.2527384615009396,same_direction
calibration,1,KITTI_odometry,05,5.0,100,1522,786,2.767349733633431,277.69243987375773,281.79537680849637,4.102936934738636,same_direction
calibration,1,KITTI_odometry,05,5.0,100,1522,787,3.110398307091232,277.69243987375773,282.7404743123752,5.048034438617492,same_direction
calibration,1,KITTI_odometry,05,5.0,100,1522,788,3.450524628244377,277.69243987375773,283.79417043796707,6.101730564209333,same_direction
calibration,1,KITTI_odometry,05,5.0,100,1522,789,3.7765355243852805,277.69243987375773,284.9565046141515,7.264064740393792,same_direction
calibration,1,KITTI_odometry,05,5.0,100,1522,790,4.092477889277473,277.69243987375773,286.20848909862235,8.516049224864616,same_direction
calibration,1,KITTI_odometry,05,5.0,100,1522,791,4.403880406412072,277.69243987375773,287.52891421534787,9.836474341590133,same_direction
calibration,1,KITTI_odometry,05,5.0,100,1522,792,4.715597810739147,277.69243987375773,288.86786031766155,11.175420443903818,same_direction
calibration,1,KITTI_odometry,05,5.0,100,1523,772,4.741057846306562,277.4513250788688,274.78497887620836,2.6663462026604634,same_direction
calibration,1,KITTI_odometry,05,5.0,100,1523,773,4.195040915824413,277.4513250788688,274.9838048680095,2.467520210859334,same_direction
calibration,1,KITTI_odometry,05,5.0,100,1523,774,3.670286225024414,277.4513250788688,275.17340101521876,2.2779240636500617,same_direction
calibration,1,KITTI_odometry,05,5.0,100,1523,775,3.1715401498634623,277.4513250788688,275.40939306949633,2.0419320093724878,same_direction
calibration,1,KITTI_odometry,05,5.0,100,1523,776,2.6985661782509553,277.4513250788688,275.69530318489115,1.7560218939776746,same_direction
calibration,1,KITTI_odometry,05,5.0,100,1523,777,2.261839306847408,277.4513250788688,276.02227984168996,1.4290452371788547,same_direction
calibration,1,KITTI_odometry,05,5.0,100,1523,778,1.8661261932934723,277.4513250788688,276.4014821307484,1.0498429481204425,same_direction
calibration,1,KITTI_odometry,05,5.0,100,1523,779,1.5348283042115827,277.4513250788688,276.853680697695,0.5976443811738363,same_direction
calibration,1,KITTI_odometry,05,5.0,100,1523,780,1.3011621188925624,277.4513250788688,277.3860174388594,0.06530764000939371,same_direction
calibration,1,KITTI_odometry,05,5.0,100,1523,781,1.2128013060715974,277.4513250788688,277.9930229079424,0.5416978290735983,same_direction
calibration,1,KITTI_odometry,05,5.0,100,1523,782,1.280632363309626,277.4513250788688,278.6524706547517,1.2011455758828902,same_direction
calibration,1,KITTI_odometry,05,5.0,100,1523,783,1.4718291048474244,277.4513250788688,279.38033714625567,1.92901206738685,same_direction
calibration,1,KITTI_odometry,05,5.0,100,1523,784,1.7376680005524585,277.4513250788688,280.13862935275654,2.687304273887719,same_direction
calibration,1,KITTI_odometry,05,5.0,100,1523,785,2.0408878654352822,277.4513250788688,280.9451783352587,3.4938532563898548,same_direction
calibration,1,KITTI_odometry,05,5.0,100,1523,786,2.367546238703692,277.4513250788688,281.79537680849637,4.344051729627552,same_direction
calibration,1,KITTI_odometry,05,5.0,100,1523,787,2.6992163070463584,277.4513250788688,282.7404743123752,5.289149233506407,same_direction
calibration,1,KITTI_odometry,05,5.0,100,1523,788,3.0318215231276358,277.4513250788688,283.79417043796707,6.3428453590982485,same_direction
calibration,1,KITTI_odometry,05,5.0,100,1523,789,3.352401444087655,277.4513250788688,284.9565046141515,7.505179535282707,same_direction
calibration,1,KITTI_odometry,05,5.0,100,1523,790,3.6644195015440024,277.4513250788688,286.20848909862235,8.757164019753532,same_direction
calibration,1,KITTI_odometry,05,5.0,100,1523,791,3.973066981861992,277.4513250788688,287.52891421534787,10.077589136479048,same_direction
calibration,1,KITTI_odometry,05,5.0,100,1523,792,4.2827412478088425,277.4513250788688,288.86786031766155,11.416535238792733,same_direction
calibration,1,KITTI_odometry,05,5.0,100,1523,793,4.5940559727007955,277.4513250788688,290.29132759808806,12.84000251921924,same_direction
calibration,1,KITTI_odometry,05,5.0,100,1523,794,4.917818983473396,277.4513250788688,291.94005990750156,14.488734828632744,same_direction
calibration,1,KITTI_odometry,05,5.0,100,1524,773,4.588426142006533,277.2184314526171,274.9838048680095,2.2346265846076108,same_direction
calibration,1,KITTI_odometry,05,5.0,100,1524,774,4.058261728715386,277.2184314526171,275.17340101521876,2.0450304373983386,same_direction
calibration,1,KITTI_odometry,05,5.0,100,1524,775,3.551570901007606,277.2184314526171,275.40939306949633,1.8090383831207646,same_direction
calibration,1,KITTI_odometry,05,5.0,100,1524,776,3.0667070063401876,277.2184314526171,275.69530318489115,1.5231282677259514,same_direction
calibration,1,KITTI_odometry,05,5.0,100,1524,777,2.6114873489442734,277.2184314526171,276.02227984168996,1.1961516109271315,same_direction
calibration,1,KITTI_odometry,05,5.0,100,1524,778,2.1860957690787495,277.2184314526171,276.4014821307484,0.8169493218687194,same_direction
calibration,1,KITTI_odometry,05,5.0,100,1524,779,1.804034603129614,277.2184314526171,276.853680697695,0.3647507549221132,same_direction
calibration,1,KITTI_odometry,05,5.0,100,1524,780,1.4847685544302864,277.2184314526171,277.3860174388594,0.16758598624232945,same_direction
calibration,1,KITTI_odometry,05,5.0,100,1524,781,1.2671345740247917,277.2184314526171,277.9930229079424,0.7745914553253215,same_direction
calibration,1,KITTI_odometry,05,5.0,100,1524,782,1.1864233615788315,277.2184314526171,278.6524706547517,1.4340392021346133,same_direction
calibration,1,KITTI_odometry,05,5.0,100,1524,783,1.2560427501084446,277.2184314526171,279.38033714625567,2.161905693638573,same_direction
calibration,1,KITTI_odometry,05,5.0,100,1524,784,1.444521082357745,277.2184314526171,280.13862935275654,2.920197900139442,same_direction
calibration,1,KITTI_odometry,05,5.0,100,1524,785,1.702501968288141,277.2184314526171,280.9451783352587,3.726746882641578,same_direction
calibration,1,KITTI_odometry,05,5.0,100,1524,786,2.0030463703708925,277.2184314526171,281.79537680849637,4.576945355879275,same_direction
calibration,1,KITTI_odometry,05,5.0,100,1524,787,2.318800721675105,277.2184314526171,282.7404743123752,5.52204285975813,same_direction
calibration,1,KITTI_odometry,05,5.0,100,1524,788,2.6414138174613955,277.2184314526171,283.79417043796707,6.575738985349972,same_direction
calibration,1,KITTI_odometry,05,5.0,100,1524,789,2.955146488014596,277.2184314526171,284.9565046141515,7.73807316153443,same_direction
calibration,1,KITTI_odometry,05,5.0,100,1524,790,3.262429148592195,277.2184314526171,286.20848909862235,8.990057646005255,same_direction
calibration,1,KITTI_odometry,05,5.0,100,1524,791,3.5678752278966757,277.2184314526171,287.52891421534787,10.310482762730771,same_direction
calibration,1,KITTI_odometry,05,5.0,100,1524,792,3.875266039730645,277.2184314526171,288.86786031766155,11.649428865044456,same_direction
calibration,1,KITTI_odometry,05,5.0,100,1524,793,4.185080137541244,277.2184314526171,290.29132759808806,13.072896145470963,same_direction
calibration,1,KITTI_odometry,05,5.0,100,1524,794,4.507763557369984,277.2184314526171,291.94005990750156,14.721628454884467,same_direction
calibration,1,KITTI_odometry,05,5.0,100,1524,795,4.804916584164151,277.2184314526171,293.57312768284396,16.354696230226864,same_direction
calibration,1,KITTI_odometry,05,5.0,100,1525,773,4.959253268610507,276.98577632021363,274.9838048680095,2.0019714522041454,same_direction
calibration,1,KITTI_odometry,05,5.0,100,1525,774,4.425068566703236,276.98577632021363,275.17340101521876,1.8123753049948732,same_direction
calibration,1,KITTI_odometry,05,5.0,100,1525,775,3.912681750115772,276.98577632021363,275.40939306949633,1.5763832507172992,same_direction
calibration,1,KITTI_odometry,05,5.0,100,1525,776,3.419662809647909,276.98577632021363,275.69530318489115,1.290473135322486,same_direction
calibration,1,KITTI_odometry,05,5.0,100,1525,777,2.9523686307791963,276.98577632021363,276.02227984168996,0.9634964785236662,same_direction
calibration,1,KITTI_odometry,05,5.0,100,1525,778,2.5086552755388785,276.98577632021363,276.4014821307484,0.584294189465254,same_direction
calibration,1,KITTI_odometry,05,5.0,100,1525,779,2.0965789830187798,276.98577632021363,276.853680697695,0.13209562251864782,same_direction
calibration,1,KITTI_odometry,05,5.0,100,1525,780,1.7269139892235617,276.98577632021363,277.3860174388594,0.4002411186457948,same_direction
calibration,1,KITTI_odometry,05,5.0,100,1525,781,1.4247227690803645,276.98577632021363,277.9930229079424,1.0072465877287868,same_direction
calibration,1,KITTI_odometry,05,5.0,100,1525,782,1.2195888569354203,276.98577632021363,278.6524706547517,1.6666943345380787,same_direction
calibration,1,KITTI_odometry,05,5.0,100,1525,783,1.1503772752627777,276.98577632021363,279.38033714625567,2.3945608260420386,same_direction
calibration,1,KITTI_odometry,05,5.0,100,1525,784,1.2286605606207994,276.98577632021363,280.13862935275654,3.1528530325429074,same_direction
calibration,1,KITTI_odometry,05,5.0,100,1525,785,1.4172156099676638,276.98577632021363,280.9451783352587,3.9594020150450433,same_direction
calibration,1,KITTI_odometry,05,5.0,100,1525,786,1.6781660811519905,276.98577632021363,281.79537680849637,4.80960048828274,same_direction
calibration,1,KITTI_odometry,05,5.0,100,1525,787,1.9710097468871142,276.98577632021363,282.7404743123752,5.754697992161596,same_direction
calibration,1,KITTI_odometry,05,5.0,100,1525,788,2.2800078068219407,276.98577632021363,283.79417043796707,6.808394117753437,same_direction
calibration,1,KITTI_odometry,05,5.0,100,1525,789,2.584935165395066,276.98577632021363,284.9565046141515,7.970728293937896,same_direction
calibration,1,KITTI_odometry,05,5.0,100,1525,790,2.88642073483562,276.98577632021363,286.20848909862235,9.22271277840872,same_direction
calibration,1,KITTI_odometry,05,5.0,100,1525,791,3.1881116487479795,276.98577632021363,287.52891421534787,10.543137895134237,same_direction
calibration,1,KITTI_odometry,05,5.0,100,1525,792,3.492939560765837,276.98577632021363,288.86786031766155,11.882083997447921,same_direction
calibration,1,KITTI_odometry,05,5.0,100,1525,793,3.801144580148674,276.98577632021363,290.29132759808806,13.305551277874429,same_direction
calibration,1,KITTI_odometry,05,5.0,100,1525,794,4.122740201096412,276.98577632021363,291.94005990750156,14.954283587287932,same_direction
calibration,1,KITTI_odometry,05,5.0,100,1525,795,4.419351683867815,276.98577632021363,293.57312768284396,16.58735136263033,same_direction
calibration,1,KITTI_odometry,05,5.0,100,1525,796,4.7263700237658455,276.98577632021363,295.382655715387,18.396879395173357,same_direction
calibration,1,KITTI_odometry,05,5.0,100,1526,774,4.769060982823456,276.78249953972386,275.17340101521876,1.6090985245051002,same_direction
calibration,1,KITTI_odometry,05,5.0,100,1526,775,4.252598656471712,276.78249953972386,275.40939306949633,1.3731064702275262,same_direction
calibration,1,KITTI_odometry,05,5.0,100,1526,776,3.7539301516571975,276.78249953972386,275.69530318489115,1.087196354832713,same_direction
calibration,1,KITTI_odometry,05,5.0,100,1526,777,3.2785763993783985,276.78249953972386,276.02227984168996,0.7602196980338931,same_direction
calibration,1,KITTI_odometry,05,5.0,100,1526,778,2.823186532276081,276.78249953972386,276.4014821307484,0.381017408975481,same_direction
calibration,1,KITTI_odometry,05,5.0,100,1526,779,2.3928081811035455,276.78249953972386,276.853680697695,0.07118115797112523,same_direction
calibration,1,KITTI_odometry,05,5.0,100,1526,780,1.9935162047758817,276.78249953972386,277.3860174388594,0.6035178991355679,same_direction
calibration,1,KITTI_odometry,05,5.0,100,1526,781,1.641012123007024,276.78249953972386,277.9930229079424,1.2105233682185599,same_direction
calibration,1,KITTI_odometry,05,5.0,100,1526,782,1.3528228953595682,276.78249953972386,278.6524706547517,1.8699711150278517,same_direction
calibration,1,KITTI_odometry,05,5.0,100,1526,783,1.1641952758231808,276.78249953972386,279.38033714625567,2.5978376065318116,same_direction
calibration,1,KITTI_odometry,05,5.0,100,1526,784,1.1141609296905977,276.78249953972386,280.13862935275654,3.3561298130326804,same_direction
calibration,1,KITTI_odometry,05,5.0,100,1526,785,1.2037851826567803,276.78249953972386,280.9451783352587,4.162678795534816,same_direction
calibration,1,KITTI_odometry,05,5.0,100,1526,786,1.4043630677289367,276.78249953972386,281.79537680849637,5.012877268772513,same_direction
calibration,1,KITTI_odometry,05,5.0,100,1526,787,1.662979429131944,276.78249953972386,282.7404743123752,5.957974772651369,same_direction
calibration,1,KITTI_odometry,05,5.0,100,1526,788,1.9525256419010217,276.78249953972386,283.79417043796707,7.01167089824321,same_direction
calibration,1,KITTI_odometry,05,5.0,100,1526,789,2.2455278077245038,276.78249953972386,284.9565046141515,8.174005074427669,same_direction
calibration,1,KITTI_odometry,05,5.0,100,1526,790,2.539499767872603,276.78249953972386,286.20848909862235,9.425989558898493,same_direction
calibration,1,KITTI_odometry,05,5.0,100,1526,791,2.836487503712323,276.78249953972386,287.52891421534787,10.74641467562401,same_direction
calibration,1,KITTI_odometry,05,5.0,100,1526,792,3.138201396133754,276.78249953972386,288.86786031766155,12.085360777937694,same_direction
calibration,1,KITTI_odometry,05,5.0,100,1526,793,3.4444950421770737,276.78249953972386,290.29132759808806,13.508828058364202,same_direction
calibration,1,KITTI_odometry,05,5.0,100,1526,794,3.7648226374319007,276.78249953972386,291.94005990750156,15.157560367777705,same_direction
calibration,1,KITTI_odometry,05,5.0,100,1526,795,4.060805705630409,276.78249953972386,293.57312768284396,16.790628143120102,same_direction
calibration,1,KITTI_odometry,05,5.0,100,1526,796,4.367650996255305,276.78249953972386,295.382655715387,18.60015617566313,same_direction
calibration,1,KITTI_odometry,05,5.0,100,1526,797,4.669123932448246,276.78249953972386,297.24617268027094,20.463673140547087,same_direction
calibration,1,KITTI_odometry,05,5.0,100,1526,798,4.9646746781882864,276.78249953972386,299.15816088098194,22.37566134125808,same_direction
calibration,1,KITTI_odometry,05,5.0,100,1527,775,4.569907043938751,276.6046232075503,275.40939306949633,1.1952301380539438,same_direction
calibration,1,KITTI_odometry,05,5.0,100,1527,776,4.067067421253922,276.6046232075503,275.69530318489115,0.9093200226591307,same_direction
calibration,1,KITTI_odometry,05,5.0,100,1527,777,3.585963153216305,276.6046232075503,276.02227984168996,0.5823433658603108,same_direction
calibration,1,KITTI_odometry,05,5.0,100,1527,778,3.12259143834749,276.6046232075503,276.4014821307484,0.20314107680189863,same_direction
calibration,1,KITTI_odometry,05,5.0,100,1527,779,2.680236176444916,276.6046232075503,276.853680697695,0.24905749014470757,same_direction
calibration,1,KITTI_odometry,05,5.0,100,1527,780,2.2624510204855346,276.6046232075503,277.3860174388594,0.7813942313091502,same_direction
calibration,1,KITTI_odometry,05,5.0,100,1527,781,1.8794963864354788,276.6046232075503,277.9930229079424,1.3883997003921422,same_direction
calibration,1,KITTI_odometry,05,5.0,100,1527,782,1.540321404694828,276.6046232075503,278.6524706547517,2.047847447201434,same_direction
calibration,1,KITTI_odometry,05,5.0,100,1527,783,1.2687145650149265,276.6046232075503,279.38033714625567,2.775713938705394,same_direction
calibration,1,KITTI_odometry,05,5.0,100,1527,784,1.1032907399815424,276.6046232075503,280.13862935275654,3.5340061452062628,same_direction
calibration,1,KITTI_odometry,05,5.0,100,1527,785,1.0747449224518437,276.6046232075503,280.9451783352587,4.340555127708399,same_direction
calibration,1,KITTI_odometry,05,5.0,100,1527,786,1.1892739458278871,276.6046232075503,281.79537680849637,5.1907536009460955,same_direction
calibration,1,KITTI_odometry,05,5.0,100,1527,787,1.3972838984615863,276.6046232075503,282.7404743123752,6.135851104824951,same_direction
calibration,1,KITTI_odometry,05,5.0,100,1527,788,1.6589421555994648,276.6046232075503,283.79417043796707,7.1895472304167924,same_direction
calibration,1,KITTI_odometry,05,5.0,100,1527,789,1.9358101169732578,276.6046232075503,284.9565046141515,8.351881406601251,same_direction
calibration,1,KITTI_odometry,05,5.0,100,1527,790,2.2201559561978987,276.6046232075503,286.20848909862235,9.603865891072076,same_direction
calibration,1,KITTI_odometry,05,5.0,100,1527,791,2.511398716991184,276.6046232075503,287.52891421534787,10.924291007797592,same_direction
calibration,1,KITTI_odometry,05,5.0,100,1527,792,2.809483952711288,276.6046232075503,288.86786031766155,12.263237110111277,same_direction
calibration,1,KITTI_odometry,05,5.0,100,1527,793,3.113648843687554,276.6046232075503,290.29132759808806,13.686704390537784,same_direction
calibration,1,KITTI_odometry,05,5.0,100,1527,794,3.4326420219616978,276.6046232075503,291.94005990750156,15.335436699951288,same_direction
calibration,1,KITTI_odometry,05,5.0,100,1527,795,3.7280236605839945,276.6046232075503,293.57312768284396,16.968504475293685,same_direction
calibration,1,KITTI_odometry,05,5.0,100,1527,796,4.034773993347181,276.6046232075503,295.382655715387,18.778032507836713,same_direction
calibration,1,KITTI_odometry,05,5.0,100,1527,797,4.336544654192895,276.6046232075503,297.24617268027094,20.64154947272067,same_direction
calibration,1,KITTI_odometry,05,5.0,100,1527,798,4.632753560171744,276.6046232075503,299.15816088098194,22.553537673431663,same_direction
calibration,1,KITTI_odometry,05,5.0,100,1527,799,4.924010501420563,276.6046232075503,301.1815593576172,24.5769361500669,same_direction
calibration,1,KITTI_odometry,05,5.0,100,1528,775,4.8665194932806894,276.43164468021297,275.40939306949633,1.022251610716637,same_direction
calibration,1,KITTI_odometry,05,5.0,100,1528,776,4.360527170609645,276.43164468021297,275.69530318489115,0.7363414953218239,same_direction
calibration,1,KITTI_odometry,05,5.0,100,1528,777,3.875193583296833,276.43164468021297,276.02227984168996,0.409364838523004,same_direction
calibration,1,KITTI_odometry,05,5.0,100,1528,778,3.4061544982694154,276.43164468021297,276.4014821307484,0.030162549464591848,same_direction
calibration,1,KITTI_odometry,05,5.0,100,1528,779,2.9555987688967513,276.43164468021297,276.853680697695,0.42203601748201436,same_direction
calibration,1,KITTI_odometry,05,5.0,100,1528,780,2.5256857879704615,276.43164468021297,277.3860174388594,0.954372758646457,same_direction
calibration,1,KITTI_odometry,05,5.0,100,1528,781,2.1235308683426193,276.43164468021297,277.9930229079424,1.561378227729449,same_direction
calibration,1,KITTI_odometry,05,5.0,100,1528,782,1.7530743942916363,276.43164468021297,278.6524706547517,2.220825974538741,same_direction
calibration,1,KITTI_odometry,05,5.0,100,1528,783,1.42914662272314,276.43164468021297,279.38033714625567,2.9486924660427007,same_direction
calibration,1,KITTI_odometry,05,5.0,100,1528,784,1.1795449259137891,276.43164468021297,280.13862935275654,3.7069846725435696,same_direction
calibration,1,KITTI_odometry,05,5.0,100,1528,785,1.0384122153537927,276.43164468021297,280.9451783352587,4.5135336550457055,same_direction
calibration,1,KITTI_odometry,05,5.0,100,1528,786,1.0451771492072475,276.43164468021297,281.79537680849637,5.363732128283402,same_direction
calibration,1,KITTI_odometry,05,5.0,100,1528,787,1.1803573025147804,276.43164468021297,282.7404743123752,6.308829632162258,same_direction
calibration,1,KITTI_odometry,05,5.0,100,1528,788,1.4011624609676652,276.43164468021297,283.79417043796707,7.362525757754099,same_direction
calibration,1,KITTI_odometry,05,5.0,100,1528,789,1.6554207165660304,276.43164468021297,284.9565046141515,8.524859933938558,same_direction
calibration,1,KITTI_odometry,05,5.0,100,1528,790,1.9269678811752369,276.43164468021297,286.20848909862235,9.776844418409382,same_direction
calibration,1,KITTI_odometry,05,5.0,100,1528,791,2.210930050558124,276.43164468021297,287.52891421534787,11.097269535134899,same_direction
calibration,1,KITTI_odometry,05,5.0,100,1528,792,2.504624806427149,276.43164468021297,288.86786031766155,12.436215637448583,same_direction
calibration,1,KITTI_odometry,05,5.0,100,1528,793,2.8063174215838163,276.43164468021297,290.29132759808806,13.85968291787509,same_direction
calibration,1,KITTI_odometry,05,5.0,100,1528,794,3.123829661293857,276.43164468021297,291.94005990750156,15.508415227288594,same_direction
calibration,1,KITTI_odometry,05,5.0,100,1528,795,3.418584530318959,276.43164468021297,293.57312768284396,17.14148300263099,same_direction
calibration,1,KITTI_odometry,05,5.0,100,1528,796,3.7252752101404236,276.43164468021297,295.382655715387,18.95101103517402,same_direction
calibration,1,KITTI_odometry,05,5.0,100,1528,797,4.027406025978633,276.43164468021297,297.24617268027094,20.814528000057976,same_direction
calibration,1,KITTI_odometry,05,5.0,100,1528,798,4.32435335585611,276.43164468021297,299.15816088098194,22.72651620076897,same_direction
calibration,1,KITTI_odometry,05,5.0,100,1528,799,4.616678724191237,276.43164468021297,301.1815593576172,24.749914677404206,same_direction
calibration,1,KITTI_odometry,05,5.0,100,1528,800,4.901833240232577,276.43164468021297,303.3028916664663,26.87124698625331,same_direction
calibration,1,KITTI_odometry,05,5.0,100,1529,776,4.635685877128538,276.26300899313964,275.69530318489115,0.5677058082484905,same_direction
calibration,1,KITTI_odometry,05,5.0,100,1529,777,4.147122505609038,276.26300899313964,276.02227984168996,0.24072915144967055,same_direction
calibration,1,KITTI_odometry,05,5.0,100,1529,778,3.673885916923524,276.26300899313964,276.4014821307484,0.13847313760874158,same_direction
calibration,1,KITTI_odometry,05,5.0,100,1529,779,3.217444271572706,276.26300899313964,276.853680697695,0.5906717045553478,same_direction
calibration,1,KITTI_odometry,05,5.0,100,1529,780,2.7791560063328573,276.26300899313964,277.3860174388594,1.1230084457197904,same_direction
calibration,1,KITTI_odometry,05,5.0,100,1529,781,2.364248546869805,276.26300899313964,277.9930229079424,1.7300139148027824,same_direction
calibration,1,KITTI_odometry,05,5.0,100,1529,782,1.9738498805940161,276.26300899313964,278.6524706547517,2.3894616616120743,same_direction
calibration,1,KITTI_odometry,05,5.0,100,1529,783,1.6172815639216875,276.26300899313964,279.38033714625567,3.117328153116034,same_direction
calibration,1,KITTI_odometry,05,5.0,100,1529,784,1.3127455725406147,276.26300899313964,280.13862935275654,3.875620359616903,same_direction
calibration,1,KITTI_odometry,05,5.0,100,1529,785,1.0846636323284697,276.26300899313964,280.9451783352587,4.682169342119039,same_direction
calibration,1,KITTI_odometry,05,5.0,100,1529,786,0.9808587142137271,276.26300899313964,281.79537680849637,5.532367815356736,same_direction
calibration,1,KITTI_odometry,05,5.0,100,1529,787,1.0207473671011762,276.26300899313964,282.7404743123752,6.477465319235591,same_direction
calibration,1,KITTI_odometry,05,5.0,100,1529,788,1.1823463130948457,276.26300899313964,283.79417043796707,7.531161444827433,same_direction
calibration,1,KITTI_odometry,05,5.0,100,1529,789,1.4042557673928209,276.26300899313964,284.9565046141515,8.693495621011891,same_direction
calibration,1,KITTI_odometry,05,5.0,100,1529,790,1.658350782424813,276.26300899313964,286.20848909862235,9.945480105482716,same_direction
calibration,1,KITTI_odometry,05,5.0,100,1529,791,1.93289065654179,276.26300899313964,287.52891421534787,11.265905222208232,same_direction
calibration,1,KITTI_odometry,05,5.0,100,1529,792,2.221196625279949,276.26300899313964,288.86786031766155,12.604851324521917,same_direction
calibration,1,KITTI_odometry,05,5.0,100,1529,793,2.5199972873448964,276.26300899313964,290.29132759808806,14.028318604948424,same_direction
calibration,1,KITTI_odometry,05,5.0,100,1529,794,2.8358689071190315,276.26300899313964,291.94005990750156,15.677050914361928,same_direction
calibration,1,KITTI_odometry,05,5.0,100,1529,795,3.129984449580108,276.26300899313964,293.57312768284396,17.310118689704325,same_direction
calibration,1,KITTI_odometry,05,5.0,100,1529,796,3.436672079378009,276.26300899313964,295.382655715387,19.119646722247353,same_direction
calibration,1,KITTI_odometry,05,5.0,100,1529,797,3.7392464770754272,276.26300899313964,297.24617268027094,20.98316368713131,same_direction
calibration,1,KITTI_odometry,05,5.0,100,1529,798,4.03703313225195,276.26300899313964,299.15816088098194,22.895151887842303,same_direction
calibration,1,KITTI_odometry,05,5.0,100,1529,799,4.330531640619199,276.26300899313964,301.1815593576172,24.91855036447754,same_direction
calibration,1,KITTI_odometry,05,5.0,100,1529,800,4.61694610887164,276.26300899313964,303.3028916664663,27.039882673326645,same_direction
calibration,1,KITTI_odometry,05,5.0,100,1529,801,4.906906680795551,276.26300899313964,305.49462991404107,29.231620920901435,same_direction
calibration,1,KITTI_odometry,05,5.0,100,1530,776,4.891728921999768,276.1288572151489,275.69530318489115,0.43355403025776695,same_direction
calibration,1,KITTI_odometry,05,5.0,100,1530,777,4.400719503582227,276.1288572151489,276.02227984168996,0.10657737345894702,same_direction
calibration,1,KITTI_odometry,05,5.0,100,1530,778,3.924378052675485,276.1288572151489,276.4014821307484,0.2726249155994651,same_direction
calibration,1,KITTI_odometry,05,5.0,100,1530,779,3.4636858806768323,276.1288572151489,276.853680697695,0.7248234825460713,same_direction
calibration,1,KITTI_odometry,05,5.0,100,1530,780,3.0195327721891045,276.1288572151489,277.3860174388594,1.257160223710514,same_direction
calibration,1,KITTI_odometry,05,5.0,100,1530,781,2.59597925887323,276.1288572151489,277.9930229079424,1.864165692793506,same_direction
calibration,1,KITTI_odometry,05,5.0,100,1530,782,2.1925811339991577,276.1288572151489,278.6524706547517,2.523613439602798,same_direction
calibration,1,KITTI_odometry,05,5.0,100,1530,783,1.8154931620716719,276.1288572151489,279.38033714625567,3.2514799311067577,same_direction
calibration,1,KITTI_odometry,05,5.0,100,1530,784,1.476705815076586,276.1288572151489,280.13862935275654,4.0097721376076265,same_direction
calibration,1,KITTI_odometry,05,5.0,100,1530,785,1.1906340002889242,276.1288572151489,280.9451783352587,4.816321120109762,same_direction
calibration,1,KITTI_odometry,05,5.0,100,1530,786,0.9959047595473278,276.1288572151489,281.79537680849637,5.666519593347459,same_direction
calibration,1,KITTI_odometry,05,5.0,100,1530,787,0.9312433212345722,276.1288572151489,282.7404743123752,6.611617097226315,same_direction
calibration,1,KITTI_odometry,05,5.0,100,1530,788,1.012547894298826,276.1288572151489,283.79417043796707,7.665313222818156,same_direction
calibration,1,KITTI_odometry,05,5.0,100,1530,789,1.1879581493318736,276.1288572151489,284.9565046141515,8.827647399002615,same_direction
calibration,1,KITTI_odometry,05,5.0,100,1530,790,1.4175139792330083,276.1288572151489,286.20848909862235,10.07963188347344,same_direction
calibration,1,KITTI_odometry,05,5.0,100,1530,791,1.6793743376208172,276.1288572151489,287.52891421534787,11.400057000198956,same_direction
calibration,1,KITTI_odometry,05,5.0,100,1530,792,1.9607619946901864,276.1288572151489,288.86786031766155,12.73900310251264,same_direction
calibration,1,KITTI_odometry,05,5.0,100,1530,793,2.255982706724508,276.1288572151489,290.29132759808806,14.162470382939148,same_direction
calibration,1,KITTI_odometry,05,5.0,100,1530,794,2.5698773526190095,276.1288572151489,291.94005990750156,15.811202692352651,same_direction
calibration,1,KITTI_odometry,05,5.0,100,1530,795,2.8632169705750363,276.1288572151489,293.57312768284396,17.44427046769505,same_direction
calibration,1,KITTI_odometry,05,5.0,100,1530,796,3.169850166840881,276.1288572151489,295.382655715387,19.253798500238076,same_direction
calibration,1,KITTI_odometry,05,5.0,100,1530,797,3.4728572578245975,276.1288572151489,297.24617268027094,21.117315465122033,same_direction
calibration,1,KITTI_odometry,05,5.0,100,1530,798,3.771487262926388,276.1288572151489,299.15816088098194,23.029303665833027,same_direction
calibration,1,KITTI_odometry,05,5.0,100,1530,799,4.06616617732035,276.1288572151489,301.1815593576172,25.052702142468263,same_direction
calibration,1,KITTI_odometry,05,5.0,100,1530,800,4.3538402598029435,276.1288572151489,303.3028916664663,27.174034451317368,same_direction
calibration,1,KITTI_odometry,05,5.0,100,1530,801,4.64541258531726,276.1288572151489,305.49462991404107,29.365772698892158,same_direction
calibration,1,KITTI_odometry,05,5.0,100,1530,802,4.934182903515433,276.1288572151489,307.7616109642112,31.63275374906226,same_direction
calibration,1,KITTI_odometry,05,5.0,100,1531,777,4.636442815351543,275.98532622147496,276.02227984168996,0.03695362021500159,same_direction
calibration,1,KITTI_odometry,05,5.0,100,1531,778,4.1577550171313575,275.98532622147496,276.4014821307484,0.4161559092734137,same_direction
calibration,1,KITTI_odometry,05,5.0,100,1531,779,3.6939137193502494,275.98532622147496,276.853680697695,0.8683544762200199,same_direction
calibration,1,KITTI_odometry,05,5.0,100,1531,780,3.2455266014401993,275.98532622147496,277.3860174388594,1.4006912173844626,same_direction
calibration,1,KITTI_odometry,05,5.0,100,1531,781,2.815900711513806,275.98532622147496,277.9930229079424,2.0076966864674546,same_direction
calibration,1,KITTI_odometry,05,5.0,100,1531,782,2.4036938475024203,275.98532622147496,278.6524706547517,2.6671444332767464,same_direction
calibration,1,KITTI_odometry,05,5.0,100,1531,783,2.0132346648716726,275.98532622147496,279.38033714625567,3.3950109247807063,same_direction
calibration,1,KITTI_odometry,05,5.0,100,1531,784,1.6528048582482344,275.98532622147496,280.13862935275654,4.153303131281575,same_direction
calibration,1,KITTI_odometry,05,5.0,100,1531,785,1.3300325906142192,275.98532622147496,280.9451783352587,4.959852113783711,same_direction
calibration,1,KITTI_odometry,05,5.0,100,1531,786,1.0714353537311476,275.98532622147496,281.79537680849637,5.810050587021408,same_direction
calibration,1,KITTI_odometry,05,5.0,100,1531,787,0.9135089710013624,275.98532622147496,282.7404743123752,6.7551480909002635,same_direction
calibration,1,KITTI_odometry,05,5.0,100,1531,788,0.8998016198168132,275.98532622147496,283.79417043796707,7.808844216492105,same_direction
calibration,1,KITTI_odometry,05,5.0,100,1531,789,1.010898028455882,275.98532622147496,284.9565046141515,8.971178392676563,same_direction
calibration,1,KITTI_odometry,05,5.0,100,1531,790,1.2056420951016018,275.98532622147496,286.20848909862235,10.223162877147388,same_direction
calibration,1,KITTI_odometry,05,5.0,100,1531,791,1.4500994464246046,275.98532622147496,287.52891421534787,11.543587993872904,same_direction
calibration,1,KITTI_odometry,05,5.0,100,1531,792,1.7224462147626642,275.98532622147496,288.86786031766155,12.882534096186589,same_direction
calibration,1,KITTI_odometry,05,5.0,100,1531,793,2.013174272030326,275.98532622147496,290.29132759808806,14.306001376613096,same_direction
calibration,1,KITTI_odometry,05,5.0,100,1531,794,2.324662537434045,275.98532622147496,291.94005990750156,15.9547336860266,same_direction
calibration,1,KITTI_odometry,05,5.0,100,1531,795,2.6170531539894437,275.98532622147496,293.57312768284396,17.587801461368997,same_direction
calibration,1,KITTI_odometry,05,5.0,100,1531,796,2.9235616371554016,275.98532622147496,295.382655715387,19.397329493912025,same_direction
calibration,1,KITTI_odometry,05,5.0,100,1531,797,3.226978087141126,275.98532622147496,297.24617268027094,21.26084645879598,same_direction
calibration,1,KITTI_odometry,05,5.0,100,1531,798,3.5264430901411132,275.98532622147496,299.15816088098194,23.172834659506975,same_direction
calibration,1,KITTI_odometry,05,5.0,100,1531,799,3.822296281935772,275.98532622147496,301.1815593576172,25.19623313614221,same_direction
calibration,1,KITTI_odometry,05,5.0,100,1531,800,4.111216715553803,275.98532622147496,303.3028916664663,27.317565444991317,same_direction
calibration,1,KITTI_odometry,05,5.0,100,1531,801,4.4043786496117745,275.98532622147496,305.49462991404107,29.509303692566107,same_direction
calibration,1,KITTI_odometry,05,5.0,100,1531,802,4.694691388046294,275.98532622147496,307.7616109642112,31.77628474273621,same_direction
calibration,1,KITTI_odometry,05,5.0,100,1532,777,4.859868417766983,275.85805843151815,276.02227984168996,0.16422141017181957,same_direction
calibration,1,KITTI_odometry,05,5.0,100,1532,778,4.379331691649879,275.85805843151815,276.4014821307484,0.5434236992302317,same_direction
calibration,1,KITTI_odometry,05,5.0,100,1532,779,3.913050313251288,275.85805843151815,276.853680697695,0.9956222661768379,same_direction
calibration,1,KITTI_odometry,05,5.0,100,1532,780,3.4614547583604183,275.85805843151815,277.3860174388594,1.5279590073412805,same_direction
calibration,1,KITTI_odometry,05,5.0,100,1532,781,3.027334799908323,275.85805843151815,277.9930229079424,2.1349644764242726,same_direction
calibration,1,KITTI_odometry,05,5.0,100,1532,782,2.60881310138557,275.85805843151815,278.6524706547517,2.7944122232335644,same_direction
calibration,1,KITTI_odometry,05,5.0,100,1532,783,2.209118211739916,275.85805843151815,279.38033714625567,3.5222787147375243,same_direction
calibration,1,KITTI_odometry,05,5.0,100,1532,784,1.8342827653404403,275.85805843151815,280.13862935275654,4.280570921238393,same_direction
calibration,1,KITTI_odometry,05,5.0,100,1532,785,1.4877656680862,275.85805843151815,280.9451783352587,5.087119903740529,same_direction
calibration,1,KITTI_odometry,05,5.0,100,1532,786,1.1867186110991077,275.85805843151815,281.79537680849637,5.937318376978226,same_direction
calibration,1,KITTI_odometry,05,5.0,100,1532,787,0.9574329785023976,275.85805843151815,282.7404743123752,6.8824158808570814,same_direction
calibration,1,KITTI_odometry,05,5.0,100,1532,788,0.848110715159857,275.85805843151815,283.79417043796707,7.936112006448923,same_direction
calibration,1,KITTI_odometry,05,5.0,100,1532,789,0.876156382899761,275.85805843151815,284.9565046141515,9.098446182633381,same_direction
calibration,1,KITTI_odometry,05,5.0,100,1532,790,1.0208973858762604,275.85805843151815,286.20848909862235,10.350430667104206,same_direction
calibration,1,KITTI_odometry,05,5.0,100,1532,791,1.2404844368562415,275.85805843151815,287.52891421534787,11.670855783829722,same_direction
calibration,1,KITTI_odometry,05,5.0,100,1532,792,1.5005209477921428,275.85805843151815,288.86786031766155,13.009801886143407,same_direction
calibration,1,KITTI_odometry,05,5.0,100,1532,793,1.7854115410161413,275.85805843151815,290.29132759808806,14.433269166569914,same_direction
calibration,1,KITTI_odometry,05,5.0,100,1532,794,2.0938927842983004,275.85805843151815,291.94005990750156,16.082001475983418,same_direction
calibration,1,KITTI_odometry,05,5.0,100,1532,795,2.3851075523140026,275.85805843151815,293.57312768284396,17.715069251325815,same_direction
calibration,1,KITTI_odometry,05,5.0,100,1532,796,2.691411303155348,275.85805843151815,295.382655715387,19.524597283868843,same_direction
calibration,1,KITTI_odometry,05,5.0,100,1532,797,2.995223481859242,275.85805843151815,297.24617268027094,21.3881142487528,same_direction
calibration,1,KITTI_odometry,05,5.0,100,1532,798,3.2955351796180237,275.85805843151815,299.15816088098194,23.300102449463793,same_direction
calibration,1,KITTI_odometry,05,5.0,100,1532,799,3.592582847601989,275.85805843151815,301.1815593576172,25.32350092609903,same_direction
calibration,1,KITTI_odometry,05,5.0,100,1532,800,3.8827625641062564,275.85805843151815,303.3028916664663,27.444833234948135,same_direction
calibration,1,KITTI_odometry,05,5.0,100,1532,801,4.177524187922319,275.85805843151815,305.49462991404107,29.636571482522925,same_direction
calibration,1,KITTI_odometry,05,5.0,100,1532,802,4.469375386252091,275.85805843151815,307.7616109642112,31.903552532693027,same_direction
calibration,1,KITTI_odometry,05,5.0,100,1532,803,4.776971866117807,275.85805843151815,310.11577424840993,34.25771581689179,same_direction
calibration,1,KITTI_odometry,05,5.0,100,1533,778,4.591662793858021,275.7481213846225,276.4014821307484,0.6533607461258839,same_direction
calibration,1,KITTI_odometry,05,5.0,100,1533,779,4.123428245273715,275.7481213846225,276.853680697695,1.1055593130724901,same_direction
calibration,1,KITTI_odometry,05,5.0,100,1533,780,3.6693151978603633,275.7481213846225,277.3860174388594,1.6378960542369327,same_direction
calibration,1,KITTI_odometry,05,5.0,100,1533,781,3.2317421104910307,275.7481213846225,277.9930229079424,2.2449015233199248,same_direction
calibration,1,KITTI_odometry,05,5.0,100,1533,782,2.808505803573147,275.7481213846225,278.6524706547517,2.9043492701292166,same_direction
calibration,1,KITTI_odometry,05,5.0,100,1533,783,2.4021494136177313,275.7481213846225,279.38033714625567,3.6322157616331765,same_direction
calibration,1,KITTI_odometry,05,5.0,100,1533,784,2.017304128584487,275.7481213846225,280.13862935275654,4.390507968134045,same_direction
calibration,1,KITTI_odometry,05,5.0,100,1533,785,1.6549247809882532,275.7481213846225,280.9451783352587,5.197056950636181,same_direction
calibration,1,KITTI_odometry,05,5.0,100,1533,786,1.325923720293152,275.7481213846225,281.79537680849637,6.047255423873878,same_direction
calibration,1,KITTI_odometry,05,5.0,100,1533,787,1.0471801187957144,275.7481213846225,282.7404743123752,6.992352927752734,same_direction
calibration,1,KITTI_odometry,05,5.0,100,1533,788,0.8571372930960325,275.7481213846225,283.79417043796707,8.046049053344575,same_direction
calibration,1,KITTI_odometry,05,5.0,100,1533,789,0.7916552123298494,275.7481213846225,284.9565046141515,9.208383229529034,same_direction
calibration,1,KITTI_odometry,05,5.0,100,1533,790,0.8668775764201099,275.7481213846225,286.20848909862235,10.460367713999858,same_direction
calibration,1,KITTI_odometry,05,5.0,100,1533,791,1.0499732709155807,275.7481213846225,287.52891421534787,11.780792830725375,same_direction
calibration,1,KITTI_odometry,05,5.0,100,1533,792,1.2926323964487518,275.7481213846225,288.86786031766155,13.11973893303906,same_direction
calibration,1,KITTI_odometry,05,5.0,100,1533,793,1.569716960393,275.7481213846225,290.29132759808806,14.543206213465567,same_direction
calibration,1,KITTI_odometry,05,5.0,100,1533,794,1.8743790875198352,275.7481213846225,291.94005990750156,16.19193852287907,same_direction
calibration,1,KITTI_odometry,05,5.0,100,1533,795,2.16414180701323,275.7481213846225,293.57312768284396,17.825006298221467,same_direction
calibration,1,KITTI_odometry,05,5.0,100,1533,796,2.47016361059363,275.7481213846225,295.382655715387,19.634534330764495,same_direction
calibration,1,KITTI_odometry,05,5.0,100,1533,797,2.7743778964438106,275.7481213846225,297.24617268027094,21.49805129564845,same_direction
calibration,1,KITTI_odometry,05,5.0,100,1533,798,3.0755751107149005,275.7481213846225,299.15816088098194,23.410039496359445,same_direction
calibration,1,KITTI_odometry,05,5.0,100,1533,799,3.3738667698237563,275.7481213846225,301.1815593576172,25.433437972994682,same_direction
calibration,1,KITTI_odometry,05,5.0,100,1533,800,3.665343992915802,275.7481213846225,303.3028916664663,27.554770281843787,same_direction
calibration,1,KITTI_odometry,05,5.0,100,1533,801,3.961743660719227,275.7481213846225,305.49462991404107,29.746508529418577,same_direction
calibration,1,KITTI_odometry,05,5.0,100,1533,802,4.255153334667152,275.7481213846225,307.7616109642112,32.01348957958868,same_direction
calibration,1,KITTI_odometry,05,5.0,100,1533,803,4.5646540343452084,275.7481213846225,310.11577424840993,34.36765286378744,same_direction
calibration,1,KITTI_odometry,05,5.0,100,1533,804,4.875031712635416,275.7481213846225,312.48764477783857,36.739523393216075,same_direction
calibration,1,KITTI_odometry,05,5.0,100,1534,778,4.797851274919749,275.6235170493757,276.4014821307484,0.7779650813726562,same_direction
calibration,1,KITTI_odometry,05,5.0,100,1534,779,4.3279301297414765,275.6235170493757,276.853680697695,1.2301636483192624,same_direction
calibration,1,KITTI_odometry,05,5.0,100,1534,780,3.871691310009109,275.6235170493757,277.3860174388594,1.762500389483705,same_direction
calibration,1,KITTI_odometry,05,5.0,100,1534,781,3.431268470671456,275.6235170493757,277.9930229079424,2.369505858566697,same_direction
calibration,1,KITTI_odometry,05,5.0,100,1534,782,3.004257150948477,275.6235170493757,278.6524706547517,3.028953605375989,same_direction
calibration,1,KITTI_odometry,05,5.0,100,1534,783,2.5927536820965122,275.6235170493757,279.38033714625567,3.756820096879949,same_direction
calibration,1,KITTI_odometry,05,5.0,100,1534,784,2.2004719162218422,275.6235170493757,280.13862935275654,4.515112303380818,same_direction
calibration,1,KITTI_odometry,05,5.0,100,1534,785,1.826833980524784,275.6235170493757,280.9451783352587,5.3216612858829535,same_direction
calibration,1,KITTI_odometry,05,5.0,100,1534,786,1.4786906574402374,275.6235170493757,281.79537680849637,6.17185975912065,same_direction
calibration,1,KITTI_odometry,05,5.0,100,1534,787,1.166406956098948,275.6235170493757,282.7404743123752,7.116957262999506,same_direction
calibration,1,KITTI_odometry,05,5.0,100,1534,788,0.9161206194170066,275.6235170493757,283.79417043796707,8.170653388591347,same_direction
calibration,1,KITTI_odometry,05,5.0,100,1534,789,0.7615788833732359,275.6235170493757,284.9565046141515,9.332987564775806,same_direction
calibration,1,KITTI_odometry,05,5.0,100,1534,790,0.7482037818996963,275.6235170493757,286.20848909862235,10.58497204924663,same_direction
calibration,1,KITTI_odometry,05,5.0,100,1534,791,0.8774562317641644,275.6235170493757,287.52891421534787,11.905397165972147,same_direction
calibration,1,KITTI_odometry,05,5.0,100,1534,792,1.0949158790284512,275.6235170493757,288.86786031766155,13.244343268285832,same_direction
calibration,1,KITTI_odometry,05,5.0,100,1534,793,1.361492866059621,275.6235170493757,290.29132759808806,14.667810548712339,same_direction
calibration,1,KITTI_odometry,05,5.0,100,1534,794,1.6614746054089695,275.6235170493757,291.94005990750156,16.316542858125842,same_direction
calibration,1,KITTI_odometry,05,5.0,100,1534,795,1.9496578075784707,275.6235170493757,293.57312768284396,17.94961063346824,same_direction
calibration,1,KITTI_odometry,05,5.0,100,1534,796,2.2555139876976065,275.6235170493757,295.382655715387,19.759138666011268,same_direction
calibration,1,KITTI_odometry,05,5.0,100,1534,797,2.5603163209043096,275.6235170493757,297.24617268027094,21.622655630895224,same_direction
calibration,1,KITTI_odometry,05,5.0,100,1534,798,2.8626160233248137,275.6235170493757,299.15816088098194,23.534643831606218,same_direction
calibration,1,KITTI_odometry,05,5.0,100,1534,799,3.162369124330046,275.6235170493757,301.1815593576172,25.558042308241454,same_direction
calibration,1,KITTI_odometry,05,5.0,100,1534,800,3.4553174891000897,275.6235170493757,303.3028916664663,27.67937461709056,same_direction
calibration,1,KITTI_odometry,05,5.0,100,1534,801,3.753537020265016,275.6235170493757,305.49462991404107,29.87111286466535,same_direction
calibration,1,KITTI_odometry,05,5.0,100,1534,802,4.048642282654763,275.6235170493757,307.7616109642112,32.13809391483545,same_direction
calibration,1,KITTI_odometry,05,5.0,100,1534,803,4.360191511530769,275.6235170493757,310.11577424840993,34.49225719903421,same_direction
calibration,1,KITTI_odometry,05,5.0,100,1534,804,4.6726089625321725,275.6235170493757,312.48764477783857,36.86412772846285,same_direction
calibration,1,KITTI_odometry,05,5.0,100,1535,778,4.998661351958244,275.5136341631687,276.4014821307484,0.8878479675796598,same_direction
calibration,1,KITTI_odometry,05,5.0,100,1535,779,4.527345404362255,275.5136341631687,276.853680697695,1.340046534526266,same_direction
calibration,1,KITTI_odometry,05,5.0,100,1535,780,4.069375976810696,275.5136341631687,277.3860174388594,1.8723832756907086,same_direction
calibration,1,KITTI_odometry,05,5.0,100,1535,781,3.6266699045956736,275.5136341631687,277.9930229079424,2.4793887447737006,same_direction
calibration,1,KITTI_odometry,05,5.0,100,1535,782,3.196702733331491,275.5136341631687,278.6524706547517,3.1388364915829925,same_direction
calibration,1,KITTI_odometry,05,5.0,100,1535,783,2.781281203339387,275.5136341631687,279.38033714625567,3.8667029830869524,same_direction
calibration,1,KITTI_odometry,05,5.0,100,1535,784,2.383516118812918,275.5136341631687,280.13862935275654,4.624995189587821,same_direction
calibration,1,KITTI_odometry,05,5.0,100,1535,785,2.0019001318157708,275.5136341631687,280.9451783352587,5.431544172089957,same_direction
calibration,1,KITTI_odometry,05,5.0,100,1535,786,1.640675416396862,275.5136341631687,281.79537680849637,6.281742645327654,same_direction
calibration,1,KITTI_odometry,05,5.0,100,1535,787,1.30620714552631,275.5136341631687,282.7404743123752,7.2268401492065095,same_direction
calibration,1,KITTI_odometry,05,5.0,100,1535,788,1.0150719825357113,275.5136341631687,283.79417043796707,8.28053627479835,same_direction
calibration,1,KITTI_odometry,05,5.0,100,1535,789,0.7901017962794462,275.5136341631687,284.9565046141515,9.44287045098281,same_direction
calibration,1,KITTI_odometry,05,5.0,100,1535,790,0.6807147071725373,275.5136341631687,286.20848909862235,10.694854935453634,same_direction
calibration,1,KITTI_odometry,05,5.0,100,1535,791,0.7326480879135324,275.5136341631687,287.52891421534787,12.01528005217915,same_direction
calibration,1,KITTI_odometry,05,5.0,100,1535,792,0.9111577003425022,275.5136341631687,288.86786031766155,13.354226154492835,same_direction
calibration,1,KITTI_odometry,05,5.0,100,1535,793,1.1622251548439464,275.5136341631687,290.29132759808806,14.777693434919343,same_direction
calibration,1,KITTI_odometry,05,5.0,100,1535,794,1.4557692900910117,275.5136341631687,291.94005990750156,16.426425744332846,same_direction
calibration,1,KITTI_odometry,05,5.0,100,1535,795,1.7418641336616616,275.5136341631687,293.57312768284396,18.059493519675243,same_direction
calibration,1,KITTI_odometry,05,5.0,100,1535,796,2.0474370630242005,275.5136341631687,295.382655715387,19.86902155221827,same_direction
calibration,1,KITTI_odometry,05,5.0,100,1535,797,2.352848416499667,275.5136341631687,297.24617268027094,21.732538517102228,same_direction
calibration,1,KITTI_odometry,05,5.0,100,1535,798,2.6563179558509153,275.5136341631687,299.15816088098194,23.64452671781322,same_direction
calibration,1,KITTI_odometry,05,5.0,100,1535,799,2.9576118750884137,275.5136341631687,301.1815593576172,25.667925194448458,same_direction
calibration,1,KITTI_odometry,05,5.0,100,1535,800,3.2520907921275772,275.5136341631687,303.3028916664663,27.789257503297563,same_direction
calibration,1,KITTI_odometry,05,5.0,100,1535,801,3.552191230232967,275.5136341631687,305.49462991404107,29.980995750872353,same_direction
calibration,1,KITTI_odometry,05,5.0,100,1535,802,3.849027082064245,275.5136341631687,307.7616109642112,32.247976801042455,same_direction
calibration,1,KITTI_odometry,05,5.0,100,1535,803,4.162658114441903,275.5136341631687,310.11577424840993,34.60214008524122,same_direction
calibration,1,KITTI_odometry,05,5.0,100,1535,804,4.4771318492450085,275.5136341631687,312.48764477783857,36.97401061466985,same_direction
calibration,1,KITTI_odometry,05,5.0,100,1535,805,4.808380590585983,275.5136341631687,314.9256958241906,39.41206166102188,same_direction
calibration,1,KITTI_odometry,05,5.0,100,1536,779,4.7225421619319645,275.4033218226223,276.853680697695,1.450358875072709,same_direction
calibration,1,KITTI_odometry,05,5.0,100,1536,780,4.2631387621667916,275.4033218226223,277.3860174388594,1.9826956162371516,same_direction
calibration,1,KITTI_odometry,05,5.0,100,1536,781,3.8185681274824717,275.4033218226223,277.9930229079424,2.5897010853201436,same_direction
calibration,1,KITTI_odometry,05,5.0,100,1536,782,3.386237632784211,275.4033218226223,278.6524706547517,3.2491488321294355,same_direction
calibration,1,KITTI_odometry,05,5.0,100,1536,783,2.9677639939597595,275.4033218226223,279.38033714625567,3.9770153236333954,same_direction
calibration,1,KITTI_odometry,05,5.0,100,1536,784,2.5658515173283103,275.4033218226223,280.13862935275654,4.735307530134264,same_direction
calibration,1,KITTI_odometry,05,5.0,100,1536,785,2.17842508671035,275.4033218226223,280.9451783352587,5.5418565126364,same_direction
calibration,1,KITTI_odometry,05,5.0,100,1536,786,1.8080192370171322,275.4033218226223,281.79537680849637,6.392054985874097,same_direction
calibration,1,KITTI_odometry,05,5.0,100,1536,787,1.4586647399347759,275.4033218226223,282.7404743123752,7.3371524897529525,same_direction
calibration,1,KITTI_odometry,05,5.0,100,1536,788,1.140705246452376,275.4033218226223,283.79417043796707,8.390848615344794,same_direction
calibration,1,KITTI_odometry,05,5.0,100,1536,789,0.8671371528939382,275.4033218226223,284.9565046141515,9.553182791529252,same_direction
calibration,1,KITTI_odometry,05,5.0,100,1536,790,0.6736709361223705,275.4033218226223,286.20848909862235,10.805167276000077,same_direction
calibration,1,KITTI_odometry,05,5.0,100,1536,791,0.6276109404976568,275.4033218226223,287.52891421534787,12.125592392725594,same_direction
calibration,1,KITTI_odometry,05,5.0,100,1536,792,0.7451095256070988,275.4033218226223,288.86786031766155,13.464538495039278,same_direction
calibration,1,KITTI_odometry,05,5.0,100,1536,793,0.9720008498962509,275.4033218226223,290.29132759808806,14.888005775465786,same_direction
calibration,1,KITTI_odometry,05,5.0,100,1536,794,1.256310688556015,275.4033218226223,291.94005990750156,16.53673808487929,same_direction
calibration,1,KITTI_odometry,05,5.0,100,1536,795,1.5395907846161236,275.4033218226223,293.57312768284396,18.169805860221686,same_direction
calibration,1,KITTI_odometry,05,5.0,100,1536,796,1.844737117847463,275.4033218226223,295.382655715387,19.979333892764714,same_direction
calibration,1,KITTI_odometry,05,5.0,100,1536,797,2.150798549376485,275.4033218226223,297.24617268027094,21.84285085764867,same_direction
calibration,1,KITTI_odometry,05,5.0,100,1536,798,2.4555341622467783,275.4033218226223,299.15816088098194,23.754839058359664,same_direction
calibration,1,KITTI_odometry,05,5.0,100,1536,799,2.7584757667177366,275.4033218226223,301.1815593576172,25.7782375349949,same_direction
calibration,1,KITTI_odometry,05,5.0,100,1536,800,3.0545637689490093,275.4033218226223,303.3028916664663,27.899569843844006,same_direction
calibration,1,KITTI_odometry,05,5.0,100,1536,801,3.3566253676108992,275.4033218226223,305.49462991404107,30.091308091418796,same_direction
calibration,1,KITTI_odometry,05,5.0,100,1536,802,3.655239576909974,275.4033218226223,307.7616109642112,32.3582891415889,same_direction
calibration,1,KITTI_odometry,05,5.0,100,1536,803,3.9709995186003257,275.4033218226223,310.11577424840993,34.71245242578766,same_direction
calibration,1,KITTI_odometry,05,5.0,100,1536,804,4.287557333089441,275.4033218226223,312.48764477783857,37.084322955216294,same_direction
calibration,1,KITTI_odometry,05,5.0,100,1536,805,4.621408492216309,275.4033218226223,314.9256958241906,39.52237400156832,same_direction
calibration,1,KITTI_odometry,05,5.0,100,1536,806,4.962696032059993,275.4033218226223,317.4064868823645,42.00316505974223,same_direction
calibration,1,KITTI_odometry,05,5.0,100,1537,779,4.913957188622233,275.2858470068843,276.853680697695,1.5678336908106871,same_direction
calibration,1,KITTI_odometry,05,5.0,100,1537,780,4.453326155368242,275.2858470068843,277.3860174388594,2.1001704319751298,same_direction
calibration,1,KITTI_odometry,05,5.0,100,1537,781,4.007182948945815,275.2858470068843,277.9930229079424,2.707175901058122,same_direction
calibration,1,KITTI_odometry,05,5.0,100,1537,782,3.5729010375574233,275.2858470068843,278.6524706547517,3.3666236478674136,same_direction
calibration,1,KITTI_odometry,05,5.0,100,1537,783,3.151971144362663,275.2858470068843,279.38033714625567,4.0944901393713735,same_direction
calibration,1,KITTI_odometry,05,5.0,100,1537,784,2.7468153546459,275.2858470068843,280.13862935275654,4.852782345872242,same_direction
calibration,1,KITTI_odometry,05,5.0,100,1537,785,2.3550097547014293,275.2858470068843,280.9451783352587,5.659331328374378,same_direction
calibration,1,KITTI_odometry,05,5.0,100,1537,786,1.9779336989725675,275.2858470068843,281.79537680849637,6.509529801612075,same_direction
calibration,1,KITTI_odometry,05,5.0,100,1537,787,1.6182883016765826,275.2858470068843,282.7404743123752,7.454627305490931,same_direction
calibration,1,KITTI_odometry,05,5.0,100,1537,788,1.282586185113993,275.2858470068843,283.79417043796707,8.508323431082772,same_direction
calibration,1,KITTI_odometry,05,5.0,100,1537,789,0.9776364422273219,275.2858470068843,284.9565046141515,9.67065760726723,same_direction
calibration,1,KITTI_odometry,05,5.0,100,1537,790,0.7235658607270531,275.2858470068843,286.20848909862235,10.922642091738055,same_direction
calibration,1,KITTI_odometry,05,5.0,100,1537,791,0.5772905708330972,275.2858470068843,287.52891421534787,12.243067208463572,same_direction
calibration,1,KITTI_odometry,05,5.0,100,1537,792,0.6044724664488911,275.2858470068843,288.86786031766155,13.582013310777256,same_direction
calibration,1,KITTI_odometry,05,5.0,100,1537,793,0.791814125836363,275.2858470068843,290.29132759808806,15.005480591203764,same_direction
calibration,1,KITTI_odometry,05,5.0,100,1537,794,1.0623483018294884,275.2858470068843,291.94005990750156,16.654212900617267,same_direction
calibration,1,KITTI_odometry,05,5.0,100,1537,795,1.341861051588055,275.2858470068843,293.57312768284396,18.287280675959664,same_direction
calibration,1,KITTI_odometry,05,5.0,100,1537,796,1.646500324151202,275.2858470068843,295.382655715387,20.096808708502692,same_direction
calibration,1,KITTI_odometry,05,5.0,100,1537,797,1.9533522446010811,275.2858470068843,297.24617268027094,21.96032567338665,same_direction
calibration,1,KITTI_odometry,05,5.0,100,1537,798,2.259547707814659,275.2858470068843,299.15816088098194,23.872313874097642,same_direction
calibration,1,KITTI_odometry,05,5.0,100,1537,799,2.564327895433674,275.2858470068843,301.1815593576172,25.89571235073288,same_direction
calibration,1,KITTI_odometry,05,5.0,100,1537,800,2.8621624150698484,275.2858470068843,303.3028916664663,28.017044659581984,same_direction
calibration,1,KITTI_odometry,05,5.0,100,1537,801,3.1663239261226725,275.2858470068843,305.49462991404107,30.208782907156774,same_direction
calibration,1,KITTI_odometry,05,5.0,100,1537,802,3.4668058104412043,275.2858470068843,307.7616109642112,32.475763957326876,same_direction
calibration,1,KITTI_odometry,05,5.0,100,1537,803,3.7847859247337765,275.2858470068843,310.11577424840993,34.82992724152564,same_direction
calibration,1,KITTI_odometry,05,5.0,100,1537,804,4.103492626835502,275.2858470068843,312.48764477783857,37.20179777095427,same_direction
calibration,1,KITTI_odometry,05,5.0,100,1537,805,4.440021656901384,275.2858470068843,314.9256958241906,39.6398488173063,same_direction
calibration,1,KITTI_odometry,05,5.0,100,1537,806,4.784152237002005,275.2858470068843,317.4064868823645,42.12063987548021,same_direction
calibration,1,KITTI_odometry,05,5.0,100,1538,780,4.642066355376939,275.16226505812494,277.3860174388594,2.2237523807344814,same_direction
calibration,1,KITTI_odometry,05,5.0,100,1538,781,4.19448801823795,275.16226505812494,277.9930229079424,2.8307578498174735,same_direction
calibration,1,KITTI_odometry,05,5.0,100,1538,782,3.758468875353972,275.16226505812494,278.6524706547517,3.4902055966267653,same_direction
calibration,1,KITTI_odometry,05,5.0,100,1538,783,3.335414427000116,275.16226505812494,279.38033714625567,4.218072088130725,same_direction
calibration,1,KITTI_odometry,05,5.0,100,1538,784,2.9275396009953676,275.16226505812494,280.13862935275654,4.976364294631594,same_direction
calibration,1,KITTI_odometry,05,5.0,100,1538,785,2.532203897401337,275.16226505812494,280.9451783352587,5.78291327713373,same_direction
calibration,1,KITTI_odometry,05,5.0,100,1538,786,2.1499540224165106,275.16226505812494,281.79537680849637,6.633111750371427,same_direction
calibration,1,KITTI_odometry,05,5.0,100,1538,787,1.7827439323152678,275.16226505812494,282.7404743123752,7.578209254250282,same_direction
calibration,1,KITTI_odometry,05,5.0,100,1538,788,1.4347064758336074,275.16226505812494,283.79417043796707,8.631905379842124,same_direction
calibration,1,KITTI_odometry,05,5.0,100,1538,789,1.109323197578829,275.16226505812494,284.9565046141515,9.794239556026582,same_direction
calibration,1,KITTI_odometry,05,5.0,100,1538,790,0.8159201546176557,275.16226505812494,286.20848909862235,11.046224040497407,same_direction
calibration,1,KITTI_odometry,05,5.0,100,1538,791,0.5887075926294972,275.16226505812494,287.52891421534787,12.366649157222923,same_direction
calibration,1,KITTI_odometry,05,5.0,100,1538,792,0.5010753281094741,275.16226505812494,288.86786031766155,13.705595259536608,same_direction
calibration,1,KITTI_odometry,05,5.0,100,1538,793,0.6214408862323201,275.16226505812494,290.29132759808806,15.129062539963115,same_direction
calibration,1,KITTI_odometry,05,5.0,100,1538,794,0.8704105031081608,275.16226505812494,291.94005990750156,16.77779484937662,same_direction
calibration,1,KITTI_odometry,05,5.0,100,1538,795,1.1451256641626715,275.16226505812494,293.57312768284396,18.410862624719016,same_direction
calibration,1,KITTI_odometry,05,5.0,100,1538,796,1.449541837110888,275.16226505812494,295.382655715387,20.220390657262044,same_direction
calibration,1,KITTI_odometry,05,5.0,100,1538,797,1.7576585398983708,275.16226505812494,297.24617268027094,22.083907622146,same_direction
calibration,1,KITTI_odometry,05,5.0,100,1538,798,2.065803323227568,275.16226505812494,299.15816088098194,23.995895822856994,same_direction
calibration,1,KITTI_odometry,05,5.0,100,1538,799,2.3728622896162506,275.16226505812494,301.1815593576172,26.01929429949223,same_direction
calibration,1,KITTI_odometry,05,5.0,100,1538,800,2.672758261705694,275.16226505812494,303.3028916664663,28.140626608341336,same_direction
calibration,1,KITTI_odometry,05,5.0,100,1538,801,2.9793385994667445,275.16226505812494,305.49462991404107,30.332364855916126,same_direction
calibration,1,KITTI_odometry,05,5.0,100,1538,802,3.2819106981276103,275.16226505812494,307.7616109642112,32.59934590608623,same_direction
calibration,1,KITTI_odometry,05,5.0,100,1538,803,3.602346615023111,275.16226505812494,310.11577424840993,34.95350919028499,same_direction
calibration,1,KITTI_odometry,05,5.0,100,1538,804,3.9233918348613708,275.16226505812494,312.48764477783857,37.325379719713624,same_direction
calibration,1,KITTI_odometry,05,5.0,100,1538,805,4.262821718922438,275.16226505812494,314.9256958241906,39.76343076606565,same_direction
calibration,1,KITTI_odometry,05,5.0,100,1538,806,4.610002358934843,275.16226505812494,317.4064868823645,42.24422182423956,same_direction
calibration,1,KITTI_odometry,05,5.0,100,1538,807,4.955612283160338,275.16226505812494,319.93849116727154,44.77622610914659,same_direction
calibration,1,KITTI_odometry,05,5.0,100,1539,780,4.832177347668544,275.0438102263431,277.3860174388594,2.342207212516314,same_direction
calibration,1,KITTI_odometry,05,5.0,100,1539,781,4.3833149494921075,275.0438102263431,277.9930229079424,2.949212681599306,same_direction
calibration,1,KITTI_odometry,05,5.0,100,1539,782,3.9457734731552985,275.0438102263431,278.6524706547517,3.608660428408598,same_direction
calibration,1,KITTI_odometry,05,5.0,100,1539,783,3.520902932876166,275.0438102263431,279.38033714625567,4.336526919912558,same_direction
calibration,1,KITTI_odometry,05,5.0,100,1539,784,3.1107655425795104,275.0438102263431,280.13862935275654,5.094819126413427,same_direction
calibration,1,KITTI_odometry,05,5.0,100,1539,785,2.7125929976465324,275.0438102263431,280.9451783352587,5.9013681089155625,same_direction
calibration,1,KITTI_odometry,05,5.0,100,1539,786,2.3263196758493914,275.0438102263431,281.79537680849637,6.751566582153259,same_direction
calibration,1,KITTI_odometry,05,5.0,100,1539,787,1.9535082683441578,275.0438102263431,282.7404743123752,7.696664086032115,same_direction
calibration,1,KITTI_odometry,05,5.0,100,1539,788,1.5968086914793447,275.0438102263431,283.79417043796707,8.750360211623956,same_direction
calibration,1,KITTI_odometry,05,5.0,100,1539,789,1.2581487021179205,275.0438102263431,284.9565046141515,9.912694387808415,same_direction
calibration,1,KITTI_odometry,05,5.0,100,1539,790,0.9407143489518975,275.0438102263431,286.20848909862235,11.16467887227924,same_direction
calibration,1,KITTI_odometry,05,5.0,100,1539,791,0.6606689204401507,275.0438102263431,287.52891421534787,12.485103989004756,same_direction
calibration,1,KITTI_odometry,05,5.0,100,1539,792,0.46147163170885863,275.0438102263431,288.86786031766155,13.82405009131844,same_direction
calibration,1,KITTI_odometry,05,5.0,100,1539,793,0.4703211963463202,275.0438102263431,290.29132759808806,15.247517371744948,same_direction
calibration,1,KITTI_odometry,05,5.0,100,1539,794,0.6797741503561957,275.0438102263431,291.94005990750156,16.89624968115845,same_direction
calibration,1,KITTI_odometry,05,5.0,100,1539,795,0.9472216114887212,275.0438102263431,293.57312768284396,18.52931745650085,same_direction
calibration,1,KITTI_odometry,05,5.0,100,1539,796,1.2515414268314742,275.0438102263431,295.382655715387,20.338845489043877,same_direction
calibration,1,KITTI_odometry,05,5.0,100,1539,797,1.5613886390120788,275.0438102263431,297.24617268027094,22.202362453927833,same_direction
calibration,1,KITTI_odometry,05,5.0,100,1539,798,1.8719600064170676,275.0438102263431,299.15816088098194,24.114350654638827,same_direction
calibration,1,KITTI_odometry,05,5.0,100,1539,799,2.1817104979462796,275.0438102263431,301.1815593576172,26.137749131274063,same_direction
calibration,1,KITTI_odometry,05,5.0,100,1539,800,2.4839420268798498,275.0438102263431,303.3028916664663,28.25908144012317,same_direction
calibration,1,KITTI_odometry,05,5.0,100,1539,801,2.7932171045804877,275.0438102263431,305.49462991404107,30.450819687697958,same_direction
calibration,1,KITTI_odometry,05,5.0,100,1539,802,3.098056307506531,275.0438102263431,307.7616109642112,32.71780073786806,same_direction
calibration,1,KITTI_odometry,05,5.0,100,1539,803,3.4211380266478604,275.0438102263431,310.11577424840993,35.07196402206682,same_direction
calibration,1,KITTI_odometry,05,5.0,100,1539,804,3.7446676299090993,275.0438102263431,312.48764477783857,37.443834551495456,same_direction
calibration,1,KITTI_odometry,05,5.0,100,1539,805,4.087178880730449,275.0438102263431,314.9256958241906,39.881885597847486,same_direction
calibration,1,KITTI_odometry,05,5.0,100,1539,806,4.437576370164686,275.0438102263431,317.4064868823645,42.36267665602139,same_direction
calibration,1,KITTI_odometry,05,5.0,100,1539,807,4.786015764524392,275.0438102263431,319.93849116727154,44.894680940928424,same_direction
calibration,1,KITTI_odometry,05,5.0,100,1540,781,4.574108442007291,274.9250354033573,277.9930229079424,3.067987504585119,same_direction
calibration,1,KITTI_odometry,05,5.0,100,1540,782,4.135296866108502,274.9250354033573,278.6524706547517,3.727435251394411,same_direction
calibration,1,KITTI_odometry,05,5.0,100,1540,783,3.7089412680325315,274.9250354033573,279.38033714625567,4.455301742898371,same_direction
calibration,1,KITTI_odometry,05,5.0,100,1540,784,3.2969939573595783,274.9250354033573,280.13862935275654,5.21359394939924,same_direction
calibration,1,KITTI_odometry,05,5.0,100,1540,785,2.8966192567330586,274.9250354033573,280.9451783352587,6.0201429319013755,same_direction
calibration,1,KITTI_odometry,05,5.0,100,1540,786,2.507305176527181,274.9250354033573,281.79537680849637,6.870341405139072,same_direction
calibration,1,KITTI_odometry,05,5.0,100,1540,787,2.130441003488708,274.9250354033573,282.7404743123752,7.815438909017928,same_direction
calibration,1,KITTI_odometry,05,5.0,100,1540,788,1.7677658634621165,274.9250354033573,283.79417043796707,8.86913503460977,same_direction
calibration,1,KITTI_odometry,05,5.0,100,1540,789,1.4206539884196987,274.9250354033573,284.9565046141515,10.031469210794228,same_direction
calibration,1,KITTI_odometry,05,5.0,100,1540,790,1.0891863399562005,274.9250354033573,286.20848909862235,11.283453695265052,same_direction
calibration,1,KITTI_odometry,05,5.0,100,1540,791,0.7795824533442431,274.9250354033573,287.52891421534787,12.603878811990569,same_direction
calibration,1,KITTI_odometry,05,5.0,100,1540,792,0.5053314693395561,274.9250354033573,288.86786031766155,13.942824914304254,same_direction
calibration,1,KITTI_odometry,05,5.0,100,1540,793,0.3686570149193899,274.9250354033573,290.29132759808806,15.366292194730761,same_direction
calibration,1,KITTI_odometry,05,5.0,100,1540,794,0.4953267826947713,274.9250354033573,291.94005990750156,17.015024504144264,same_direction
calibration,1,KITTI_odometry,05,5.0,100,1540,795,0.7490201409175586,274.9250354033573,293.57312768284396,18.64809227948666,same_direction
calibration,1,KITTI_odometry,05,5.0,100,1540,796,1.0528439159753245,274.9250354033573,295.382655715387,20.45762031202969,same_direction
calibration,1,KITTI_odometry,05,5.0,100,1540,797,1.3647362300570798,274.9250354033573,297.24617268027094,22.321137276913646,same_direction
calibration,1,KITTI_odometry,05,5.0,100,1540,798,1.6780754303938814,274.9250354033573,299.15816088098194,24.23312547762464,same_direction
calibration,1,KITTI_odometry,05,5.0,100,1540,799,1.9907895304562033,274.9250354033573,301.1815593576172,26.256523954259876,same_direction
calibration,1,KITTI_odometry,05,5.0,100,1540,800,2.2955010715801483,274.9250354033573,303.3028916664663,28.37785626310898,same_direction
calibration,1,KITTI_odometry,05,5.0,100,1540,801,2.607612255422735,274.9250354033573,305.49462991404107,30.56959451068377,same_direction
calibration,1,KITTI_odometry,05,5.0,100,1540,802,2.9147781089796263,274.9250354033573,307.7616109642112,32.83657556085387,same_direction
calibration,1,KITTI_odometry,05,5.0,100,1540,803,3.2405726681219273,274.9250354033573,310.11577424840993,35.190738845052635,same_direction
calibration,1,KITTI_odometry,05,5.0,100,1540,804,3.5666205442682135,274.9250354033573,312.48764477783857,37.56260937448127,same_direction
calibration,1,KITTI_odometry,05,5.0,100,1540,805,3.912271330081296,274.9250354033573,314.9256958241906,40.0006604208333,same_direction
calibration,1,KITTI_odometry,05,5.0,100,1540,806,4.265933038958777,274.9250354033573,317.4064868823645,42.481451479007205,same_direction
calibration,1,KITTI_odometry,05,5.0,100,1540,807,4.617212361369843,274.9250354033573,319.93849116727154,45.01345576391424,oblique
calibration,1,KITTI_odometry,05,5.0,100,1540,808,4.985849405730354,274.9250354033573,322.49282582323343,47.56779041987613,oblique
calibration,1,KITTI_odometry,05,5.0,100,1541,781,4.766292129943049,274.8113577593222,277.9930229079424,3.1816651486201977,same_direction
calibration,1,KITTI_odometry,05,5.0,100,1541,782,4.326444876285903,274.8113577593222,278.6524706547517,3.8411128954294895,same_direction
calibration,1,KITTI_odometry,05,5.0,100,1541,783,3.898899223038434,274.8113577593222,279.38033714625567,4.568979386933449,same_direction
calibration,1,KITTI_odometry,05,5.0,100,1541,784,3.4855291551352474,274.8113577593222,280.13862935275654,5.327271593434318,same_direction
calibration,1,KITTI_odometry,05,5.0,100,1541,785,3.083470077396571,274.8113577593222,280.9451783352587,6.133820575936454,same_direction
calibration,1,KITTI_odometry,05,5.0,100,1541,786,2.691883580112115,274.8113577593222,281.79537680849637,6.984019049174151,same_direction
calibration,1,KITTI_odometry,05,5.0,100,1541,787,2.3121106867680647,274.8113577593222,282.7404743123752,7.9291165530530066,same_direction
calibration,1,KITTI_odometry,05,5.0,100,1541,788,1.9453315093615742,274.8113577593222,283.79417043796707,8.982812678644848,same_direction
calibration,1,KITTI_odometry,05,5.0,100,1541,789,1.5928696434418088,274.8113577593222,284.9565046141515,10.145146854829306,same_direction
calibration,1,KITTI_odometry,05,5.0,100,1541,790,1.2533318757797876,274.8113577593222,286.20848909862235,11.397131339300131,same_direction
calibration,1,KITTI_odometry,05,5.0,100,1541,791,0.9282261243199187,274.8113577593222,287.52891421534787,12.717556456025648,same_direction
calibration,1,KITTI_odometry,05,5.0,100,1541,792,0.6162412026838243,274.8113577593222,288.86786031766155,14.056502558339332,same_direction
calibration,1,KITTI_odometry,05,5.0,100,1541,793,0.36331827337367173,274.8113577593222,290.29132759808806,15.47996983876584,same_direction
calibration,1,KITTI_odometry,05,5.0,100,1541,794,0.3305458659785983,274.8113577593222,291.94005990750156,17.128702148179343,same_direction
calibration,1,KITTI_odometry,05,5.0,100,1541,795,0.5520129984305506,274.8113577593222,293.57312768284396,18.76176992352174,same_direction
calibration,1,KITTI_odometry,05,5.0,100,1541,796,0.8541851587493081,274.8113577593222,295.382655715387,20.571297956064768,same_direction
calibration,1,KITTI_odometry,05,5.0,100,1541,797,1.1684293815527678,274.8113577593222,297.24617268027094,22.434814920948725,same_direction
calibration,1,KITTI_odometry,05,5.0,100,1541,798,1.4848554644286975,274.8113577593222,299.15816088098194,24.34680312165972,same_direction
calibration,1,KITTI_odometry,05,5.0,100,1541,799,1.8007503728080527,274.8113577593222,301.1815593576172,26.370201598294955,same_direction
calibration,1,KITTI_odometry,05,5.0,100,1541,800,2.108015528164311,274.8113577593222,303.3028916664663,28.49153390714406,same_direction
calibration,1,KITTI_odometry,05,5.0,100,1541,801,2.4230310717699575,274.8113577593222,305.49462991404107,30.68327215471885,same_direction
calibration,1,KITTI_odometry,05,5.0,100,1541,802,2.7325134209659563,274.8113577593222,307.7616109642112,32.95025320488895,same_direction
calibration,1,KITTI_odometry,05,5.0,100,1541,803,3.0610174612784213,274.8113577593222,310.11577424840993,35.304416489087714,same_direction
calibration,1,KITTI_odometry,05,5.0,100,1541,804,3.389552570247612,274.8113577593222,312.48764477783857,37.67628701851635,same_direction
calibration,1,KITTI_odometry,05,5.0,100,1541,805,3.7383329091420117,274.8113577593222,314.9256958241906,40.11433806486838,same_direction
calibration,1,KITTI_odometry,05,5.0,100,1541,806,4.095239751288472,274.8113577593222,317.4064868823645,42.595129123042284,same_direction
calibration,1,KITTI_odometry,05,5.0,100,1541,807,4.449310919203135,274.8113577593222,319.93849116727154,45.127133407949316,oblique
calibration,1,KITTI_odometry,05,5.0,100,1541,808,4.82103942041116,274.8113577593222,322.49282582323343,47.68146806391121,oblique
calibration,1,KITTI_odometry,05,5.0,100,1542,781,4.95744869547969,274.69644546273764,277.9930229079424,3.2965774452047754,same_direction
calibration,1,KITTI_odometry,05,5.0,100,1542,782,4.516705136233991,274.69644546273764,278.6524706547517,3.956025192014067,same_direction
calibration,1,KITTI_odometry,05,5.0,100,1542,783,4.088150877285044,274.69644546273764,279.38033714625567,4.683891683518027,same_direction
calibration,1,KITTI_odometry,05,5.0,100,1542,784,3.6736016222860757,274.69644546273764,280.13862935275654,5.442183890018896,same_direction
calibration,1,KITTI_odometry,05,5.0,100,1542,785,3.2701882400975775,274.69644546273764,280.9451783352587,6.248732872521032,same_direction
calibration,1,KITTI_odometry,05,5.0,100,1542,786,2.87682028984678,274.69644546273764,281.79537680849637,7.098931345758729,same_direction
calibration,1,KITTI_odometry,05,5.0,100,1542,787,2.4948631356232913,274.69644546273764,282.7404743123752,8.044028849637584,same_direction
calibration,1,KITTI_odometry,05,5.0,100,1542,788,2.12513973929247,274.69644546273764,283.79417043796707,9.097724975229426,same_direction
calibration,1,KITTI_odometry,05,5.0,100,1542,789,1.769160687049229,274.69644546273764,284.9565046141515,10.260059151413884,same_direction
calibration,1,KITTI_odometry,05,5.0,100,1542,790,1.4248416145676273,274.69644546273764,286.20848909862235,11.512043635884709,same_direction
calibration,1,KITTI_odometry,05,5.0,100,1542,791,1.0914898635383128,274.69644546273764,287.52891421534787,12.832468752610225,same_direction
calibration,1,KITTI_odometry,05,5.0,100,1542,792,0.7623060010076311,274.69644546273764,288.86786031766155,14.17141485492391,same_direction
calibration,1,KITTI_odometry,05,5.0,100,1542,793,0.454004821346914,274.69644546273764,290.29132759808806,15.594882135350417,same_direction
calibration,1,KITTI_odometry,05,5.0,100,1542,794,0.22872119261397142,274.69644546273764,291.94005990750156,17.24361444476392,same_direction
calibration,1,KITTI_odometry,05,5.0,100,1542,795,0.35857347361922876,274.69644546273764,293.57312768284396,18.876682220106318,same_direction
calibration,1,KITTI_odometry,05,5.0,100,1542,796,0.657276784206845,274.69644546273764,295.382655715387,20.686210252649346,same_direction
calibration,1,KITTI_odometry,05,5.0,100,1542,797,0.9747865458433876,274.69644546273764,297.24617268027094,22.549727217533302,same_direction
calibration,1,KITTI_odometry,05,5.0,100,1542,798,1.2949626364034132,274.69644546273764,299.15816088098194,24.461715418244296,same_direction
calibration,1,KITTI_odometry,05,5.0,100,1542,799,1.614443580115481,274.69644546273764,301.1815593576172,26.485113894879532,same_direction
calibration,1,KITTI_odometry,05,5.0,100,1542,800,1.9244100041162917,274.69644546273764,303.3028916664663,28.606446203728638,same_direction
calibration,1,KITTI_odometry,05,5.0,100,1542,801,2.242476069195498,274.69644546273764,305.49462991404107,30.798184451303428,same_direction
calibration,1,KITTI_odometry,05,5.0,100,1542,802,2.5542995054813935,274.69644546273764,307.7616109642112,33.06516550147353,same_direction
calibration,1,KITTI_odometry,05,5.0,100,1542,803,2.885557041494502,274.69644546273764,310.11577424840993,35.41932878567229,same_direction
calibration,1,KITTI_odometry,05,5.0,100,1542,804,3.216583833097175,274.69644546273764,312.48764477783857,37.791199315100926,same_direction
calibration,1,KITTI_odometry,05,5.0,100,1542,805,3.568536746970962,274.69644546273764,314.9256958241906,40.229250361452955,same_direction
calibration,1,KITTI_odometry,05,5.0,100,1542,806,3.928720159287765,274.69644546273764,317.4064868823645,42.71004141962686,same_direction
calibration,1,KITTI_odometry,05,5.0,100,1542,807,4.285570272505783,274.69644546273764,319.93849116727154,45.24204570453389,oblique
calibration,1,KITTI_odometry,05,5.0,100,1542,808,4.660383312021763,274.69644546273764,322.49282582323343,47.79638036049579,oblique
calibration,1,KITTI_odometry,05,5.0,100,1543,782,4.706794848045917,274.5754215534576,278.6524706547517,4.077049101294108,same_direction
calibration,1,KITTI_odometry,05,5.0,100,1543,783,4.277344817498299,274.5754215534576,279.38033714625567,4.804915592798068,same_direction
calibration,1,KITTI_odometry,05,5.0,100,1543,784,3.861773012306959,274.5754215534576,280.13862935275654,5.563207799298937,same_direction
calibration,1,KITTI_odometry,05,5.0,100,1543,785,3.4572222692750856,274.5754215534576,280.9451783352587,6.3697567818010725,same_direction
calibration,1,KITTI_odometry,05,5.0,100,1543,786,3.062396023739058,274.5754215534576,281.79537680849637,7.219955255038769,same_direction
calibration,1,KITTI_odometry,05,5.0,100,1543,787,2.678728379121102,274.5754215534576,282.7404743123752,8.165052758917625,same_direction
calibration,1,KITTI_odometry,05,5.0,100,1543,788,2.306802012825278,274.5754215534576,283.79417043796707,9.218748884509466,same_direction
calibration,1,KITTI_odometry,05,5.0,100,1543,789,1.9484253221890724,274.5754215534576,284.9565046141515,10.381083060693925,same_direction
calibration,1,KITTI_odometry,05,5.0,100,1543,790,1.6011905155002568,274.5754215534576,286.20848909862235,11.63306754516475,same_direction
calibration,1,KITTI_odometry,05,5.0,100,1543,791,1.26332045363804,274.5754215534576,287.52891421534787,12.953492661890266,same_direction
calibration,1,KITTI_odometry,05,5.0,100,1543,792,0.9262693286972586,274.5754215534576,288.86786031766155,14.29243876420395,same_direction
calibration,1,KITTI_odometry,05,5.0,100,1543,793,0.5969710776173924,274.5754215534576,290.29132759808806,15.715906044630458,same_direction
calibration,1,KITTI_odometry,05,5.0,100,1543,794,0.26876642280789087,274.5754215534576,291.94005990750156,17.36463835404396,same_direction
calibration,1,KITTI_odometry,05,5.0,100,1543,795,0.17337360078269537,274.5754215534576,293.57312768284396,18.99770612938636,same_direction
calibration,1,KITTI_odometry,05,5.0,100,1543,796,0.4613578364591356,274.5754215534576,295.382655715387,20.807234161929387,same_direction
calibration,1,KITTI_odometry,05,5.0,100,1543,797,0.7838944248935645,274.5754215534576,297.24617268027094,22.670751126813343,same_direction
calibration,1,KITTI_odometry,05,5.0,100,1543,798,1.108737072167434,274.5754215534576,299.15816088098194,24.582739327524337,same_direction
calibration,1,KITTI_odometry,05,5.0,100,1543,799,1.4322683899523974,274.5754215534576,301.1815593576172,26.606137804159573,same_direction
calibration,1,KITTI_odometry,05,5.0,100,1543,800,1.7450423633088148,274.5754215534576,303.3028916664663,28.72747011300868,same_direction
calibration,1,KITTI_odometry,05,5.0,100,1543,801,2.0663007544366927,274.5754215534576,305.49462991404107,30.919208360583468,same_direction
calibration,1,KITTI_odometry,05,5.0,100,1543,802,2.380458918818313,274.5754215534576,307.7616109642112,33.18618941075357,same_direction
calibration,1,KITTI_odometry,05,5.0,100,1543,803,2.7145117422482574,274.5754215534576,310.11577424840993,35.54035269495233,same_direction
calibration,1,KITTI_odometry,05,5.0,100,1543,804,3.0480318423630175,274.5754215534576,312.48764477783857,37.912223224380966,same_direction
calibration,1,KITTI_odometry,05,5.0,100,1543,805,3.4032258328883906,274.5754215534576,314.9256958241906,40.350274270732996,same_direction
calibration,1,KITTI_odometry,05,5.0,100,1543,806,3.7667479141101112,274.5754215534576,317.4064868823645,42.8310653289069,same_direction
calibration,1,KITTI_odometry,05,5.0,100,1543,807,4.12638377553219,274.5754215534576,319.93849116727154,45.363069613813934,oblique
calibration,1,KITTI_odometry,05,5.0,100,1543,808,4.5043037794068175,274.5754215534576,322.49282582323343,47.91740426977583,oblique
calibration,1,KITTI_odometry,05,5.0,100,1543,809,4.878318051693733,274.5754215534576,325.06030374289827,50.48488218944067,oblique
calibration,1,KITTI_odometry,05,5.0,100,1544,782,4.897826319081664,274.44289564082226,278.6524706547517,4.209575013929452,same_direction
calibration,1,KITTI_odometry,05,5.0,100,1544,783,4.467577023471337,274.44289564082226,279.38033714625567,4.937441505433412,same_direction
calibration,1,KITTI_odometry,05,5.0,100,1544,784,4.0511138097369,274.44289564082226,280.13862935275654,5.695733711934281,same_direction
calibration,1,KITTI_odometry,05,5.0,100,1544,785,3.6456028756385437,274.44289564082226,280.9451783352587,6.502282694436417,same_direction
calibration,1,KITTI_odometry,05,5.0,100,1544,786,3.249574423577499,274.44289564082226,281.79537680849637,7.352481167674114,same_direction
calibration,1,KITTI_odometry,05,5.0,100,1544,787,2.8645580018432173,274.44289564082226,282.7404743123752,8.29757867155297,same_direction
calibration,1,KITTI_odometry,05,5.0,100,1544,788,2.4909694689275077,274.44289564082226,283.79417043796707,9.35127479714481,same_direction
calibration,1,KITTI_odometry,05,5.0,100,1544,789,2.1309600140744127,274.44289564082226,284.9565046141515,10.51360897332927,same_direction
calibration,1,KITTI_odometry,05,5.0,100,1544,790,1.7819773830666323,274.44289564082226,286.20848909862235,11.765593457800094,same_direction
calibration,1,KITTI_odometry,05,5.0,100,1544,791,1.4416756713433723,274.44289564082226,287.52891421534787,13.08601857452561,same_direction
calibration,1,KITTI_odometry,05,5.0,100,1544,792,1.1011541359652806,274.44289564082226,288.86786031766155,14.424964676839295,same_direction
calibration,1,KITTI_odometry,05,5.0,100,1544,793,0.7643409118397614,274.44289564082226,290.29132759808806,15.848431957265802,same_direction
calibration,1,KITTI_odometry,05,5.0,100,1544,794,0.41196614625729894,274.44289564082226,291.94005990750156,17.497164266679306,same_direction
calibration,1,KITTI_odometry,05,5.0,100,1544,795,0.09570286686871365,274.44289564082226,293.57312768284396,19.130232042021703,same_direction
calibration,1,KITTI_odometry,05,5.0,100,1544,796,0.2672499148085178,274.44289564082226,295.382655715387,20.93976007456473,same_direction
calibration,1,KITTI_odometry,05,5.0,100,1544,797,0.5972061260779149,274.44289564082226,297.24617268027094,22.803277039448687,same_direction
calibration,1,KITTI_odometry,05,5.0,100,1544,798,0.9272632635211983,274.44289564082226,299.15816088098194,24.71526524015968,same_direction
calibration,1,KITTI_odometry,05,5.0,100,1544,799,1.2549343586674135,274.44289564082226,301.1815593576172,26.738663716794917,same_direction
calibration,1,KITTI_odometry,05,5.0,100,1544,800,1.5702957145203464,274.44289564082226,303.3028916664663,28.859996025644023,same_direction
calibration,1,KITTI_odometry,05,5.0,100,1544,801,1.8946783490196926,274.44289564082226,305.49462991404107,31.051734273218813,same_direction
calibration,1,KITTI_odometry,05,5.0,100,1544,802,2.2109887386786897,274.44289564082226,307.7616109642112,33.318715323388915,same_direction
calibration,1,KITTI_odometry,05,5.0,100,1544,803,2.5477522882590042,274.44289564082226,310.11577424840993,35.67287860758768,same_direction
calibration,1,KITTI_odometry,05,5.0,100,1544,804,2.8836662912729696,274.44289564082226,312.48764477783857,38.04474913701631,same_direction
calibration,1,KITTI_odometry,05,5.0,100,1544,805,3.242099051204941,274.44289564082226,314.9256958241906,40.48280018336834,same_direction
calibration,1,KITTI_odometry,05,5.0,100,1544,806,3.608965897257684,274.44289564082226,317.4064868823645,42.96359124154225,same_direction
calibration,1,KITTI_odometry,05,5.0,100,1544,807,3.9713442731177264,274.44289564082226,319.93849116727154,45.49559552644928,oblique
calibration,1,KITTI_odometry,05,5.0,100,1544,808,4.352354607772785,274.44289564082226,322.49282582323343,48.049930182411174,oblique
calibration,1,KITTI_odometry,05,5.0,100,1544,809,4.729236229042062,274.44289564082226,325.06030374289827,50.61740810207601,oblique
calibration,1,KITTI_odometry,05,5.0,100,1545,783,4.657438719764628,274.3005586839453,279.38033714625567,5.079778462310344,same_direction
calibration,1,KITTI_odometry,05,5.0,100,1545,784,4.240210412931602,274.3005586839453,280.13862935275654,5.838070668811213,same_direction
calibration,1,KITTI_odometry,05,5.0,100,1545,785,3.8339016289773,274.3005586839453,280.9451783352587,6.644619651313349,same_direction
calibration,1,KITTI_odometry,05,5.0,100,1545,786,3.4368960250592413,274.3005586839453,281.79537680849637,7.4948181245510455,same_direction
calibration,1,KITTI_odometry,05,5.0,100,1545,787,3.0508321848839843,274.3005586839453,282.7404743123752,8.439915628429901,same_direction
calibration,1,KITTI_odometry,05,5.0,100,1545,788,2.676008176211346,274.3005586839453,283.79417043796707,9.493611754021742,same_direction
calibration,1,KITTI_odometry,05,5.0,100,1545,789,2.3149230595012886,274.3005586839453,284.9565046141515,10.655945930206201,same_direction
calibration,1,KITTI_odometry,05,5.0,100,1545,790,1.9649667131163295,274.3005586839453,286.20848909862235,11.907930414677026,same_direction
calibration,1,KITTI_odometry,05,5.0,100,1545,791,1.623472695314656,274.3005586839453,287.52891421534787,13.228355531402542,same_direction
calibration,1,KITTI_odometry,05,5.0,100,1545,792,1.2816743322618578,274.3005586839453,288.86786031766155,14.567301633716227,same_direction
calibration,1,KITTI_odometry,05,5.0,100,1545,793,0.9425705452077723,274.3005586839453,290.29132759808806,15.990768914142734,same_direction
calibration,1,KITTI_odometry,05,5.0,100,1545,794,0.5869101268522751,274.3005586839453,291.94005990750156,17.639501223556238,same_direction
calibration,1,KITTI_odometry,05,5.0,100,1545,795,0.25767996553313627,274.3005586839453,293.57312768284396,19.272568998898635,same_direction
calibration,1,KITTI_odometry,05,5.0,100,1545,796,0.09521602546972868,274.3005586839453,295.382655715387,21.082097031441663,same_direction
calibration,1,KITTI_odometry,05,5.0,100,1545,797,0.42287414607470086,274.3005586839453,297.24617268027094,22.94561399632562,same_direction
calibration,1,KITTI_odometry,05,5.0,100,1545,798,0.7558624870368982,274.3005586839453,299.15816088098194,24.857602197036613,same_direction
calibration,1,KITTI_odometry,05,5.0,100,1545,799,1.0864365419811781,274.3005586839453,301.1815593576172,26.88100067367185,same_direction
calibration,1,KITTI_odometry,05,5.0,100,1545,800,1.4033820629798566,274.3005586839453,303.3028916664663,29.002332982520954,same_direction
calibration,1,KITTI_odometry,05,5.0,100,1545,801,1.7303413004170087,274.3005586839453,305.49462991404107,31.194071230095744,same_direction
calibration,1,KITTI_odometry,05,5.0,100,1545,802,2.0482817026192532,274.3005586839453,307.7616109642112,33.46105228026585,same_direction
calibration,1,KITTI_odometry,05,5.0,100,1545,803,2.387417743426324,274.3005586839453,310.11577424840993,35.81521556446461,same_direction
calibration,1,KITTI_odometry,05,5.0,100,1545,804,2.7254321758712066,274.3005586839453,312.48764477783857,38.18708609389324,same_direction
calibration,1,KITTI_odometry,05,5.0,100,1545,805,3.0869397071621023,274.3005586839453,314.9256958241906,40.62513714024527,same_direction
calibration,1,KITTI_odometry,05,5.0,100,1545,806,3.457020218006836,274.3005586839453,317.4064868823645,43.10592819841918,same_direction
calibration,1,KITTI_odometry,05,5.0,100,1545,807,3.82198471754852,274.3005586839453,319.93849116727154,45.63793248332621,oblique
calibration,1,KITTI_odometry,05,5.0,100,1545,808,4.205965793856351,274.3005586839453,322.49282582323343,48.192267139288106,oblique
calibration,1,KITTI_odometry,05,5.0,100,1545,809,4.585601036310952,274.3005586839453,325.06030374289827,50.759745058952944,oblique
calibration,1,KITTI_odometry,05,5.0,100,1545,810,4.9864443234162446,274.3005586839453,327.63351236909887,53.33295368515354,oblique
calibration,1,KITTI_odometry,05,5.0,100,1546,783,4.846999373749198,274.16444021405874,279.38033714625567,5.215896932196927,same_direction
calibration,1,KITTI_odometry,05,5.0,100,1546,784,4.42910860809824,274.16444021405874,280.13862935275654,5.974189138697795,same_direction
calibration,1,KITTI_odometry,05,5.0,100,1546,785,4.022132206152867,274.16444021405874,280.9451783352587,6.780738121199931,same_direction
calibration,1,KITTI_odometry,05,5.0,100,1546,786,3.6243263047380756,274.16444021405874,281.79537680849637,7.630936594437628,same_direction
calibration,1,KITTI_odometry,05,5.0,100,1546,787,3.2374457031782518,274.16444021405874,282.7404743123752,8.576034098316484,same_direction
calibration,1,KITTI_odometry,05,5.0,100,1546,788,2.861701630150899,274.16444021405874,283.79417043796707,9.629730223908325,same_direction
calibration,1,KITTI_odometry,05,5.0,100,1546,789,2.4999312493322994,274.16444021405874,284.9565046141515,10.792064400092784,same_direction
calibration,1,KITTI_odometry,05,5.0,100,1546,790,2.149504681720776,274.16444021405874,286.20848909862235,12.044048884563608,same_direction
calibration,1,KITTI_odometry,05,5.0,100,1546,791,1.807551450527475,274.16444021405874,287.52891421534787,13.364474001289125,same_direction
calibration,1,KITTI_odometry,05,5.0,100,1546,792,1.4655857282061069,274.16444021405874,288.86786031766155,14.70342010360281,same_direction
calibration,1,KITTI_odometry,05,5.0,100,1546,793,1.1262880780709807,274.16444021405874,290.29132759808806,16.126887384029317,same_direction
calibration,1,KITTI_odometry,05,5.0,100,1546,794,0.7719704650091227,274.16444021405874,291.94005990750156,17.77561969344282,same_direction
calibration,1,KITTI_odometry,05,5.0,100,1546,795,0.44859016536790824,274.16444021405874,293.57312768284396,19.408687468785217,same_direction
calibration,1,KITTI_odometry,05,5.0,100,1546,796,0.15887294750523864,274.16444021405874,295.382655715387,21.218215501328245,same_direction
calibration,1,KITTI_odometry,05,5.0,100,1546,797,0.28365792631047604,274.16444021405874,297.24617268027094,23.081732466212202,same_direction
calibration,1,KITTI_odometry,05,5.0,100,1546,798,0.6027696894013158,274.16444021405874,299.15816088098194,24.993720666923195,same_direction
calibration,1,KITTI_odometry,05,5.0,100,1546,799,0.9313392678263785,274.16444021405874,301.1815593576172,27.017119143558432,same_direction
calibration,1,KITTI_odometry,05,5.0,100,1546,800,1.2472861399414148,274.16444021405874,303.3028916664663,29.138451452407537,same_direction
calibration,1,KITTI_odometry,05,5.0,100,1546,801,1.5754632290523902,274.16444021405874,305.49462991404107,31.330189699982327,same_direction
calibration,1,KITTI_odometry,05,5.0,100,1546,802,1.894008742438162,274.16444021405874,307.7616109642112,33.59717075015243,same_direction
calibration,1,KITTI_odometry,05,5.0,100,1546,803,2.2348494990735293,274.16444021405874,310.11577424840993,35.95133403435119,same_direction
calibration,1,KITTI_odometry,05,5.0,100,1546,804,2.5744422397341573,274.16444021405874,312.48764477783857,38.323204563779825,same_direction
calibration,1,KITTI_odometry,05,5.0,100,1546,805,2.9386995584794664,274.16444021405874,314.9256958241906,40.761255610131855,same_direction
calibration,1,KITTI_odometry,05,5.0,100,1546,806,3.311742561410292,274.16444021405874,317.4064868823645,43.24204666830576,same_direction
calibration,1,KITTI_odometry,05,5.0,100,1546,807,3.679042169708689,274.16444021405874,319.93849116727154,45.77405095321279,oblique
calibration,1,KITTI_odometry,05,5.0,100,1546,808,4.065800092880375,274.16444021405874,322.49282582323343,48.32838560917469,oblique
calibration,1,KITTI_odometry,05,5.0,100,1546,809,4.4480168482346665,274.16444021405874,325.06030374289827,50.89586352883953,oblique
calibration,1,KITTI_odometry,05,5.0,100,1546,810,4.851974999965321,274.16444021405874,327.63351236909887,53.469072155040124,oblique
calibration,1,KITTI_odometry,05,5.0,100,1547,784,4.621030699565194,274.00425657387973,280.13862935275654,6.134372778876809,same_direction
calibration,1,KITTI_odometry,05,5.0,100,1547,785,4.213480774301574,274.00425657387973,280.9451783352587,6.940921761378945,same_direction
calibration,1,KITTI_odometry,05,5.0,100,1547,786,3.8150021400093617,274.00425657387973,281.79537680849637,7.791120234616642,same_direction
calibration,1,KITTI_odometry,05,5.0,100,1547,787,3.4274724540455437,274.00425657387973,282.7404743123752,8.736217738495498,same_direction
calibration,1,KITTI_odometry,05,5.0,100,1547,788,3.0510343398683615,274.00425657387973,283.79417043796707,9.789913864087339,same_direction
calibration,1,KITTI_odometry,05,5.0,100,1547,789,2.688855435438842,274.00425657387973,284.9565046141515,10.952248040271797,same_direction
calibration,1,KITTI_odometry,05,5.0,100,1547,790,2.3383006096094627,274.00425657387973,286.20848909862235,12.204232524742622,same_direction
calibration,1,KITTI_odometry,05,5.0,100,1547,791,1.9963475847610177,274.00425657387973,287.52891421534787,13.524657641468139,same_direction
calibration,1,KITTI_odometry,05,5.0,100,1547,792,1.6548238087303533,274.00425657387973,288.86786031766155,14.863603743781823,same_direction
calibration,1,KITTI_odometry,05,5.0,100,1547,793,1.3162617995586703,274.00425657387973,290.29132759808806,16.28707102420833,same_direction
calibration,1,KITTI_odometry,05,5.0,100,1547,794,0.9644261453318678,274.00425657387973,291.94005990750156,17.935803333621834,same_direction
calibration,1,KITTI_odometry,05,5.0,100,1547,795,0.6463547450204792,274.00425657387973,293.57312768284396,19.56887110896423,same_direction
calibration,1,KITTI_odometry,05,5.0,100,1547,796,0.3495511627858807,274.00425657387973,295.382655715387,21.37839914150726,same_direction
calibration,1,KITTI_odometry,05,5.0,100,1547,797,0.2490395471325713,274.00425657387973,297.24617268027094,23.241916106391216,same_direction
calibration,1,KITTI_odometry,05,5.0,100,1547,798,0.48436535649135,274.00425657387973,299.15816088098194,25.15390430710221,same_direction
calibration,1,KITTI_odometry,05,5.0,100,1547,799,0.795761040112549,274.00425657387973,301.1815593576172,27.177302783737446,same_direction
calibration,1,KITTI_odometry,05,5.0,100,1547,800,1.1046670147714122,274.00425657387973,303.3028916664663,29.29863509258655,same_direction
calibration,1,KITTI_odometry,05,5.0,100,1547,801,1.4311381439710875,274.00425657387973,305.49462991404107,31.49037334016134,same_direction
calibration,1,KITTI_odometry,05,5.0,100,1547,802,1.7483906383325807,274.00425657387973,307.7616109642112,33.75735439033144,same_direction
calibration,1,KITTI_odometry,05,5.0,100,1547,803,2.0897474638204545,274.00425657387973,310.11577424840993,36.111517674530205,same_direction
calibration,1,KITTI_odometry,05,5.0,100,1547,804,2.430061701118109,274.00425657387973,312.48764477783857,38.48338820395884,same_direction
calibration,1,KITTI_odometry,05,5.0,100,1547,805,2.7965455371656334,274.00425657387973,314.9256958241906,40.92143925031087,same_direction
calibration,1,KITTI_odometry,05,5.0,100,1547,806,3.172175214561139,274.00425657387973,317.4064868823645,43.402230308484775,same_direction
calibration,1,KITTI_odometry,05,5.0,100,1547,807,3.541464895293474,274.00425657387973,319.93849116727154,45.93423459339181,oblique
calibration,1,KITTI_odometry,05,5.0,100,1547,808,3.930751572033529,274.00425657387973,322.49282582323343,48.4885692493537,oblique
calibration,1,KITTI_odometry,05,5.0,100,1547,809,4.3153439201900285,274.00425657387973,325.06030374289827,51.05604716901854,oblique
calibration,1,KITTI_odometry,05,5.0,100,1547,810,4.722280615577188,274.00425657387973,327.63351236909887,53.62925579521914,oblique
calibration,1,KITTI_odometry,05,5.0,100,1548,784,4.8243249841072045,273.8253355470306,280.13862935275654,6.313293805725948,same_direction
calibration,1,KITTI_odometry,05,5.0,100,1548,785,4.416285242021849,273.8253355470306,280.9451783352587,7.119842788228084,same_direction
calibration,1,KITTI_odometry,05,5.0,100,1548,786,4.017244356546039,273.8253355470306,281.79537680849637,7.970041261465781,same_direction
calibration,1,KITTI_odometry,05,5.0,100,1548,787,3.629207914068299,273.8253355470306,282.7404743123752,8.915138765344636,same_direction
calibration,1,KITTI_odometry,05,5.0,100,1548,788,3.252261764083721,273.8253355470306,283.79417043796707,9.968834890936478,same_direction
calibration,1,KITTI_odometry,05,5.0,100,1548,789,2.8898957085161383,273.8253355470306,284.9565046141515,11.131169067120936,same_direction
calibration,1,KITTI_odometry,05,5.0,100,1548,790,2.539472891733436,273.8253355470306,286.20848909862235,12.38315355159176,same_direction
calibration,1,KITTI_odometry,05,5.0,100,1548,791,2.19784307098613,273.8253355470306,287.52891421534787,13.703578668317277,same_direction
calibration,1,KITTI_odometry,05,5.0,100,1548,792,1.8571375823585683,273.8253355470306,288.86786031766155,15.042524770630962,same_direction
calibration,1,KITTI_odometry,05,5.0,100,1548,793,1.5197765410385915,273.8253355470306,290.29132759808806,16.46599205105747,same_direction
calibration,1,KITTI_odometry,05,5.0,100,1548,794,1.1706685493806017,273.8253355470306,291.94005990750156,18.114724360470973,same_direction
calibration,1,KITTI_odometry,05,5.0,100,1548,795,0.8568602240982409,273.8253355470306,293.57312768284396,19.74779213581337,same_direction
calibration,1,KITTI_odometry,05,5.0,100,1548,796,0.5591818791945621,273.8253355470306,295.382655715387,21.557320168356398,same_direction
calibration,1,KITTI_odometry,05,5.0,100,1548,797,0.3619948293677666,273.8253355470306,297.24617268027094,23.420837133240354,same_direction
calibration,1,KITTI_odometry,05,5.0,100,1548,798,0.43313798228277856,273.8253355470306,299.15816088098194,25.332825333951348,same_direction
calibration,1,KITTI_odometry,05,5.0,100,1548,799,0.6894751023902254,273.8253355470306,301.1815593576172,27.356223810586584,same_direction
calibration,1,KITTI_odometry,05,5.0,100,1548,800,0.97772226561585,273.8253355470306,303.3028916664663,29.47755611943569,same_direction
calibration,1,KITTI_odometry,05,5.0,100,1548,801,1.2962798501866866,273.8253355470306,305.49462991404107,31.66929436701048,same_direction
calibration,1,KITTI_odometry,05,5.0,100,1548,802,1.608632983125741,273.8253355470306,307.7616109642112,33.93627541718058,same_direction
calibration,1,KITTI_odometry,05,5.0,100,1548,803,1.9483185030238348,273.8253355470306,310.11577424840993,36.290438701379344,same_direction
calibration,1,KITTI_odometry,05,5.0,100,1548,804,2.2878731429071966,273.8253355470306,312.48764477783857,38.66230923080798,same_direction
calibration,1,KITTI_odometry,05,5.0,100,1548,805,2.655685719515026,273.8253355470306,314.9256958241906,41.10036027716001,same_direction
calibration,1,KITTI_odometry,05,5.0,100,1548,806,3.0332899295321294,273.8253355470306,317.4064868823645,43.581151335333914,same_direction
calibration,1,KITTI_odometry,05,5.0,100,1548,807,3.4040488152741055,273.8253355470306,319.93849116727154,46.113155620240946,oblique
calibration,1,KITTI_odometry,05,5.0,100,1548,808,3.795510174603815,273.8253355470306,322.49282582323343,48.66749027620284,oblique
calibration,1,KITTI_odometry,05,5.0,100,1548,809,4.1822033975711985,273.8253355470306,325.06030374289827,51.23496819586768,oblique
calibration,1,KITTI_odometry,05,5.0,100,1548,810,4.591960566459722,273.8253355470306,327.63351236909887,53.808176822068276,oblique
calibration,1,KITTI_odometry,05,5.0,100,1548,811,4.997436288762575,273.8253355470306,330.17459667489817,56.34926112786758,oblique
calibration,1,KITTI_odometry,05,5.0,100,1549,785,4.636780064747625,273.6403478018051,280.9451783352587,7.304830533453583,same_direction
calibration,1,KITTI_odometry,05,5.0,100,1549,786,4.237303380984186,273.6403478018051,281.79537680849637,8.15502900669128,same_direction
calibration,1,KITTI_odometry,05,5.0,100,1549,787,3.8489072951975585,273.6403478018051,282.7404743123752,9.100126510570135,same_direction
calibration,1,KITTI_odometry,05,5.0,100,1549,788,3.4716315950284775,273.6403478018051,283.79417043796707,10.153822636161976,same_direction
calibration,1,KITTI_odometry,05,5.0,100,1549,789,3.1092610580459477,273.6403478018051,284.9565046141515,11.316156812346435,same_direction
calibration,1,KITTI_odometry,05,5.0,100,1549,790,2.759154208600162,273.6403478018051,286.20848909862235,12.56814129681726,same_direction
calibration,1,KITTI_odometry,05,5.0,100,1549,791,2.418047692105751,273.6403478018051,287.52891421534787,13.888566413542776,same_direction
calibration,1,KITTI_odometry,05,5.0,100,1549,792,2.078331343470341,273.6403478018051,288.86786031766155,15.22751251585646,same_direction
calibration,1,KITTI_odometry,05,5.0,100,1549,793,1.7423053819970336,273.6403478018051,290.29132759808806,16.650979796282968,same_direction
calibration,1,KITTI_odometry,05,5.0,100,1549,794,1.3956632957892405,273.6403478018051,291.94005990750156,18.29971210569647,same_direction
calibration,1,KITTI_odometry,05,5.0,100,1549,795,1.0849059284380782,273.6403478018051,293.57312768284396,19.93277988103887,same_direction
calibration,1,KITTI_odometry,05,5.0,100,1549,796,0.7865216730349909,273.6403478018051,295.382655715387,21.742307913581897,same_direction
calibration,1,KITTI_odometry,05,5.0,100,1549,797,0.5521629939827519,273.6403478018051,297.24617268027094,23.605824878465853,same_direction
calibration,1,KITTI_odometry,05,5.0,100,1549,798,0.4848947972179045,273.6403478018051,299.15816088098194,25.517813079176847,same_direction
calibration,1,KITTI_odometry,05,5.0,100,1549,799,0.6340678465472018,273.6403478018051,301.1815593576172,27.541211555812083,same_direction
calibration,1,KITTI_odometry,05,5.0,100,1549,800,0.8755168558994071,273.6403478018051,303.3028916664663,29.66254386466119,same_direction
calibration,1,KITTI_odometry,05,5.0,100,1549,801,1.1738567323148974,273.6403478018051,305.49462991404107,31.85428211223598,same_direction
calibration,1,KITTI_odometry,05,5.0,100,1549,802,1.4746669919819217,273.6403478018051,307.7616109642112,34.12126316240608,same_direction
calibration,1,KITTI_odometry,05,5.0,100,1549,803,1.8087017354157713,273.6403478018051,310.11577424840993,36.47542644660484,same_direction
calibration,1,KITTI_odometry,05,5.0,100,1549,804,2.144918487268231,273.6403478018051,312.48764477783857,38.847296976033476,same_direction
calibration,1,KITTI_odometry,05,5.0,100,1549,805,2.5124350053334754,273.6403478018051,314.9256958241906,41.285348022385506,same_direction
calibration,1,KITTI_odometry,05,5.0,100,1549,806,2.89090135987031,273.6403478018051,317.4064868823645,43.76613908055941,same_direction
calibration,1,KITTI_odometry,05,5.0,100,1549,807,3.262242179827245,273.6403478018051,319.93849116727154,46.298143365466444,oblique
calibration,1,KITTI_odometry,05,5.0,100,1549,808,3.655248462231269,273.6403478018051,322.49282582323343,48.85247802142834,oblique
calibration,1,KITTI_odometry,05,5.0,100,1549,809,4.043559514490302,273.6403478018051,325.06030374289827,51.41995594109318,oblique
calibration,1,KITTI_odometry,05,5.0,100,1549,810,4.455819149112771,273.6403478018051,327.63351236909887,53.993164567293775,oblique
calibration,1,KITTI_odometry,05,5.0,100,1549,811,4.863620064766576,273.6403478018051,330.17459667489817,56.53424887309308,oblique
calibration,1,KITTI_odometry,05,5.0,100,1550,785,4.879371855656111,273.4525652859495,280.9451783352587,7.4926130493091705,same_direction
calibration,1,KITTI_odometry,05,5.0,100,1550,786,4.479553342350551,273.4525652859495,281.79537680849637,8.342811522546867,same_direction
calibration,1,KITTI_odometry,05,5.0,100,1550,787,4.090909218495194,273.4525652859495,282.7404743123752,9.287909026425723,same_direction
calibration,1,KITTI_odometry,05,5.0,100,1550,788,3.7134386843765106,273.4525652859495,283.79417043796707,10.341605152017564,same_direction
calibration,1,KITTI_odometry,05,5.0,100,1550,789,3.3512035998561758,273.4525652859495,284.9565046141515,11.503939328202023,same_direction
calibration,1,KITTI_odometry,05,5.0,100,1550,790,3.001550677265998,273.4525652859495,286.20848909862235,12.755923812672847,same_direction
calibration,1,KITTI_odometry,05,5.0,100,1550,791,2.6611060394099924,273.4525652859495,287.52891421534787,14.076348929398364,same_direction
calibration,1,KITTI_odometry,05,5.0,100,1550,792,2.3224783158183464,273.4525652859495,288.86786031766155,15.415295031712049,same_direction
calibration,1,KITTI_odometry,05,5.0,100,1550,793,1.9878274301143501,273.4525652859495,290.29132759808806,16.838762312138556,same_direction
calibration,1,KITTI_odometry,05,5.0,100,1550,794,1.6433989767412174,273.4525652859495,291.94005990750156,18.48749462155206,same_direction
calibration,1,KITTI_odometry,05,5.0,100,1550,795,1.3349747894956245,273.4525652859495,293.57312768284396,20.120562396894456,same_direction
calibration,1,KITTI_odometry,05,5.0,100,1550,796,1.036084048760602,273.4525652859495,295.382655715387,21.930090429437485,same_direction
calibration,1,KITTI_odometry,05,5.0,100,1550,797,0.7840235201191352,273.4525652859495,297.24617268027094,23.79360739432144,same_direction
calibration,1,KITTI_odometry,05,5.0,100,1550,798,0.6372898752067219,273.4525652859495,299.15816088098194,25.705595595032435,same_direction
calibration,1,KITTI_odometry,05,5.0,100,1550,799,0.6634967273536587,273.4525652859495,301.1815593576172,27.72899407166767,same_direction
calibration,1,KITTI_odometry,05,5.0,100,1550,800,0.8228811607735323,273.4525652859495,303.3028916664663,29.850326380516776,same_direction
calibration,1,KITTI_odometry,05,5.0,100,1550,801,1.0790124320178265,273.4525652859495,305.49462991404107,32.042064628091566,same_direction
calibration,1,KITTI_odometry,05,5.0,100,1550,802,1.356199074977206,273.4525652859495,307.7616109642112,34.30904567826167,same_direction
calibration,1,KITTI_odometry,05,5.0,100,1550,803,1.6773025786613593,273.4525652859495,310.11577424840993,36.66320896246043,same_direction
calibration,1,KITTI_odometry,05,5.0,100,1550,804,2.0056116423597725,273.4525652859495,312.48764477783857,39.035079491889064,same_direction
calibration,1,KITTI_odometry,05,5.0,100,1550,805,2.369938845069436,273.4525652859495,314.9256958241906,41.473130538241094,same_direction
calibration,1,KITTI_odometry,05,5.0,100,1550,806,2.7473243034203376,273.4525652859495,317.4064868823645,43.953921596415,same_direction
calibration,1,KITTI_odometry,05,5.0,100,1550,807,3.1177666139241498,273.4525652859495,319.93849116727154,46.48592588132203,oblique
calibration,1,KITTI_odometry,05,5.0,100,1550,808,3.511269947143925,273.4525652859495,322.49282582323343,49.04026053728393,oblique
calibration,1,KITTI_odometry,05,5.0,100,1550,809,3.900413239328507,273.4525652859495,325.06030374289827,51.607738456948766,oblique
calibration,1,KITTI_odometry,05,5.0,100,1550,810,4.314650091377528,273.4525652859495,327.63351236909887,54.18094708314936,oblique
calibration,1,KITTI_odometry,05,5.0,100,1550,811,4.724360571758266,273.4525652859495,330.17459667489817,56.722031388948665,oblique
calibration,1,KITTI_odometry,05,5.0,100,1551,786,4.7423765268440095,273.25008459985054,281.79537680849637,8.545292208645833,same_direction
calibration,1,KITTI_odometry,05,5.0,100,1551,787,4.353582858034979,273.25008459985054,282.7404743123752,9.490389712524689,same_direction
calibration,1,KITTI_odometry,05,5.0,100,1551,788,3.9760326998203874,273.25008459985054,283.79417043796707,10.54408583811653,same_direction
calibration,1,KITTI_odometry,05,5.0,100,1551,789,3.614046676301239,273.25008459985054,284.9565046141515,11.706420014300988,same_direction
calibration,1,KITTI_odometry,05,5.0,100,1551,790,3.264950904014486,273.25008459985054,286.20848909862235,12.958404498771813,same_direction
calibration,1,KITTI_odometry,05,5.0,100,1551,791,2.9252603094480616,273.25008459985054,287.52891421534787,14.27882961549733,same_direction
calibration,1,KITTI_odometry,05,5.0,100,1551,792,2.5877658031753668,273.25008459985054,288.86786031766155,15.617775717811014,same_direction
calibration,1,KITTI_odometry,05,5.0,100,1551,793,2.2544708637350896,273.25008459985054,290.29132759808806,17.04124299823752,same_direction
calibration,1,KITTI_odometry,05,5.0,100,1551,794,1.9120182049137748,273.25008459985054,291.94005990750156,18.689975307651025,same_direction
calibration,1,KITTI_odometry,05,5.0,100,1551,795,1.6054627721322263,273.25008459985054,293.57312768284396,20.323043082993422,same_direction
calibration,1,KITTI_odometry,05,5.0,100,1551,796,1.3062853989637795,273.25008459985054,295.382655715387,22.13257111553645,same_direction
calibration,1,KITTI_odometry,05,5.0,100,1551,797,1.044425303313258,273.25008459985054,297.24617268027094,23.996088080420407,same_direction
calibration,1,KITTI_odometry,05,5.0,100,1551,798,0.8557136744402192,273.25008459985054,299.15816088098194,25.9080762811314,same_direction
calibration,1,KITTI_odometry,05,5.0,100,1551,799,0.7891497437723641,273.25008459985054,301.1815593576172,27.931474757766637,same_direction
calibration,1,KITTI_odometry,05,5.0,100,1551,800,0.8495626446171937,273.25008459985054,303.3028916664663,30.052807066615742,same_direction
calibration,1,KITTI_odometry,05,5.0,100,1551,801,1.036608996210229,273.25008459985054,305.49462991404107,32.24454531419053,same_direction
calibration,1,KITTI_odometry,05,5.0,100,1551,802,1.2720152665373057,273.25008459985054,307.7616109642112,34.511526364360634,same_direction
calibration,1,KITTI_odometry,05,5.0,100,1551,803,1.5682695620616307,273.25008459985054,310.11577424840993,36.865689648559396,same_direction
calibration,1,KITTI_odometry,05,5.0,100,1551,804,1.8811539895170692,273.25008459985054,312.48764477783857,39.23756017798803,same_direction
calibration,1,KITTI_odometry,05,5.0,100,1551,805,2.2373726139103343,273.25008459985054,314.9256958241906,41.67561122434006,same_direction
calibration,1,KITTI_odometry,05,5.0,100,1551,806,2.610364521280685,273.25008459985054,317.4064868823645,44.156402282513966,same_direction
calibration,1,KITTI_odometry,05,5.0,100,1551,807,2.977475163114033,273.25008459985054,319.93849116727154,46.688406567421,oblique
calibration,1,KITTI_odometry,05,5.0,100,1551,808,3.369706841084098,273.25008459985054,322.49282582323343,49.24274122338289,oblique
calibration,1,KITTI_odometry,05,5.0,100,1551,809,3.7583608522141603,273.25008459985054,325.06030374289827,51.81021914304773,oblique
calibration,1,KITTI_odometry,05,5.0,100,1551,810,4.173620875240221,273.25008459985054,327.63351236909887,54.38342776924833,oblique
calibration,1,KITTI_odometry,05,5.0,100,1551,811,4.584487416704392,273.25008459985054,330.17459667489817,56.92451207504763,oblique
calibration,1,KITTI_odometry,05,5.0,100,1552,787,4.635278317279772,273.0395016663024,282.7404743123752,9.700972646072842,same_direction
calibration,1,KITTI_odometry,05,5.0,100,1552,788,4.257746721364363,273.0395016663024,283.79417043796707,10.754668771664683,same_direction
calibration,1,KITTI_odometry,05,5.0,100,1552,789,3.8960964646497156,273.0395016663024,284.9565046141515,11.917002947849141,same_direction
calibration,1,KITTI_odometry,05,5.0,100,1552,790,3.5476244990653956,273.0395016663024,286.20848909862235,13.168987432319966,same_direction
calibration,1,KITTI_odometry,05,5.0,100,1552,791,3.2087344380591167,273.0395016663024,287.52891421534787,14.489412549045483,same_direction
calibration,1,KITTI_odometry,05,5.0,100,1552,792,2.8723655135924187,273.0395016663024,288.86786031766155,15.828358651359167,same_direction
calibration,1,KITTI_odometry,05,5.0,100,1552,793,2.5403569406966477,273.0395016663024,290.29132759808806,17.251825931785675,same_direction
calibration,1,KITTI_odometry,05,5.0,100,1552,794,2.1996382652710165,273.0395016663024,291.94005990750156,18.900558241199178,same_direction
calibration,1,KITTI_odometry,05,5.0,100,1552,795,1.8945916423053517,273.0395016663024,293.57312768284396,20.533626016541575,same_direction
calibration,1,KITTI_odometry,05,5.0,100,1552,796,1.595240291183858,273.0395016663024,295.382655715387,22.343154049084603,same_direction
calibration,1,KITTI_odometry,05,5.0,100,1552,797,1.3273005020420185,273.0395016663024,297.24617268027094,24.20667101396856,same_direction
calibration,1,KITTI_odometry,05,5.0,100,1552,798,1.1148361237868047,273.0395016663024,299.15816088098194,26.118659214679553,same_direction
calibration,1,KITTI_odometry,05,5.0,100,1552,799,0.9899340208337107,273.0395016663024,301.1815593576172,28.14205769131479,same_direction
calibration,1,KITTI_odometry,05,5.0,100,1552,800,0.9652083278883233,273.0395016663024,303.3028916664663,30.263390000163895,same_direction
calibration,1,KITTI_odometry,05,5.0,100,1552,801,1.0681316396568332,273.0395016663024,305.49462991404107,32.455128247738685,same_direction
calibration,1,KITTI_odometry,05,5.0,100,1552,802,1.242508183874856,273.0395016663024,307.7616109642112,34.72210929790879,same_direction
calibration,1,KITTI_odometry,05,5.0,100,1552,803,1.4978580313370833,273.0395016663024,310.11577424840993,37.07627258210755,same_direction
calibration,1,KITTI_odometry,05,5.0,100,1552,804,1.784405267909735,273.0395016663024,312.48764477783857,39.44814311153618,same_direction
calibration,1,KITTI_odometry,05,5.0,100,1552,805,2.1249639398690965,273.0395016663024,314.9256958241906,41.88619415788821,same_direction
calibration,1,KITTI_odometry,05,5.0,100,1552,806,2.4884151492966313,273.0395016663024,317.4064868823645,44.36698521606212,same_direction
calibration,1,KITTI_odometry,05,5.0,100,1552,807,2.8484985675195595,273.0395016663024,319.93849116727154,46.89898950096915,oblique
calibration,1,KITTI_odometry,05,5.0,100,1552,808,3.2367251307494462,273.0395016663024,322.49282582323343,49.453324156931046,oblique
calibration,1,KITTI_odometry,05,5.0,100,1552,809,3.6228579446735147,273.0395016663024,325.06030374289827,52.020802076595885,oblique
calibration,1,KITTI_odometry,05,5.0,100,1552,810,4.037613526315886,273.0395016663024,327.63351236909887,54.59401070279648,oblique
calibration,1,KITTI_odometry,05,5.0,100,1552,811,4.44843732757122,273.0395016663024,330.17459667489817,57.13509500859578,oblique
calibration,1,KITTI_odometry,05,5.0,100,1552,812,4.885990569349172,273.0395016663024,332.62261948849556,59.583117822193174,oblique
calibration,1,KITTI_odometry,05,5.0,100,1553,787,4.932927480877858,272.82674913966946,282.7404743123752,9.913725172705767,same_direction
calibration,1,KITTI_odometry,05,5.0,100,1553,788,4.555491343557241,272.82674913966946,283.79417043796707,10.967421298297609,same_direction
calibration,1,KITTI_odometry,05,5.0,100,1553,789,4.194229820383714,272.82674913966946,284.9565046141515,12.129755474482067,same_direction
calibration,1,KITTI_odometry,05,5.0,100,1553,790,3.846403783655712,272.82674913966946,286.20848909862235,13.381739958952892,same_direction
calibration,1,KITTI_odometry,05,5.0,100,1553,791,3.5083084900614057,272.82674913966946,287.52891421534787,14.702165075678408,same_direction
calibration,1,KITTI_odometry,05,5.0,100,1553,792,3.1729989936428007,272.82674913966946,288.86786031766155,16.041111177992093,same_direction
calibration,1,KITTI_odometry,05,5.0,100,1553,793,2.8421519877608272,272.82674913966946,290.29132759808806,17.4645784584186,same_direction
calibration,1,KITTI_odometry,05,5.0,100,1553,794,2.5028969144995323,272.82674913966946,291.94005990750156,19.113310767832104,same_direction
calibration,1,KITTI_odometry,05,5.0,100,1553,795,2.1990215974128327,272.82674913966946,293.57312768284396,20.7463785431745,same_direction
calibration,1,KITTI_odometry,05,5.0,100,1553,796,1.899482642116732,272.82674913966946,295.382655715387,22.55590657571753,same_direction
calibration,1,KITTI_odometry,05,5.0,100,1553,797,1.6273769746954758,272.82674913966946,297.24617268027094,24.419423540601485,same_direction
calibration,1,KITTI_odometry,05,5.0,100,1553,798,1.400156186653474,272.82674913966946,299.15816088098194,26.33141174131248,same_direction
calibration,1,KITTI_odometry,05,5.0,100,1553,799,1.239241723797263,272.82674913966946,301.1815593576172,28.354810217947716,same_direction
calibration,1,KITTI_odometry,05,5.0,100,1553,800,1.1540995254175406,272.82674913966946,303.3028916664663,30.47614252679682,same_direction
calibration,1,KITTI_odometry,05,5.0,100,1553,801,1.1788814495173037,272.82674913966946,305.49462991404107,32.66788077437161,same_direction
calibration,1,KITTI_odometry,05,5.0,100,1553,802,1.2823313522861486,272.82674913966946,307.7616109642112,34.93486182454171,same_direction
calibration,1,KITTI_odometry,05,5.0,100,1553,803,1.4813997787096627,272.82674913966946,310.11577424840993,37.289025108740475,same_direction
calibration,1,KITTI_odometry,05,5.0,100,1553,804,1.7287519353857725,272.82674913966946,312.48764477783857,39.66089563816911,same_direction
calibration,1,KITTI_odometry,05,5.0,100,1553,805,2.043665386529811,272.82674913966946,314.9256958241906,42.09894668452114,same_direction
calibration,1,KITTI_odometry,05,5.0,100,1553,806,2.3904830181419467,272.82674913966946,317.4064868823645,44.579737742695045,same_direction
calibration,1,KITTI_odometry,05,5.0,100,1553,807,2.738459473406361,272.82674913966946,319.93849116727154,47.11174202760208,oblique
calibration,1,KITTI_odometry,05,5.0,100,1553,808,3.1188456383811443,272.82674913966946,322.49282582323343,49.66607668356397,oblique
calibration,1,KITTI_odometry,05,5.0,100,1553,809,3.4996092162411623,272.82674913966946,325.06030374289827,52.23355460322881,oblique
calibration,1,KITTI_odometry,05,5.0,100,1553,810,3.9116584664596035,272.82674913966946,327.63351236909887,54.80676322942941,oblique
calibration,1,KITTI_odometry,05,5.0,100,1553,811,4.320721368084857,272.82674913966946,330.17459667489817,57.34784753522871,oblique
calibration,1,KITTI_odometry,05,5.0,100,1553,812,4.757978930146828,272.82674913966946,332.62261948849556,59.7958703488261,oblique
calibration,1,KITTI_odometry,05,5.0,100,1554,788,4.872545834292788,272.6288248064948,283.79417043796707,11.165345631472292,same_direction
calibration,1,KITTI_odometry,05,5.0,100,1554,789,4.511733696588157,272.6288248064948,284.9565046141515,12.32767980765675,same_direction
calibration,1,KITTI_odometry,05,5.0,100,1554,790,4.16460002451328,272.6288248064948,286.20848909862235,13.579664292127575,same_direction
calibration,1,KITTI_odometry,05,5.0,100,1554,791,3.827330479333131,272.6288248064948,287.52891421534787,14.900089408853091,same_direction
calibration,1,KITTI_odometry,05,5.0,100,1554,792,3.4930805185896374,272.6288248064948,288.86786031766155,16.239035511166776,same_direction
calibration,1,KITTI_odometry,05,5.0,100,1554,793,3.1633651173076816,272.6288248064948,290.29132759808806,17.662502791593283,same_direction
calibration,1,KITTI_odometry,05,5.0,100,1554,794,2.825486248149174,272.6288248064948,291.94005990750156,19.311235101006787,same_direction
calibration,1,KITTI_odometry,05,5.0,100,1554,795,2.5227091666252166,272.6288248064948,293.57312768284396,20.944302876349184,same_direction
calibration,1,KITTI_odometry,05,5.0,100,1554,796,2.223207608471184,272.6288248064948,295.382655715387,22.753830908892212,same_direction
calibration,1,KITTI_odometry,05,5.0,100,1554,797,1.9483333518676913,272.6288248064948,297.24617268027094,24.61734787377617,same_direction
calibration,1,KITTI_odometry,05,5.0,100,1554,798,1.7115052272666254,272.6288248064948,299.15816088098194,26.529336074487162,same_direction
calibration,1,KITTI_odometry,05,5.0,100,1554,799,1.52756187716537,272.6288248064948,301.1815593576172,28.5527345511224,same_direction
calibration,1,KITTI_odometry,05,5.0,100,1554,800,1.4019053764701672,272.6288248064948,303.3028916664663,30.674066859971504,same_direction
calibration,1,KITTI_odometry,05,5.0,100,1554,801,1.364981155726693,272.6288248064948,305.49462991404107,32.865805107546294,same_direction
calibration,1,KITTI_odometry,05,5.0,100,1554,802,1.4003977440745086,272.6288248064948,307.7616109642112,35.132786157716396,same_direction
calibration,1,KITTI_odometry,05,5.0,100,1554,803,1.5340862064186542,272.6288248064948,310.11577424840993,37.48694944191516,same_direction
calibration,1,KITTI_odometry,05,5.0,100,1554,804,1.7300007594012738,272.6288248064948,312.48764477783857,39.85881997134379,same_direction
calibration,1,KITTI_odometry,05,5.0,100,1554,805,2.0074459133259257,272.6288248064948,314.9256958241906,42.29687101769582,same_direction
calibration,1,KITTI_odometry,05,5.0,100,1554,806,2.3284113134547204,272.6288248064948,317.4064868823645,44.77766207586973,same_direction
calibration,1,KITTI_odometry,05,5.0,100,1554,807,2.657456043738059,272.6288248064948,319.93849116727154,47.30966636077676,oblique
calibration,1,KITTI_odometry,05,5.0,100,1554,808,3.024702082046423,272.6288248064948,322.49282582323343,49.864001016738655,oblique
calibration,1,KITTI_odometry,05,5.0,100,1554,809,3.3961354144511002,272.6288248064948,325.06030374289827,52.431478936403494,oblique
calibration,1,KITTI_odometry,05,5.0,100,1554,810,3.8023843116765494,272.6288248064948,327.63351236909887,55.00468756260409,oblique
calibration,1,KITTI_odometry,05,5.0,100,1554,811,4.20728788102786,272.6288248064948,330.17459667489817,57.54577186840339,oblique
calibration,1,KITTI_odometry,05,5.0,100,1554,812,4.64232108022226,272.6288248064948,332.62261948849556,59.99379468200078,oblique
calibration,1,KITTI_odometry,05,5.0,100,1555,789,4.847524623361909,272.46145741527175,284.9565046141515,12.495047198879774,same_direction
calibration,1,KITTI_odometry,05,5.0,100,1555,790,4.50112488500919,272.46145741527175,286.20848909862235,13.747031683350599,same_direction
calibration,1,KITTI_odometry,05,5.0,100,1555,791,4.164708752962416,272.46145741527175,287.52891421534787,15.067456800076116,same_direction
calibration,1,KITTI_odometry,05,5.0,100,1555,792,3.8315210661522716,272.46145741527175,288.86786031766155,16.4064029023898,same_direction
calibration,1,KITTI_odometry,05,5.0,100,1555,793,3.502918182523142,272.46145741527175,290.29132759808806,17.829870182816308,same_direction
calibration,1,KITTI_odometry,05,5.0,100,1555,794,3.16636095722659,272.46145741527175,291.94005990750156,19.47860249222981,same_direction
calibration,1,KITTI_odometry,05,5.0,100,1555,795,2.8646539249936795,272.46145741527175,293.57312768284396,21.111670267572208,same_direction
calibration,1,KITTI_odometry,05,5.0,100,1555,796,2.5653897053156585,272.46145741527175,295.382655715387,22.921198300115236,same_direction
calibration,1,KITTI_odometry,05,5.0,100,1555,797,2.2886988346851136,272.46145741527175,297.24617268027094,24.784715264999193,same_direction
calibration,1,KITTI_odometry,05,5.0,100,1555,798,2.045404458021931,272.46145741527175,299.15816088098194,26.696703465710186,same_direction
calibration,1,KITTI_odometry,05,5.0,100,1555,799,1.8461945508575197,272.46145741527175,301.1815593576172,28.720101942345423,same_direction
calibration,1,KITTI_odometry,05,5.0,100,1555,800,1.6935067300961564,272.46145741527175,303.3028916664663,30.841434251194528,same_direction
calibration,1,KITTI_odometry,05,5.0,100,1555,801,1.611895437055393,272.46145741527175,305.49462991404107,33.03317249876932,same_direction
calibration,1,KITTI_odometry,05,5.0,100,1555,802,1.5912233684809922,272.46145741527175,307.7616109642112,35.30015354893942,same_direction
calibration,1,KITTI_odometry,05,5.0,100,1555,803,1.6610518102169496,272.46145741527175,310.11577424840993,37.65431683313818,same_direction
calibration,1,KITTI_odometry,05,5.0,100,1555,804,1.79913591449785,272.46145741527175,312.48764477783857,40.026187362566816,same_direction
calibration,1,KITTI_odometry,05,5.0,100,1555,805,2.028823546205041,272.46145741527175,314.9256958241906,42.464238408918845,same_direction
calibration,1,KITTI_odometry,05,5.0,100,1555,806,2.3141637708686438,272.46145741527175,317.4064868823645,44.94502946709275,same_direction
calibration,1,KITTI_odometry,05,5.0,100,1555,807,2.61640375327834,272.46145741527175,319.93849116727154,47.477033751999784,oblique
calibration,1,KITTI_odometry,05,5.0,100,1555,808,2.963986212134095,272.46145741527175,322.49282582323343,50.03136840796168,oblique
calibration,1,KITTI_odometry,05,5.0,100,1555,809,3.321070682393858,272.46145741527175,325.06030374289827,52.59884632762652,oblique
calibration,1,KITTI_odometry,05,5.0,100,1555,810,3.7174697582792806,272.46145741527175,327.63351236909887,55.172054953827114,oblique
calibration,1,KITTI_odometry,05,5.0,100,1555,811,4.115055871800647,272.46145741527175,330.17459667489817,57.713139259626416,oblique
calibration,1,KITTI_odometry,05,5.0,100,1555,812,4.5452782812550705,272.46145741527175,332.62261948849556,60.16116207322381,oblique
calibration,1,KITTI_odometry,05,5.0,100,1555,813,4.985252680159858,272.46145741527175,335.09687339464494,62.63541597937319,oblique
calibration,1,KITTI_odometry,05,5.0,100,1556,790,4.863908555148726,272.35795289145284,286.20848909862235,13.850536207169512,same_direction
calibration,1,KITTI_odometry,05,5.0,100,1556,791,4.528371280348127,272.35795289145284,287.52891421534787,15.170961323895028,same_direction
calibration,1,KITTI_odometry,05,5.0,100,1556,792,4.196248378469585,272.35795289145284,288.86786031766155,16.509907426208713,same_direction
calibration,1,KITTI_odometry,05,5.0,100,1556,793,3.868740175262642,272.35795289145284,290.29132759808806,17.93337470663522,same_direction
calibration,1,KITTI_odometry,05,5.0,100,1556,794,3.5334539527223043,272.35795289145284,291.94005990750156,19.582107016048724,same_direction
calibration,1,KITTI_odometry,05,5.0,100,1556,795,3.2327777702993576,272.35795289145284,293.57312768284396,21.21517479139112,same_direction
calibration,1,KITTI_odometry,05,5.0,100,1556,796,2.9338525026012405,272.35795289145284,295.382655715387,23.02470282393415,same_direction
calibration,1,KITTI_odometry,05,5.0,100,1556,797,2.655899328191677,272.35795289145284,297.24617268027094,24.888219788818105,same_direction
calibration,1,KITTI_odometry,05,5.0,100,1556,798,2.407949052969352,272.35795289145284,299.15816088098194,26.8002079895291,same_direction
calibration,1,KITTI_odometry,05,5.0,100,1556,799,2.197913325592256,272.35795289145284,301.1815593576172,28.823606466164335,same_direction
calibration,1,KITTI_odometry,05,5.0,100,1556,800,2.026271485680286,272.35795289145284,303.3028916664663,30.94493877501344,same_direction
calibration,1,KITTI_odometry,05,5.0,100,1556,801,1.912252206169474,272.35795289145284,305.49462991404107,33.13667702258823,same_direction
calibration,1,KITTI_odometry,05,5.0,100,1556,802,1.847928414306145,272.35795289145284,307.7616109642112,35.40365807275833,same_direction
calibration,1,KITTI_odometry,05,5.0,100,1556,803,1.8615368554570815,272.35795289145284,310.11577424840993,37.757821356957095,same_direction
calibration,1,KITTI_odometry,05,5.0,100,1556,804,1.9417268443414113,272.35795289145284,312.48764477783857,40.12969188638573,same_direction
calibration,1,KITTI_odometry,05,5.0,100,1556,805,2.116891296414637,272.35795289145284,314.9256958241906,42.56774293273776,same_direction
calibration,1,KITTI_odometry,05,5.0,100,1556,806,2.357524282292981,272.35795289145284,317.4064868823645,45.048533990911665,oblique
calibration,1,KITTI_odometry,05,5.0,100,1556,807,2.624461015478997,272.35795289145284,319.93849116727154,47.5805382758187,oblique
calibration,1,KITTI_odometry,05,5.0,100,1556,808,2.944615508096276,272.35795289145284,322.49282582323343,50.13487293178059,oblique
calibration,1,KITTI_odometry,05,5.0,100,1556,809,3.2810615551458473,272.35795289145284,325.06030374289827,52.70235085144543,oblique
calibration,1,KITTI_odometry,05,5.0,100,1556,810,3.6623361040353877,272.35795289145284,327.63351236909887,55.27555947764603,oblique
calibration,1,KITTI_odometry,05,5.0,100,1556,811,4.048426577726349,272.35795289145284,330.17459667489817,57.81664378344533,oblique
calibration,1,KITTI_odometry,05,5.0,100,1556,812,4.470365727370543,272.35795289145284,332.62261948849556,60.26466659704272,oblique
calibration,1,KITTI_odometry,05,5.0,100,1556,813,4.904048899862354,272.35795289145284,335.09687339464494,62.738920503192105,oblique
calibration,1,KITTI_odometry,05,5.0,100,1557,791,4.914553124973576,272.3718289932233,287.52891421534787,15.157085222124579,same_direction
calibration,1,KITTI_odometry,05,5.0,100,1557,792,4.583445106175924,272.3718289932233,288.86786031766155,16.496031324438263,same_direction
calibration,1,KITTI_odometry,05,5.0,100,1557,793,4.2569591393280515,272.3718289932233,290.29132759808806,17.91949860486477,same_direction
calibration,1,KITTI_odometry,05,5.0,100,1557,794,3.9228273331994212,272.3718289932233,291.94005990750156,19.568230914278274,same_direction
calibration,1,KITTI_odometry,05,5.0,100,1557,795,3.6230683054443356,272.3718289932233,293.57312768284396,21.20129868962067,same_direction
calibration,1,KITTI_odometry,05,5.0,100,1557,796,3.3244655411520454,272.3718289932233,295.382655715387,23.0108267221637,same_direction
calibration,1,KITTI_odometry,05,5.0,100,1557,797,3.045553376310453,272.3718289932233,297.24617268027094,24.874343687047656,same_direction
calibration,1,KITTI_odometry,05,5.0,100,1557,798,2.7940854794055596,272.3718289932233,299.15816088098194,26.78633188775865,same_direction
calibration,1,KITTI_odometry,05,5.0,100,1557,799,2.5760719862630013,272.3718289932233,301.1815593576172,28.809730364393886,same_direction
calibration,1,KITTI_odometry,05,5.0,100,1557,800,2.390761863528023,272.3718289932233,303.3028916664663,30.93106267324299,same_direction
calibration,1,KITTI_odometry,05,5.0,100,1557,801,2.2532071578088435,272.3718289932233,305.49462991404107,33.12280092081778,same_direction
calibration,1,KITTI_odometry,05,5.0,100,1557,802,2.1562008880345562,272.3718289932233,307.7616109642112,35.38978197098788,same_direction
calibration,1,KITTI_odometry,05,5.0,100,1557,803,2.124343699653147,272.3718289932233,310.11577424840993,37.743945255186645,same_direction
calibration,1,KITTI_odometry,05,5.0,100,1557,804,2.1529087372318023,272.3718289932233,312.48764477783857,40.11581578461528,same_direction
calibration,1,KITTI_odometry,05,5.0,100,1557,805,2.2733188750039046,272.3718289932233,314.9256958241906,42.55386683096731,same_direction
calibration,1,KITTI_odometry,05,5.0,100,1557,806,2.4643167584553747,272.3718289932233,317.4064868823645,45.034657889141215,oblique
calibration,1,KITTI_odometry,05,5.0,100,1557,807,2.6894678050863545,272.3718289932233,319.93849116727154,47.56666217404825,oblique
calibration,1,KITTI_odometry,05,5.0,100,1557,808,2.975001468924016,272.3718289932233,322.49282582323343,50.12099683001014,oblique
calibration,1,KITTI_odometry,05,5.0,100,1557,809,3.2843690634411113,272.3718289932233,325.06030374289827,52.68847474967498,oblique
calibration,1,KITTI_odometry,05,5.0,100,1557,810,3.644680912856989,272.3718289932233,327.63351236909887,55.26168337587558,oblique
calibration,1,KITTI_odometry,05,5.0,100,1557,811,4.014479731220975,272.3718289932233,330.17459667489817,57.80276768167488,oblique
calibration,1,KITTI_odometry,05,5.0,100,1557,812,4.423995713477139,272.3718289932233,332.62261948849556,60.25079049527227,oblique
calibration,1,KITTI_odometry,05,5.0,100,1557,813,4.847946017272068,272.3718289932233,335.09687339464494,62.725044401421655,oblique
calibration,1,KITTI_odometry,05,5.0,100,1558,792,4.995098193352821,272.4230306231891,288.86786031766155,16.444829694472446,same_direction
calibration,1,KITTI_odometry,05,5.0,100,1558,793,4.669502163269573,272.4230306231891,290.29132759808806,17.868296974898954,same_direction
calibration,1,KITTI_odometry,05,5.0,100,1558,794,4.336333000442987,272.4230306231891,291.94005990750156,19.517029284312457,same_direction
calibration,1,KITTI_odometry,05,5.0,100,1558,795,4.037287261823672,272.4230306231891,293.57312768284396,21.150097059654854,same_direction
calibration,1,KITTI_odometry,05,5.0,100,1558,796,3.738850942264957,272.4230306231891,295.382655715387,22.959625092197882,same_direction
calibration,1,KITTI_odometry,05,5.0,100,1558,797,3.459030939816671,272.4230306231891,297.24617268027094,24.82314205708184,same_direction
calibration,1,KITTI_odometry,05,5.0,100,1558,798,3.204619308179366,272.4230306231891,299.15816088098194,26.735130257792832,same_direction
calibration,1,KITTI_odometry,05,5.0,100,1558,799,2.980274172011027,272.4230306231891,301.1815593576172,28.75852873442807,same_direction
calibration,1,KITTI_odometry,05,5.0,100,1558,800,2.784491565553933,272.4230306231891,303.3028916664663,30.879861043277174,same_direction
calibration,1,KITTI_odometry,05,5.0,100,1558,801,2.629105382235566,272.4230306231891,305.49462991404107,33.071599290851964,same_direction
calibration,1,KITTI_odometry,05,5.0,100,1558,802,2.507229046676834,272.4230306231891,307.7616109642112,35.338580341022066,same_direction
calibration,1,KITTI_odometry,05,5.0,100,1558,803,2.4393399650776524,272.4230306231891,310.11577424840993,37.69274362522083,same_direction
calibration,1,KITTI_odometry,05,5.0,100,1558,804,2.424330482623204,272.4230306231891,312.48764477783857,40.06461415464946,same_direction
calibration,1,KITTI_odometry,05,5.0,100,1558,805,2.49400977499609,272.4230306231891,314.9256958241906,42.50266520100149,same_direction
calibration,1,KITTI_odometry,05,5.0,100,1558,806,2.634603326468909,272.4230306231891,317.4064868823645,44.9834562591754,same_direction
calibration,1,KITTI_odometry,05,5.0,100,1558,807,2.814281365480192,272.4230306231891,319.93849116727154,47.51546054408243,oblique
calibration,1,KITTI_odometry,05,5.0,100,1558,808,3.0594533486688595,272.4230306231891,322.49282582323343,50.069795200044325,oblique
calibration,1,KITTI_odometry,05,5.0,100,1558,809,3.3357513622864774,272.4230306231891,325.06030374289827,52.637273119709164,oblique
calibration,1,KITTI_odometry,05,5.0,100,1558,810,3.669073779928813,272.4230306231891,327.63351236909887,55.21048174590976,oblique
calibration,1,KITTI_odometry,05,5.0,100,1558,811,4.017348217080651,272.4230306231891,330.17459667489817,57.75156605170906,oblique
calibration,1,KITTI_odometry,05,5.0,100,1558,812,4.4097157194913565,272.4230306231891,332.62261948849556,60.19958886530645,oblique
calibration,1,KITTI_odometry,05,5.0,100,1558,813,4.81990495178911,272.4230306231891,335.09687339464494,62.67384277145584,oblique
calibration,1,KITTI_odometry,05,5.0,100,1559,794,4.776600785556951,272.48398575014255,291.94005990750156,19.456074157359012,same_direction
calibration,1,KITTI_odometry,05,5.0,100,1559,795,4.478036875644292,272.48398575014255,293.57312768284396,21.08914193270141,same_direction
calibration,1,KITTI_odometry,05,5.0,100,1559,796,4.179563488238187,272.48398575014255,295.382655715387,22.898669965244437,same_direction
calibration,1,KITTI_odometry,05,5.0,100,1559,797,3.8987799155920566,272.48398575014255,297.24617268027094,24.762186930128394,same_direction
calibration,1,KITTI_odometry,05,5.0,100,1559,798,3.6417200079864736,272.48398575014255,299.15816088098194,26.674175130839387,same_direction
calibration,1,KITTI_odometry,05,5.0,100,1559,799,3.412050353823198,272.48398575014255,301.1815593576172,28.697573607474624,same_direction
calibration,1,KITTI_odometry,05,5.0,100,1559,800,3.2078245241384375,272.48398575014255,303.3028916664663,30.81890591632373,same_direction
calibration,1,KITTI_odometry,05,5.0,100,1559,801,3.038354327362268,272.48398575014255,305.49462991404107,33.01064416389852,same_direction
calibration,1,KITTI_odometry,05,5.0,100,1559,802,2.8970233775102723,272.48398575014255,307.7616109642112,35.27762521406862,same_direction
calibration,1,KITTI_odometry,05,5.0,100,1559,803,2.800446707544359,272.48398575014255,310.11577424840993,37.63178849826738,same_direction
calibration,1,KITTI_odometry,05,5.0,100,1559,804,2.749469997840503,272.48398575014255,312.48764477783857,40.00365902769602,same_direction
calibration,1,KITTI_odometry,05,5.0,100,1559,805,2.774386493988364,272.48398575014255,314.9256958241906,42.441710074048046,same_direction
calibration,1,KITTI_odometry,05,5.0,100,1559,806,2.86702910518886,272.48398575014255,317.4064868823645,44.92250113222195,same_direction
calibration,1,KITTI_odometry,05,5.0,100,1559,807,3.0005334126025076,272.48398575014255,319.93849116727154,47.454505417128985,oblique
calibration,1,KITTI_odometry,05,5.0,100,1559,808,3.2018057710211107,272.48398575014255,322.49282582323343,50.00884007309088,oblique
calibration,1,KITTI_odometry,05,5.0,100,1559,809,3.4402290996712828,272.48398575014255,325.06030374289827,52.57631799275572,oblique
calibration,1,KITTI_odometry,05,5.0,100,1559,810,3.7409280287249715,272.48398575014255,327.63351236909887,55.149526618956315,oblique
calibration,1,KITTI_odometry,05,5.0,100,1559,811,4.062367687063799,272.48398575014255,330.17459667489817,57.69061092475562,oblique
calibration,1,KITTI_odometry,05,5.0,100,1559,812,4.432482704087649,272.48398575014255,332.62261948849556,60.13863373835301,oblique
calibration,1,KITTI_odometry,05,5.0,100,1559,813,4.824392870082221,272.48398575014255,335.09687339464494,62.61288764450239,oblique
calibration,1,KITTI_odometry,05,5.0,100,1560,795,4.9415230875621825,272.5425352924115,293.57312768284396,21.030592390432446,same_direction
calibration,1,KITTI_odometry,05,5.0,100,1560,796,4.642916578087394,272.5425352924115,295.382655715387,22.840120422975474,same_direction
calibration,1,KITTI_odometry,05,5.0,100,1560,797,4.361213480104936,272.5425352924115,297.24617268027094,24.70363738785943,same_direction
calibration,1,KITTI_odometry,05,5.0,100,1560,798,4.101848501864007,272.5425352924115,299.15816088098194,26.615625588570424,same_direction
calibration,1,KITTI_odometry,05,5.0,100,1560,799,3.867750460009022,272.5425352924115,301.1815593576172,28.63902406520566,same_direction
calibration,1,KITTI_odometry,05,5.0,100,1560,800,3.656722159815943,272.5425352924115,303.3028916664663,30.760356374054766,same_direction
calibration,1,KITTI_odometry,05,5.0,100,1560,801,3.476099417145027,272.5425352924115,305.49462991404107,32.952094621629556,same_direction
calibration,1,KITTI_odometry,05,5.0,100,1560,802,3.319544720607932,272.5425352924115,307.7616109642112,35.21907567179966,same_direction
calibration,1,KITTI_odometry,05,5.0,100,1560,803,3.200352847159357,272.5425352924115,310.11577424840993,37.57323895599842,same_direction
calibration,1,KITTI_odometry,05,5.0,100,1560,804,3.120446408192265,272.5425352924115,312.48764477783857,39.945109485427054,same_direction
calibration,1,KITTI_odometry,05,5.0,100,1560,805,3.1076533832459488,272.5425352924115,314.9256958241906,42.38316053177908,same_direction
calibration,1,KITTI_odometry,05,5.0,100,1560,806,3.1574862193879762,272.5425352924115,317.4064868823645,44.86395158995299,same_direction
calibration,1,KITTI_odometry,05,5.0,100,1560,807,3.2473884002331754,272.5425352924115,319.93849116727154,47.39595587486002,oblique
calibration,1,KITTI_odometry,05,5.0,100,1560,808,3.404462945130849,272.5425352924115,322.49282582323343,49.95029053082192,oblique
calibration,1,KITTI_odometry,05,5.0,100,1560,809,3.6026704642667493,272.5425352924115,325.06030374289827,52.517768450486756,oblique
calibration,1,KITTI_odometry,05,5.0,100,1560,810,3.866770296413404,272.5425352924115,327.63351236909887,55.09097707668735,oblique
calibration,1,KITTI_odometry,05,5.0,100,1560,811,4.157002608854723,272.5425352924115,330.17459667489817,57.632061382486654,oblique
calibration,1,KITTI_odometry,05,5.0,100,1560,812,4.500177611579463,272.5425352924115,332.62261948849556,60.080084196084044,oblique
calibration,1,KITTI_odometry,05,5.0,100,1560,813,4.869383082591165,272.5425352924115,335.09687339464494,62.55433810223343,oblique
calibration,1,KITTI_odometry,05,5.0,100,1561,797,4.848585566303229,272.61866694068544,297.24617268027094,24.6275057395855,same_direction
calibration,1,KITTI_odometry,05,5.0,100,1561,798,4.5873841457328375,272.61866694068544,299.15816088098194,26.539493940296495,same_direction
calibration,1,KITTI_odometry,05,5.0,100,1561,799,4.34976126726985,272.61866694068544,301.1815593576172,28.56289241693173,same_direction
calibration,1,KITTI_odometry,05,5.0,100,1561,800,4.1333680848378345,272.61866694068544,303.3028916664663,30.684224725780837,same_direction
calibration,1,KITTI_odometry,05,5.0,100,1561,801,3.9439958982769,272.61866694068544,305.49462991404107,32.87596297335563,same_direction
calibration,1,KITTI_odometry,05,5.0,100,1561,802,3.7755700733829607,272.61866694068544,307.7616109642112,35.14294402352573,same_direction
calibration,1,KITTI_odometry,05,5.0,100,1561,803,3.638640162972979,272.61866694068544,310.11577424840993,37.49710730772449,same_direction
calibration,1,KITTI_odometry,05,5.0,100,1561,804,3.535746802863723,272.61866694068544,312.48764477783857,39.868977837153125,same_direction
calibration,1,KITTI_odometry,05,5.0,100,1561,805,3.491984567801099,272.61866694068544,314.9256958241906,42.307028883505154,same_direction
calibration,1,KITTI_odometry,05,5.0,100,1561,806,3.5050838994631808,272.61866694068544,317.4064868823645,44.78781994167906,same_direction
calibration,1,KITTI_odometry,05,5.0,100,1561,807,3.5558257005995144,272.61866694068544,319.93849116727154,47.31982422658609,oblique
calibration,1,KITTI_odometry,05,5.0,100,1561,808,3.6709037852545343,272.61866694068544,322.49282582323343,49.87415888254799,oblique
calibration,1,KITTI_odometry,05,5.0,100,1561,809,3.8288962796191095,272.61866694068544,325.06030374289827,52.44163680221283,oblique
calibration,1,KITTI_odometry,05,5.0,100,1561,810,4.054354069404407,272.61866694068544,327.63351236909887,55.01484542841342,oblique
calibration,1,KITTI_odometry,05,5.0,100,1561,811,4.310306660136382,272.61866694068544,330.17459667489817,57.555929734212725,oblique
calibration,1,KITTI_odometry,05,5.0,100,1561,812,4.622630650119488,272.61866694068544,332.62261948849556,60.003952547810115,oblique
calibration,1,KITTI_odometry,05,5.0,100,1561,813,4.965068266037853,272.61866694068544,335.09687339464494,62.4782064539595,oblique
calibration,1,KITTI_odometry,05,5.0,100,1562,799,4.851192668551622,272.72604729580956,301.1815593576172,28.45551206180761,same_direction
calibration,1,KITTI_odometry,05,5.0,100,1562,800,4.630625572004283,272.72604729580956,303.3028916664663,30.576844370656715,same_direction
calibration,1,KITTI_odometry,05,5.0,100,1562,801,4.434447274802241,272.72604729580956,305.49462991404107,32.768582618231505,same_direction
calibration,1,KITTI_odometry,05,5.0,100,1562,802,4.2568211785980665,272.72604729580956,307.7616109642112,35.03556366840161,same_direction
calibration,1,KITTI_odometry,05,5.0,100,1562,803,4.106091900610122,272.72604729580956,310.11577424840993,37.38972695260037,same_direction
calibration,1,KITTI_odometry,05,5.0,100,1562,804,3.9851819744961534,272.72604729580956,312.48764477783857,39.761597482029,same_direction
calibration,1,KITTI_odometry,05,5.0,100,1562,805,3.916595606703487,272.72604729580956,314.9256958241906,42.19964852838103,same_direction
calibration,1,KITTI_odometry,05,5.0,100,1562,806,3.8993185827787973,272.72604729580956,317.4064868823645,44.68043958655494,same_direction
calibration,1,KITTI_odometry,05,5.0,100,1562,807,3.916550584710488,272.72604729580956,319.93849116727154,47.21244387146197,oblique
calibration,1,KITTI_odometry,05,5.0,100,1562,808,3.994006852785822,272.72604729580956,322.49282582323343,49.76677852742387,oblique
calibration,1,KITTI_odometry,05,5.0,100,1562,809,4.114325739886076,272.72604729580956,325.06030374289827,52.334256447088705,oblique
calibration,1,KITTI_odometry,05,5.0,100,1562,810,4.301726554599226,272.72604729580956,327.63351236909887,54.9074650732893,oblique
calibration,1,KITTI_odometry,05,5.0,100,1562,811,4.522549182306823,272.72604729580956,330.17459667489817,57.448549379088604,oblique
calibration,1,KITTI_odometry,05,5.0,100,1562,812,4.801913560119985,272.72604729580956,332.62261948849556,59.896572192685994,oblique
calibration,1,KITTI_odometry,05,5.0,100,1563,801,4.946576876330642,272.7687616412848,305.49462991404107,32.72586827275626,same_direction
calibration,1,KITTI_odometry,05,5.0,100,1563,802,4.761171417410743,272.7687616412848,307.7616109642112,34.99284932292636,same_direction
calibration,1,KITTI_odometry,05,5.0,100,1563,803,4.59891087572743,272.7687616412848,310.11577424840993,37.34701260712512,same_direction
calibration,1,KITTI_odometry,05,5.0,100,1563,804,4.46304628252599,272.7687616412848,312.48764477783857,39.71888313655376,same_direction
calibration,1,KITTI_odometry,05,5.0,100,1563,805,4.373711026047451,272.7687616412848,314.9256958241906,42.156934182905786,same_direction
calibration,1,KITTI_odometry,05,5.0,100,1563,806,4.330659067124084,272.7687616412848,317.4064868823645,44.63772524107969,same_direction
calibration,1,KITTI_odometry,05,5.0,100,1563,807,4.318898921762358,272.7687616412848,319.93849116727154,47.169729525986725,oblique
calibration,1,KITTI_odometry,05,5.0,100,1563,808,4.362761751369893,272.7687616412848,322.49282582323343,49.72406418194862,oblique
calibration,1,KITTI_odometry,05,5.0,100,1563,809,4.448293800158561,272.7687616412848,325.06030374289827,52.29154210161346,oblique
calibration,1,KITTI_odometry,05,5.0,100,1563,810,4.59908764468825,272.7687616412848,327.63351236909887,54.864750727814055,oblique
calibration,1,KITTI_odometry,05,5.0,100,1563,811,4.784919255795661,272.7687616412848,330.17459667489817,57.40583503361336,oblique
calibration,1,KITTI_odometry,05,5.0,100,1564,804,4.962814020634764,272.79423763471755,312.48764477783857,39.69340714312102,same_direction
calibration,1,KITTI_odometry,05,5.0,100,1564,805,4.855820436837525,272.79423763471755,314.9256958241906,42.13145818947305,same_direction
calibration,1,KITTI_odometry,05,5.0,100,1564,806,4.790697951729367,272.79423763471755,317.4064868823645,44.61224924764696,same_direction
calibration,1,KITTI_odometry,05,5.0,100,1564,807,4.75385541193671,272.79423763471755,319.93849116727154,47.14425353255399,oblique
calibration,1,KITTI_odometry,05,5.0,100,1564,808,4.768021413552583,272.79423763471755,322.49282582323343,49.698588188515885,oblique
calibration,1,KITTI_odometry,05,5.0,100,1564,809,4.822032624191686,272.79423763471755,325.06030374289827,52.26606610818072,oblique
calibration,1,KITTI_odometry,05,5.0,100,1564,810,4.938549246222413,272.79423763471755,327.63351236909887,54.83927473438132,oblique
