split,event_id,dataset,sequence,spatial_radius_m,temporal_exclusion_frames,query_frame,reference_frame,spatial_distance_m,query_heading_deg,reference_heading_deg,heading_difference_deg,traversal_class
stress,3,KITTI_odometry,05,5.0,100,2571,1553,4.940842122608652,359.0526532955881,272.82674913966946,86.22590415591861,oblique
stress,3,KITTI_odometry,05,5.0,100,2571,1554,4.863235648557569,359.0526532955881,272.6288248064948,86.4238284890933,oblique
stress,3,KITTI_odometry,05,5.0,100,2571,1555,4.800380766465935,359.0526532955881,272.46145741527175,86.59119588031632,oblique
stress,3,KITTI_odometry,05,5.0,100,2571,1556,4.756811168404308,359.0526532955881,272.35795289145284,86.69470040413523,oblique
stress,3,KITTI_odometry,05,5.0,100,2571,1557,4.740764716079572,359.0526532955881,272.3718289932233,86.68082430236478,oblique
stress,3,KITTI_odometry,05,5.0,100,2571,1558,4.761374356560924,359.0526532955881,272.4230306231891,86.62962267239897,oblique
stress,3,KITTI_odometry,05,5.0,100,2571,1559,4.827071942066842,359.0526532955881,272.48398575014255,86.56866754544552,oblique
stress,3,KITTI_odometry,05,5.0,100,2571,1560,4.940668164991866,359.0526532955881,272.5425352924115,86.51011800317656,oblique
stress,3,KITTI_odometry,05,5.0,100,2572,797,4.992232851846548,358.9976686796237,297.24617268027094,61.751495999352755,oblique
stress,3,KITTI_odometry,05,5.0,100,2572,798,4.985539642206139,358.9976686796237,299.15816088098194,59.83950779864176,oblique
stress,3,KITTI_odometry,05,5.0,100,2572,1546,4.895843488443181,358.9976686796237,274.16444021405874,84.83322846556496,oblique
stress,3,KITTI_odometry,05,5.0,100,2572,1547,4.767485773245682,358.9976686796237,274.00425657387973,84.99341210574397,oblique
stress,3,KITTI_odometry,05,5.0,100,2572,1548,4.636117827804741,358.9976686796237,273.8253355470306,85.17233313259311,oblique
stress,3,KITTI_odometry,05,5.0,100,2572,1549,4.504157906330104,358.9976686796237,273.6403478018051,85.35732087781861,oblique
stress,3,KITTI_odometry,05,5.0,100,2572,1550,4.370089558290074,358.9976686796237,273.4525652859495,85.5451033936742,oblique
stress,3,KITTI_odometry,05,5.0,100,2572,1551,4.237114190014837,358.9976686796237,273.25008459985054,85.74758407977316,oblique
stress,3,KITTI_odometry,05,5.0,100,2572,1552,4.110034169995309,358.9976686796237,273.0395016663024,85.95816701332132,oblique
stress,3,KITTI_odometry,05,5.0,100,2572,1553,3.9954911438821816,358.9976686796237,272.82674913966946,86.17091953995424,oblique
stress,3,KITTI_odometry,05,5.0,100,2572,1554,3.8937850349828116,358.9976686796237,272.6288248064948,86.36884387312892,oblique
stress,3,KITTI_odometry,05,5.0,100,2572,1555,3.810119145629048,358.9976686796237,272.46145741527175,86.53621126435195,oblique
stress,3,KITTI_odometry,05,5.0,100,2572,1556,3.7504430642643993,358.9976686796237,272.35795289145284,86.63971578817086,oblique
stress,3,KITTI_odometry,05,5.0,100,2572,1557,3.7253402431890685,358.9976686796237,272.3718289932233,86.62583968640041,oblique
stress,3,KITTI_odometry,05,5.0,100,2572,1558,3.74586032013594,358.9976686796237,272.4230306231891,86.5746380564346,oblique
stress,3,KITTI_odometry,05,5.0,100,2572,1559,3.82186002007608,358.9976686796237,272.48398575014255,86.51368292948115,oblique
stress,3,KITTI_odometry,05,5.0,100,2572,1560,3.9563323381992364,358.9976686796237,272.5425352924115,86.45513338721219,oblique
stress,3,KITTI_odometry,05,5.0,100,2572,1561,4.147966571678702,358.9976686796237,272.61866694068544,86.37900173893826,oblique
stress,3,KITTI_odometry,05,5.0,100,2572,1562,4.39260353361465,358.9976686796237,272.72604729580956,86.27162138381414,oblique
stress,3,KITTI_odometry,05,5.0,100,2572,1563,4.696765526931903,358.9976686796237,272.7687616412848,86.22890703833889,oblique
stress,3,KITTI_odometry,05,5.0,100,2573,793,4.875705340092662,358.86541121896477,290.29132759808806,68.5740836208767,oblique
stress,3,KITTI_odometry,05,5.0,100,2573,794,4.669389476227716,358.86541121896477,291.94005990750156,66.9253513114632,oblique
stress,3,KITTI_odometry,05,5.0,100,2573,795,4.509130175256746,358.86541121896477,293.57312768284396,65.2922835361208,oblique
stress,3,KITTI_odometry,05,5.0,100,2573,796,4.37349315048706,358.86541121896477,295.382655715387,63.48275550357778,oblique
stress,3,KITTI_odometry,05,5.0,100,2573,797,4.2701079355474105,358.86541121896477,297.24617268027094,61.61923853869382,oblique
stress,3,KITTI_odometry,05,5.0,100,2573,798,4.213341035562628,358.86541121896477,299.15816088098194,59.70725033798283,oblique
stress,3,KITTI_odometry,05,5.0,100,2573,799,4.199881771907877,358.86541121896477,301.1815593576172,57.68385186134759,oblique
stress,3,KITTI_odometry,05,5.0,100,2573,800,4.210489735377696,358.86541121896477,303.3028916664663,55.562519552498486,oblique
stress,3,KITTI_odometry,05,5.0,100,2573,801,4.2708557748540334,358.86541121896477,305.49462991404107,53.370781304923696,oblique
stress,3,KITTI_odometry,05,5.0,100,2573,802,4.349249859955628,358.86541121896477,307.7616109642112,51.103800254753594,oblique
stress,3,KITTI_odometry,05,5.0,100,2573,803,4.478264160128239,358.86541121896477,310.11577424840993,48.74963697055483,oblique
stress,3,KITTI_odometry,05,5.0,100,2573,804,4.633806831932478,358.86541121896477,312.48764477783857,46.3777664411262,oblique
stress,3,KITTI_odometry,05,5.0,100,2573,805,4.850538871719726,358.86541121896477,314.9256958241906,43.93971539477417,same_direction
stress,3,KITTI_odometry,05,5.0,100,2573,1541,4.997284534389197,358.86541121896477,274.8113577593222,84.05405345964255,oblique
stress,3,KITTI_odometry,05,5.0,100,2573,1542,4.8382241391259795,358.86541121896477,274.69644546273764,84.16896575622712,oblique
stress,3,KITTI_odometry,05,5.0,100,2573,1543,4.680651588409156,358.86541121896477,274.5754215534576,84.28998966550716,oblique
stress,3,KITTI_odometry,05,5.0,100,2573,1544,4.523915391295472,358.86541121896477,274.44289564082226,84.42251557814251,oblique
stress,3,KITTI_odometry,05,5.0,100,2573,1545,4.36980321904733,358.86541121896477,274.3005586839453,84.56485253501944,oblique
stress,3,KITTI_odometry,05,5.0,100,2573,1546,4.218092848444868,358.86541121896477,274.16444021405874,84.70097100490602,oblique
stress,3,KITTI_odometry,05,5.0,100,2573,1547,4.065661389963632,358.86541121896477,274.00425657387973,84.86115464508504,oblique
stress,3,KITTI_odometry,05,5.0,100,2573,1548,3.908173399480119,358.86541121896477,273.8253355470306,85.04007567193418,oblique
stress,3,KITTI_odometry,05,5.0,100,2573,1549,3.746848261994207,358.86541121896477,273.6403478018051,85.22506341715967,oblique
stress,3,KITTI_odometry,05,5.0,100,2573,1550,3.5797747222450984,358.86541121896477,273.4525652859495,85.41284593301526,oblique
stress,3,KITTI_odometry,05,5.0,100,2573,1551,3.4107327591525096,358.86541121896477,273.25008459985054,85.61532661911423,oblique
stress,3,KITTI_odometry,05,5.0,100,2573,1552,3.2454079184620306,358.86541121896477,273.0395016663024,85.82590955266238,oblique
stress,3,KITTI_odometry,05,5.0,100,2573,1553,3.0920180427035002,358.86541121896477,272.82674913966946,86.0386620792953,oblique
stress,3,KITTI_odometry,05,5.0,100,2573,1554,2.952431562665779,358.86541121896477,272.6288248064948,86.23658641246999,oblique
stress,3,KITTI_odometry,05,5.0,100,2573,1555,2.834674388144791,358.86541121896477,272.46145741527175,86.40395380369301,oblique
stress,3,KITTI_odometry,05,5.0,100,2573,1556,2.747668080464593,358.86541121896477,272.35795289145284,86.50745832751193,oblique
stress,3,KITTI_odometry,05,5.0,100,2573,1557,2.7068516091210126,358.86541121896477,272.3718289932233,86.49358222574148,oblique
stress,3,KITTI_odometry,05,5.0,100,2573,1558,2.727291054255848,358.86541121896477,272.4230306231891,86.44238059577566,oblique
stress,3,KITTI_odometry,05,5.0,100,2573,1559,2.8211230928849917,358.86541121896477,272.48398575014255,86.38142546882221,oblique
stress,3,KITTI_odometry,05,5.0,100,2573,1560,2.9902036814879445,358.86541121896477,272.5425352924115,86.32287592655325,oblique
stress,3,KITTI_odometry,05,5.0,100,2573,1561,3.2297438738898476,358.86541121896477,272.61866694068544,86.24674427827932,oblique
stress,3,KITTI_odometry,05,5.0,100,2573,1562,3.530110907153054,358.86541121896477,272.72604729580956,86.1393639231552,oblique
stress,3,KITTI_odometry,05,5.0,100,2573,1563,3.892552341590921,358.86541121896477,272.7687616412848,86.09664957767995,oblique
stress,3,KITTI_odometry,05,5.0,100,2573,1564,4.308528941764821,358.86541121896477,272.79423763471755,86.07117358424722,oblique
stress,3,KITTI_odometry,05,5.0,100,2573,1565,4.764320073715033,358.86541121896477,272.83598773599226,86.0294234829725,oblique
stress,3,KITTI_odometry,05,5.0,100,2574,792,4.806520454828007,358.72215280539984,288.86786031766155,69.85429248773829,oblique
stress,3,KITTI_odometry,05,5.0,100,2574,793,4.535578427775297,358.72215280539984,290.29132759808806,68.43082520731178,oblique
stress,3,KITTI_odometry,05,5.0,100,2574,794,4.273737376812534,358.72215280539984,291.94005990750156,66.78209289789828,oblique
stress,3,KITTI_odometry,05,5.0,100,2574,795,4.055970296299428,358.72215280539984,293.57312768284396,65.14902512255588,oblique
stress,3,KITTI_odometry,05,5.0,100,2574,796,3.856504835839228,358.72215280539984,295.382655715387,63.339497090012856,oblique
stress,3,KITTI_odometry,05,5.0,100,2574,797,3.688104979009671,358.72215280539984,297.24617268027094,61.4759801251289,oblique
stress,3,KITTI_odometry,05,5.0,100,2574,798,3.5646001183898477,358.72215280539984,299.15816088098194,59.563991924417905,oblique
stress,3,KITTI_odometry,05,5.0,100,2574,799,3.48627876575138,358.72215280539984,301.1815593576172,57.54059344778267,oblique
stress,3,KITTI_odometry,05,5.0,100,2574,800,3.4386062691299637,358.72215280539984,303.3028916664663,55.419261138933564,oblique
stress,3,KITTI_odometry,05,5.0,100,2574,801,3.4444762401794784,358.72215280539984,305.49462991404107,53.227522891358774,oblique
stress,3,KITTI_odometry,05,5.0,100,2574,802,3.4766666885856274,358.72215280539984,307.7616109642112,50.96054184118867,oblique
stress,3,KITTI_odometry,05,5.0,100,2574,803,3.5648347435492673,358.72215280539984,310.11577424840993,48.60637855698991,oblique
stress,3,KITTI_odometry,05,5.0,100,2574,804,3.687897949858291,358.72215280539984,312.48764477783857,46.234508027561276,oblique
stress,3,KITTI_odometry,05,5.0,100,2574,805,3.878967376656956,358.72215280539984,314.9256958241906,43.796456981209246,same_direction
stress,3,KITTI_odometry,05,5.0,100,2574,806,4.114650648344756,358.72215280539984,317.4064868823645,41.31566592303534,same_direction
stress,3,KITTI_odometry,05,5.0,100,2574,807,4.364428484880458,358.72215280539984,319.93849116727154,38.78366163812831,same_direction
stress,3,KITTI_odometry,05,5.0,100,2574,808,4.661132871620372,358.72215280539984,322.49282582323343,36.22932698216641,same_direction
stress,3,KITTI_odometry,05,5.0,100,2574,809,4.972755357164572,358.72215280539984,325.06030374289827,33.661849062501574,same_direction
stress,3,KITTI_odometry,05,5.0,100,2574,1539,4.952337658157001,358.72215280539984,275.0438102263431,83.67834257905673,oblique
stress,3,KITTI_odometry,05,5.0,100,2574,1540,4.768097740454524,358.72215280539984,274.9250354033573,83.79711740204255,oblique
stress,3,KITTI_odometry,05,5.0,100,2574,1541,4.586408974228487,358.72215280539984,274.8113577593222,83.91079504607762,oblique
stress,3,KITTI_odometry,05,5.0,100,2574,1542,4.407369954068851,358.72215280539984,274.69644546273764,84.0257073426622,oblique
stress,3,KITTI_odometry,05,5.0,100,2574,1543,4.228984353414462,358.72215280539984,274.5754215534576,84.14673125194224,oblique
stress,3,KITTI_odometry,05,5.0,100,2574,1544,4.050380959114956,358.72215280539984,274.44289564082226,84.27925716457759,oblique
stress,3,KITTI_odometry,05,5.0,100,2574,1545,3.8733482962284143,358.72215280539984,274.3005586839453,84.42159412145452,oblique
stress,3,KITTI_odometry,05,5.0,100,2574,1546,3.697639656808367,358.72215280539984,274.16444021405874,84.5577125913411,oblique
stress,3,KITTI_odometry,05,5.0,100,2574,1547,3.5197460453936102,358.72215280539984,274.00425657387973,84.71789623152011,oblique
stress,3,KITTI_odometry,05,5.0,100,2574,1548,3.3337020505079553,358.72215280539984,273.8253355470306,84.89681725836925,oblique
stress,3,KITTI_odometry,05,5.0,100,2574,1549,3.138645138817697,358.72215280539984,273.6403478018051,85.08180500359475,oblique
stress,3,KITTI_odometry,05,5.0,100,2574,1550,2.931562967868153,358.72215280539984,273.4525652859495,85.26958751945034,oblique
stress,3,KITTI_odometry,05,5.0,100,2574,1551,2.7160123494875728,358.72215280539984,273.25008459985054,85.4720682055493,oblique
stress,3,KITTI_odometry,05,5.0,100,2574,1552,2.497643712707035,358.72215280539984,273.0395016663024,85.68265113909746,oblique
stress,3,KITTI_odometry,05,5.0,100,2574,1553,2.285637075112526,358.72215280539984,272.82674913966946,85.89540366573038,oblique
stress,3,KITTI_odometry,05,5.0,100,2574,1554,2.0834757168241747,358.72215280539984,272.6288248064948,86.09332799890507,oblique
stress,3,KITTI_odometry,05,5.0,100,2574,1555,1.90378293819463,358.72215280539984,272.46145741527175,86.26069539012809,oblique
stress,3,KITTI_odometry,05,5.0,100,2574,1556,1.7624544580104586,358.72215280539984,272.35795289145284,86.364199913947,oblique
stress,3,KITTI_odometry,05,5.0,100,2574,1557,1.6884424995835543,358.72215280539984,272.3718289932233,86.35032381217655,oblique
stress,3,KITTI_odometry,05,5.0,100,2574,1558,1.709382851476209,358.72215280539984,272.4230306231891,86.29912218221074,oblique
stress,3,KITTI_odometry,05,5.0,100,2574,1559,1.841338664972834,358.72215280539984,272.48398575014255,86.23816705525729,oblique
stress,3,KITTI_odometry,05,5.0,100,2574,1560,2.076607318211362,358.72215280539984,272.5425352924115,86.17961751298833,oblique
stress,3,KITTI_odometry,05,5.0,100,2574,1561,2.3962038066775437,358.72215280539984,272.61866694068544,86.1034858647144,oblique
stress,3,KITTI_odometry,05,5.0,100,2574,1562,2.777794842028461,358.72215280539984,272.72604729580956,85.99610550959028,oblique
stress,3,KITTI_odometry,05,5.0,100,2574,1563,3.2148036825093884,358.72215280539984,272.7687616412848,85.95339116411503,oblique
stress,3,KITTI_odometry,05,5.0,100,2574,1564,3.6948574527789297,358.72215280539984,272.79423763471755,85.9279151706823,oblique
stress,3,KITTI_odometry,05,5.0,100,2574,1565,4.205000717569613,358.72215280539984,272.83598773599226,85.88616506940758,oblique
stress,3,KITTI_odometry,05,5.0,100,2574,1566,4.742346524561962,358.72215280539984,272.8193694824465,85.90278332295333,oblique
stress,3,KITTI_odometry,05,5.0,100,2575,792,4.71457991587917,358.6173572623161,288.86786031766155,69.74949694465454,oblique
stress,3,KITTI_odometry,05,5.0,100,2575,793,4.405234111122342,358.6173572623161,290.29132759808806,68.32602966422803,oblique
stress,3,KITTI_odometry,05,5.0,100,2575,794,4.094374287715193,358.6173572623161,291.94005990750156,66.67729735481453,oblique
stress,3,KITTI_odometry,05,5.0,100,2575,795,3.8220845469651894,358.6173572623161,293.57312768284396,65.04422957947213,oblique
stress,3,KITTI_odometry,05,5.0,100,2575,796,3.55778285627071,358.6173572623161,295.382655715387,63.2347015469291,oblique
stress,3,KITTI_odometry,05,5.0,100,2575,797,3.318352714679979,358.6173572623161,297.24617268027094,61.371184582045146,oblique
stress,3,KITTI_odometry,05,5.0,100,2575,798,3.114831742770222,358.6173572623161,299.15816088098194,59.45919638133415,oblique
stress,3,KITTI_odometry,05,5.0,100,2575,799,2.951480180354428,358.6173572623161,301.1815593576172,57.435797904698916,oblique
stress,3,KITTI_odometry,05,5.0,100,2575,800,2.821712530514752,358.6173572623161,303.3028916664663,55.31446559584981,oblique
stress,3,KITTI_odometry,05,5.0,100,2575,801,2.744216246982188,358.6173572623161,305.49462991404107,53.12272734827502,oblique
stress,3,KITTI_odometry,05,5.0,100,2575,802,2.7019349498907266,358.6173572623161,307.7616109642112,50.85574629810492,oblique
stress,3,KITTI_odometry,05,5.0,100,2575,803,2.7207932445145513,358.6173572623161,310.11577424840993,48.501583013906156,oblique
stress,3,KITTI_odometry,05,5.0,100,2575,804,2.7874439027584095,358.6173572623161,312.48764477783857,46.12971248447752,oblique
stress,3,KITTI_odometry,05,5.0,100,2575,805,2.9333525563806697,358.6173572623161,314.9256958241906,43.69166143812549,same_direction
stress,3,KITTI_odometry,05,5.0,100,2575,806,3.13667994063787,358.6173572623161,317.4064868823645,41.21087037995159,same_direction
stress,3,KITTI_odometry,05,5.0,100,2575,807,3.3646354543908616,358.6173572623161,319.93849116727154,38.678866095044555,same_direction
stress,3,KITTI_odometry,05,5.0,100,2575,808,3.6470537389163935,358.6173572623161,322.49282582323343,36.12453143908266,same_direction
stress,3,KITTI_odometry,05,5.0,100,2575,809,3.950252111476561,358.6173572623161,325.06030374289827,33.55705351941782,same_direction
stress,3,KITTI_odometry,05,5.0,100,2575,810,4.303214263791665,358.6173572623161,327.63351236909887,30.983844893217224,same_direction
stress,3,KITTI_odometry,05,5.0,100,2575,811,4.6656209289761215,358.6173572623161,330.17459667489817,28.442760587417922,same_direction
stress,3,KITTI_odometry,05,5.0,100,2575,1538,4.96057130105242,358.6173572623161,275.16226505812494,83.45509220419115,oblique
stress,3,KITTI_odometry,05,5.0,100,2575,1539,4.764747245074392,358.6173572623161,275.0438102263431,83.57354703597298,oblique
stress,3,KITTI_odometry,05,5.0,100,2575,1540,4.568723335812752,358.6173572623161,274.9250354033573,83.69232185895879,oblique
stress,3,KITTI_odometry,05,5.0,100,2575,1541,4.373644373227116,358.6173572623161,274.8113577593222,83.80599950299387,oblique
stress,3,KITTI_odometry,05,5.0,100,2575,1542,4.180304744507761,358.6173572623161,274.69644546273764,83.92091179957845,oblique
stress,3,KITTI_odometry,05,5.0,100,2575,1543,3.986967818226377,358.6173572623161,274.5754215534576,84.04193570885849,oblique
stress,3,KITTI_odometry,05,5.0,100,2575,1544,3.792552765508874,358.6173572623161,274.44289564082226,84.17446162149383,oblique
stress,3,KITTI_odometry,05,5.0,100,2575,1545,3.5987346001098786,358.6173572623161,274.3005586839453,84.31679857837076,oblique
stress,3,KITTI_odometry,05,5.0,100,2575,1546,3.4052222947960904,358.6173572623161,274.16444021405874,84.45291704825735,oblique
stress,3,KITTI_odometry,05,5.0,100,2575,1547,3.208243805990436,358.6173572623161,274.00425657387973,84.61310068843636,oblique
stress,3,KITTI_odometry,05,5.0,100,2575,1548,3.00018772909313,358.6173572623161,273.8253355470306,84.7920217152855,oblique
stress,3,KITTI_odometry,05,5.0,100,2575,1549,2.777386862232195,358.6173572623161,273.6403478018051,84.977009460511,oblique
stress,3,KITTI_odometry,05,5.0,100,2575,1550,2.53513228525929,358.6173572623161,273.4525652859495,85.16479197636659,oblique
stress,3,KITTI_odometry,05,5.0,100,2575,1551,2.2753344819522723,358.6173572623161,273.25008459985054,85.36727266246555,oblique
stress,3,KITTI_odometry,05,5.0,100,2575,1552,2.0010085326277363,358.6173572623161,273.0395016663024,85.5778555960137,oblique
stress,3,KITTI_odometry,05,5.0,100,2575,1553,1.718018127385445,358.6173572623161,272.82674913966946,85.79060812264663,oblique
stress,3,KITTI_odometry,05,5.0,100,2575,1554,1.425718454753257,358.6173572623161,272.6288248064948,85.98853245582131,oblique
stress,3,KITTI_odometry,05,5.0,100,2575,1555,1.1337311549044615,358.6173572623161,272.46145741527175,86.15589984704434,oblique
stress,3,KITTI_odometry,05,5.0,100,2575,1556,0.8598120462060231,358.6173572623161,272.35795289145284,86.25940437086325,oblique
stress,3,KITTI_odometry,05,5.0,100,2575,1557,0.6752017790290518,358.6173572623161,272.3718289932233,86.2455282690928,oblique
stress,3,KITTI_odometry,05,5.0,100,2575,1558,0.7015612054845863,358.6173572623161,272.4230306231891,86.19432663912698,oblique
stress,3,KITTI_odometry,05,5.0,100,2575,1559,0.9560117572498714,358.6173572623161,272.48398575014255,86.13337151217354,oblique
stress,3,KITTI_odometry,05,5.0,100,2575,1560,1.3343383512531615,358.6173572623161,272.5425352924115,86.07482196990458,oblique
stress,3,KITTI_odometry,05,5.0,100,2575,1561,1.776340281442717,358.6173572623161,272.61866694068544,85.99869032163065,oblique
stress,3,KITTI_odometry,05,5.0,100,2575,1562,2.253835825077767,358.6173572623161,272.72604729580956,85.89130996650653,oblique
stress,3,KITTI_odometry,05,5.0,100,2575,1563,2.76286282165148,358.6173572623161,272.7687616412848,85.84859562103128,oblique
stress,3,KITTI_odometry,05,5.0,100,2575,1564,3.2958005868535207,358.6173572623161,272.79423763471755,85.82311962759854,oblique
stress,3,KITTI_odometry,05,5.0,100,2575,1565,3.8462359512386897,358.6173572623161,272.83598773599226,85.78136952632383,oblique
stress,3,KITTI_odometry,05,5.0,100,2575,1566,4.4167069953494735,358.6173572623161,272.8193694824465,85.79798777986957,oblique
stress,3,KITTI_odometry,05,5.0,100,2576,792,4.846100337841369,358.52508738101136,288.86786031766155,69.65722706334981,oblique
stress,3,KITTI_odometry,05,5.0,100,2576,793,4.513535698879629,358.52508738101136,290.29132759808806,68.2337597829233,oblique
stress,3,KITTI_odometry,05,5.0,100,2576,794,4.170435762802645,358.52508738101136,291.94005990750156,66.5850274735098,oblique
stress,3,KITTI_odometry,05,5.0,100,2576,795,3.85921732975225,358.52508738101136,293.57312768284396,64.9519596981674,oblique
stress,3,KITTI_odometry,05,5.0,100,2576,796,3.545260171394866,358.52508738101136,295.382655715387,63.14243166562437,oblique
stress,3,KITTI_odometry,05,5.0,100,2576,797,3.2472637262854103,358.52508738101136,297.24617268027094,61.278914700740415,oblique
stress,3,KITTI_odometry,05,5.0,100,2576,798,2.9698047942152703,358.52508738101136,299.15816088098194,59.36692650002942,oblique
stress,3,KITTI_odometry,05,5.0,100,2576,799,2.718052493679988,358.52508738101136,301.1815593576172,57.343528023394185,oblique
stress,3,KITTI_odometry,05,5.0,100,2576,800,2.49347318716063,358.52508738101136,303.3028916664663,55.22219571454508,oblique
stress,3,KITTI_odometry,05,5.0,100,2576,801,2.3047495467785653,358.52508738101136,305.49462991404107,53.03045746697029,oblique
stress,3,KITTI_odometry,05,5.0,100,2576,802,2.150854652833613,358.52508738101136,307.7616109642112,50.76347641680019,oblique
stress,3,KITTI_odometry,05,5.0,100,2576,803,2.051137295336665,358.52508738101136,310.11577424840993,48.409313132601426,oblique
stress,3,KITTI_odometry,05,5.0,100,2576,804,2.0115008821524336,358.52508738101136,312.48764477783857,46.03744260317279,oblique
stress,3,KITTI_odometry,05,5.0,100,2576,805,2.065569585586505,358.52508738101136,314.9256958241906,43.59939155682076,same_direction
stress,3,KITTI_odometry,05,5.0,100,2576,806,2.2017336420704923,358.52508738101136,317.4064868823645,41.118600498646856,same_direction
stress,3,KITTI_odometry,05,5.0,100,2576,807,2.3854657157395915,358.52508738101136,319.93849116727154,38.586596213739824,same_direction
stress,3,KITTI_odometry,05,5.0,100,2576,808,2.6399502297901436,358.52508738101136,322.49282582323343,36.03226155777793,same_direction
stress,3,KITTI_odometry,05,5.0,100,2576,809,2.9275472005759395,358.52508738101136,325.06030374289827,33.46478363811309,same_direction
stress,3,KITTI_odometry,05,5.0,100,2576,810,3.272435625833613,358.52508738101136,327.63351236909887,30.891575011912494,same_direction
stress,3,KITTI_odometry,05,5.0,100,2576,811,3.6313417313749206,358.52508738101136,330.17459667489817,28.35049070611319,same_direction
stress,3,KITTI_odometry,05,5.0,100,2576,812,4.033081863508485,358.52508738101136,332.62261948849556,25.9024678925158,same_direction
stress,3,KITTI_odometry,05,5.0,100,2576,813,4.451339083357397,358.52508738101136,335.09687339464494,23.428213986366416,same_direction
stress,3,KITTI_odometry,05,5.0,100,2576,814,4.906765920307293,358.52508738101136,337.5121351847531,21.012952196258254,same_direction
stress,3,KITTI_odometry,05,5.0,100,2576,1538,4.994757998245248,358.52508738101136,275.16226505812494,83.36282232288642,oblique
stress,3,KITTI_odometry,05,5.0,100,2576,1539,4.796646048351806,358.52508738101136,275.0438102263431,83.48127715466825,oblique
stress,3,KITTI_odometry,05,5.0,100,2576,1540,4.597754882856417,358.52508738101136,274.9250354033573,83.60005197765406,oblique
stress,3,KITTI_odometry,05,5.0,100,2576,1541,4.398840978820528,358.52508738101136,274.8113577593222,83.71372962168914,oblique
stress,3,KITTI_odometry,05,5.0,100,2576,1542,4.201450949058443,358.52508738101136,274.69644546273764,83.82864191827372,oblique
stress,3,KITTI_odometry,05,5.0,100,2576,1543,4.004314300870103,358.52508738101136,274.5754215534576,83.94966582755376,oblique
stress,3,KITTI_odometry,05,5.0,100,2576,1544,3.806334343623008,358.52508738101136,274.44289564082226,84.0821917401891,oblique
stress,3,KITTI_odometry,05,5.0,100,2576,1545,3.6091087883864095,358.52508738101136,274.3005586839453,84.22452869706603,oblique
stress,3,KITTI_odometry,05,5.0,100,2576,1546,3.412496614230023,358.52508738101136,274.16444021405874,84.36064716695262,oblique
stress,3,KITTI_odometry,05,5.0,100,2576,1547,3.213028883779448,358.52508738101136,274.00425657387973,84.52083080713163,oblique
stress,3,KITTI_odometry,05,5.0,100,2576,1548,3.002519174456011,358.52508738101136,273.8253355470306,84.69975183398077,oblique
stress,3,KITTI_odometry,05,5.0,100,2576,1549,2.775425472900507,358.52508738101136,273.6403478018051,84.88473957920627,oblique
stress,3,KITTI_odometry,05,5.0,100,2576,1550,2.527036805685467,358.52508738101136,273.4525652859495,85.07252209506186,oblique
stress,3,KITTI_odometry,05,5.0,100,2576,1551,2.2591160342788923,358.52508738101136,273.25008459985054,85.27500278116082,oblique
stress,3,KITTI_odometry,05,5.0,100,2576,1552,1.9737577260454227,358.52508738101136,273.0395016663024,85.48558571470898,oblique
stress,3,KITTI_odometry,05,5.0,100,2576,1553,1.674732690431523,358.52508738101136,272.82674913966946,85.6983382413419,oblique
stress,3,KITTI_odometry,05,5.0,100,2576,1554,1.3601489242906417,358.52508738101136,272.6288248064948,85.89626257451658,oblique
stress,3,KITTI_odometry,05,5.0,100,2576,1555,1.0352273662225113,358.52508738101136,272.46145741527175,86.06362996573961,oblique
stress,3,KITTI_odometry,05,5.0,100,2576,1556,0.7053935518389768,358.52508738101136,272.35795289145284,86.16713448955852,oblique
stress,3,KITTI_odometry,05,5.0,100,2576,1557,0.43140488306114716,358.52508738101136,272.3718289932233,86.15325838778807,oblique
stress,3,KITTI_odometry,05,5.0,100,2576,1558,0.43288166017516577,358.52508738101136,272.4230306231891,86.10205675782225,oblique
stress,3,KITTI_odometry,05,5.0,100,2576,1559,0.7497832824390038,358.52508738101136,272.48398575014255,86.04110163086881,oblique
stress,3,KITTI_odometry,05,5.0,100,2576,1560,1.171814363497904,358.52508738101136,272.5425352924115,85.98255208859985,oblique
stress,3,KITTI_odometry,05,5.0,100,2576,1561,1.6411138359056643,358.52508738101136,272.61866694068544,85.90642044032592,oblique
stress,3,KITTI_odometry,05,5.0,100,2576,1562,2.1371615198971288,358.52508738101136,272.72604729580956,85.7990400852018,oblique
stress,3,KITTI_odometry,05,5.0,100,2576,1563,2.6562391632322955,358.52508738101136,272.7687616412848,85.75632573972655,oblique
stress,3,KITTI_odometry,05,5.0,100,2576,1564,3.193110574554065,358.52508738101136,272.79423763471755,85.73084974629381,oblique
stress,3,KITTI_odometry,05,5.0,100,2576,1565,3.7453806129385563,358.52508738101136,272.83598773599226,85.6890996450191,oblique
stress,3,KITTI_odometry,05,5.0,100,2576,1566,4.318233838937397,358.52508738101136,272.8193694824465,85.70571789856484,oblique
stress,3,KITTI_odometry,05,5.0,100,2576,1567,4.913666592691144,358.52508738101136,272.72783076972564,85.79725661128572,oblique
stress,3,KITTI_odometry,05,5.0,100,2577,793,4.858136201407431,358.4210287772253,290.29132759808806,68.12970117913721,oblique
stress,3,KITTI_odometry,05,5.0,100,2577,794,4.502872144037813,358.4210287772253,291.94005990750156,66.48096886972371,oblique
stress,3,KITTI_odometry,05,5.0,100,2577,795,4.174349009472316,358.4210287772253,293.57312768284396,64.84790109438131,oblique
stress,3,KITTI_odometry,05,5.0,100,2577,796,3.8363703851506514,358.4210287772253,295.382655715387,63.038373061838286,oblique
stress,3,KITTI_odometry,05,5.0,100,2577,797,3.5081909638268045,358.4210287772253,297.24617268027094,61.17485609695433,oblique
stress,3,KITTI_odometry,05,5.0,100,2577,798,3.187217633210672,358.4210287772253,299.15816088098194,59.262867896243336,oblique
stress,3,KITTI_odometry,05,5.0,100,2577,799,2.8770034802066204,358.4210287772253,301.1815593576172,57.2394694196081,oblique
stress,3,KITTI_odometry,05,5.0,100,2577,800,2.5841007641351808,358.4210287772253,303.3028916664663,55.118137110758994,oblique
stress,3,KITTI_odometry,05,5.0,100,2577,801,2.299934095457738,358.4210287772253,305.49462991404107,52.926398863184204,oblique
stress,3,KITTI_odometry,05,5.0,100,2577,802,2.0348613426297635,358.4210287772253,307.7616109642112,50.6594178130141,oblique
stress,3,KITTI_odometry,05,5.0,100,2577,803,1.7866167284742411,358.4210287772253,310.11577424840993,48.30525452881534,oblique
stress,3,KITTI_odometry,05,5.0,100,2577,804,1.5793992775105987,358.4210287772253,312.48764477783857,45.933383999386706,oblique
stress,3,KITTI_odometry,05,5.0,100,2577,805,1.446348099179792,358.4210287772253,314.9256958241906,43.495332953034676,same_direction
stress,3,KITTI_odometry,05,5.0,100,2577,806,1.4180917760272036,358.4210287772253,317.4064868823645,41.01454189486077,same_direction
stress,3,KITTI_odometry,05,5.0,100,2577,807,1.4852328418251426,358.4210287772253,319.93849116727154,38.48253760995374,same_direction
stress,3,KITTI_odometry,05,5.0,100,2577,808,1.6656760158938484,358.4210287772253,322.49282582323343,35.92820295399184,same_direction
stress,3,KITTI_odometry,05,5.0,100,2577,809,1.9143079727360999,358.4210287772253,325.06030374289827,33.360725034327004,same_direction
stress,3,KITTI_odometry,05,5.0,100,2577,810,2.240298631882812,358.4210287772253,327.63351236909887,30.787516408126407,same_direction
stress,3,KITTI_odometry,05,5.0,100,2577,811,2.5913861695424667,358.4210287772253,330.17459667489817,28.246432102327105,same_direction
stress,3,KITTI_odometry,05,5.0,100,2577,812,2.9907823942908354,358.4210287772253,332.62261948849556,25.798409288729715,same_direction
stress,3,KITTI_odometry,05,5.0,100,2577,813,3.409291996543567,358.4210287772253,335.09687339464494,23.32415538258033,same_direction
stress,3,KITTI_odometry,05,5.0,100,2577,814,3.8660036777654545,358.4210287772253,337.5121351847531,20.908893592472168,same_direction
stress,3,KITTI_odometry,05,5.0,100,2577,815,4.352174972036968,358.4210287772253,339.9231209797052,18.4979077975201,same_direction
stress,3,KITTI_odometry,05,5.0,100,2577,816,4.85829617749637,358.4210287772253,342.4445258716696,15.976502905555662,same_direction
stress,3,KITTI_odometry,05,5.0,100,2577,1540,4.864899445552526,358.4210287772253,274.9250354033573,83.49599337386798,oblique
stress,3,KITTI_odometry,05,5.0,100,2577,1541,4.672067080060683,358.4210287772253,274.8113577593222,83.60967101790305,oblique
stress,3,KITTI_odometry,05,5.0,100,2577,1542,4.481343042757796,358.4210287772253,274.69644546273764,83.72458331448763,oblique
stress,3,KITTI_odometry,05,5.0,100,2577,1543,4.292064883039173,358.4210287772253,274.5754215534576,83.84560722376767,oblique
stress,3,KITTI_odometry,05,5.0,100,2577,1544,4.103321172704008,358.4210287772253,274.44289564082226,83.97813313640302,oblique
stress,3,KITTI_odometry,05,5.0,100,2577,1545,3.9166935225193766,358.4210287772253,274.3005586839453,84.12047009327995,oblique
stress,3,KITTI_odometry,05,5.0,100,2577,1546,3.732360911324039,358.4210287772253,274.16444021405874,84.25658856316653,oblique
stress,3,KITTI_odometry,05,5.0,100,2577,1547,3.5476451965212115,358.4210287772253,274.00425657387973,84.41677220334554,oblique
stress,3,KITTI_odometry,05,5.0,100,2577,1548,3.355012938968945,358.4210287772253,273.8253355470306,84.59569323019468,oblique
stress,3,KITTI_odometry,05,5.0,100,2577,1549,3.1486797688453527,358.4210287772253,273.6403478018051,84.78068097542018,oblique
stress,3,KITTI_odometry,05,5.0,100,2577,1550,2.92602708314466,358.4210287772253,273.4525652859495,84.96846349127577,oblique
stress,3,KITTI_odometry,05,5.0,100,2577,1551,2.6908992670899035,358.4210287772253,273.25008459985054,85.17094417737474,oblique
stress,3,KITTI_odometry,05,5.0,100,2577,1552,2.447867638694749,358.4210287772253,273.0395016663024,85.38152711092289,oblique
stress,3,KITTI_odometry,05,5.0,100,2577,1553,2.203624859480633,358.4210287772253,272.82674913966946,85.59427963755581,oblique
stress,3,KITTI_odometry,05,5.0,100,2577,1554,1.9643017528567193,358.4210287772253,272.6288248064948,85.7922039707305,oblique
stress,3,KITTI_odometry,05,5.0,100,2577,1555,1.7441029250732325,358.4210287772253,272.46145741527175,85.95957136195352,oblique
stress,3,KITTI_odometry,05,5.0,100,2577,1556,1.5594596934993352,358.4210287772253,272.35795289145284,86.06307588577243,oblique
stress,3,KITTI_odometry,05,5.0,100,2577,1557,1.4436330238893893,358.4210287772253,272.3718289932233,86.04919978400198,oblique
stress,3,KITTI_odometry,05,5.0,100,2577,1558,1.4288184971958626,358.4210287772253,272.4230306231891,85.99799815403617,oblique
stress,3,KITTI_odometry,05,5.0,100,2577,1559,1.5361928412917565,358.4210287772253,272.48398575014255,85.93704302708272,oblique
stress,3,KITTI_odometry,05,5.0,100,2577,1560,1.7622062107940155,358.4210287772253,272.5425352924115,85.87849348481376,oblique
stress,3,KITTI_odometry,05,5.0,100,2577,1561,2.0881053030496397,358.4210287772253,272.61866694068544,85.80236183653983,oblique
stress,3,KITTI_odometry,05,5.0,100,2577,1562,2.4846302971798533,358.4210287772253,272.72604729580956,85.69498148141571,oblique
stress,3,KITTI_odometry,05,5.0,100,2577,1563,2.929968162590857,358.4210287772253,272.7687616412848,85.65226713594046,oblique
stress,3,KITTI_odometry,05,5.0,100,2577,1564,3.4095005418559454,358.4210287772253,272.79423763471755,85.62679114250773,oblique
stress,3,KITTI_odometry,05,5.0,100,2577,1565,3.917284830114988,358.4210287772253,272.83598773599226,85.58504104123301,oblique
stress,3,KITTI_odometry,05,5.0,100,2577,1566,4.456157069095416,358.4210287772253,272.8193694824465,85.60165929477876,oblique
stress,3,KITTI_odometry,05,5.0,100,2578,795,4.70916121608662,358.30404198643004,293.57312768284396,64.73091430358608,oblique
stress,3,KITTI_odometry,05,5.0,100,2578,796,4.368427050868752,358.30404198643004,295.382655715387,62.92138627104305,oblique
stress,3,KITTI_odometry,05,5.0,100,2578,797,4.035307439593791,358.30404198643004,297.24617268027094,61.05786930615909,oblique
stress,3,KITTI_odometry,05,5.0,100,2578,798,3.7023161184728677,358.30404198643004,299.15816088098194,59.1458811054481,oblique
stress,3,KITTI_odometry,05,5.0,100,2578,799,3.3723654049725913,358.30404198643004,301.1815593576172,57.12248262881286,oblique
stress,3,KITTI_odometry,05,5.0,100,2578,800,3.056218294953586,358.30404198643004,303.3028916664663,55.001150319963756,oblique
stress,3,KITTI_odometry,05,5.0,100,2578,801,2.7323886903850196,358.30404198643004,305.49462991404107,52.809412072388966,oblique
stress,3,KITTI_odometry,05,5.0,100,2578,802,2.418566802431549,358.30404198643004,307.7616109642112,50.542431022218864,oblique
stress,3,KITTI_odometry,05,5.0,100,2578,803,2.089563675796688,358.30404198643004,310.11577424840993,48.1882677380201,oblique
stress,3,KITTI_odometry,05,5.0,100,2578,804,1.7684238567820694,358.30404198643004,312.48764477783857,45.81639720859147,oblique
stress,3,KITTI_odometry,05,5.0,100,2578,805,1.4476471097736445,358.30404198643004,314.9256958241906,43.37834616223944,same_direction
stress,3,KITTI_odometry,05,5.0,100,2578,806,1.160262269368868,358.30404198643004,317.4064868823645,40.89755510406553,same_direction
stress,3,KITTI_odometry,05,5.0,100,2578,807,0.9417342746236873,358.30404198643004,319.93849116727154,38.3655508191585,same_direction
stress,3,KITTI_odometry,05,5.0,100,2578,808,0.8590319722391103,358.30404198643004,322.49282582323343,35.811216163196605,same_direction
stress,3,KITTI_odometry,05,5.0,100,2578,809,0.9537912679491377,358.30404198643004,325.06030374289827,33.243738243531766,same_direction
stress,3,KITTI_odometry,05,5.0,100,2578,810,1.2132646819227193,358.30404198643004,327.63351236909887,30.67052961733117,same_direction
stress,3,KITTI_odometry,05,5.0,100,2578,811,1.5423188342495975,358.30404198643004,330.17459667489817,28.129445311531867,same_direction
stress,3,KITTI_odometry,05,5.0,100,2578,812,1.9364001471868046,358.30404198643004,332.62261948849556,25.681422497934477,same_direction
stress,3,KITTI_odometry,05,5.0,100,2578,813,2.3555678380129685,358.30404198643004,335.09687339464494,23.20716859178509,same_direction
stress,3,KITTI_odometry,05,5.0,100,2578,814,2.814615544752268,358.30404198643004,337.5121351847531,20.79190680167693,same_direction
stress,3,KITTI_odometry,05,5.0,100,2578,815,3.303180921717746,358.30404198643004,339.9231209797052,18.38092100672486,same_direction
stress,3,KITTI_odometry,05,5.0,100,2578,816,3.811067928017158,358.30404198643004,342.4445258716696,15.859516114760424,same_direction
stress,3,KITTI_odometry,05,5.0,100,2578,817,4.333400532442045,358.30404198643004,344.9112113306584,13.392830655771661,same_direction
stress,3,KITTI_odometry,05,5.0,100,2578,818,4.8595893290409995,358.30404198643004,347.3144999014494,10.989542084980656,same_direction
stress,3,KITTI_odometry,05,5.0,100,2578,1542,4.972813384170134,358.30404198643004,274.69644546273764,83.6075965236924,oblique
stress,3,KITTI_odometry,05,5.0,100,2578,1543,4.798532014062636,358.30404198643004,274.5754215534576,83.72862043297243,oblique
stress,3,KITTI_odometry,05,5.0,100,2578,1544,4.626421875561707,358.30404198643004,274.44289564082226,83.86114634560778,oblique
stress,3,KITTI_odometry,05,5.0,100,2578,1545,4.45796993990215,358.30404198643004,274.3005586839453,84.00348330248471,oblique
stress,3,KITTI_odometry,05,5.0,100,2578,1546,4.293583409776798,358.30404198643004,274.16444021405874,84.1396017723713,oblique
stress,3,KITTI_odometry,05,5.0,100,2578,1547,4.1313238688373195,358.30404198643004,274.00425657387973,84.2997854125503,oblique
stress,3,KITTI_odometry,05,5.0,100,2578,1548,3.9645770947913195,358.30404198643004,273.8253355470306,84.47870643939945,oblique
stress,3,KITTI_odometry,05,5.0,100,2578,1549,3.787755923065919,358.30404198643004,273.6403478018051,84.66369418462494,oblique
stress,3,KITTI_odometry,05,5.0,100,2578,1550,3.6000091528440583,358.30404198643004,273.4525652859495,84.85147670048053,oblique
stress,3,KITTI_odometry,05,5.0,100,2578,1551,3.406180229876259,358.30404198643004,273.25008459985054,85.0539573865795,oblique
stress,3,KITTI_odometry,05,5.0,100,2578,1552,3.2114384755003362,358.30404198643004,273.0395016663024,85.26454032012765,oblique
stress,3,KITTI_odometry,05,5.0,100,2578,1553,3.0221401360386952,358.30404198643004,272.82674913966946,85.47729284676058,oblique
stress,3,KITTI_odometry,05,5.0,100,2578,1554,2.84506959961279,358.30404198643004,272.6288248064948,85.67521717993526,oblique
stress,3,KITTI_odometry,05,5.0,100,2578,1555,2.6909184439785476,358.30404198643004,272.46145741527175,85.84258457115828,oblique
stress,3,KITTI_odometry,05,5.0,100,2578,1556,2.568434899027808,358.30404198643004,272.35795289145284,85.9460890949772,oblique
stress,3,KITTI_odometry,05,5.0,100,2578,1557,2.492876161779593,358.30404198643004,272.3718289932233,85.93221299320675,oblique
stress,3,KITTI_odometry,05,5.0,100,2578,1558,2.4758582688683926,358.30404198643004,272.4230306231891,85.88101136324093,oblique
stress,3,KITTI_odometry,05,5.0,100,2578,1559,2.528565960405421,358.30404198643004,272.48398575014255,85.82005623628748,oblique
stress,3,KITTI_odometry,05,5.0,100,2578,1560,2.6599784710775243,358.30404198643004,272.5425352924115,85.76150669401852,oblique
stress,3,KITTI_odometry,05,5.0,100,2578,1561,2.875238564322789,358.30404198643004,272.61866694068544,85.68537504574459,oblique
stress,3,KITTI_odometry,05,5.0,100,2578,1562,3.165650492232048,358.30404198643004,272.72604729580956,85.57799469062047,oblique
stress,3,KITTI_odometry,05,5.0,100,2578,1563,3.515383132115332,358.30404198643004,272.7687616412848,85.53528034514522,oblique
stress,3,KITTI_odometry,05,5.0,100,2578,1564,3.911447094245415,358.30404198643004,272.79423763471755,85.50980435171249,oblique
stress,3,KITTI_odometry,05,5.0,100,2578,1565,4.348584356332984,358.30404198643004,272.83598773599226,85.46805425043777,oblique
stress,3,KITTI_odometry,05,5.0,100,2578,1566,4.828803654022807,358.30404198643004,272.8193694824465,85.48467250398352,oblique
stress,3,KITTI_odometry,05,5.0,100,2579,797,4.742187266185204,358.2012651504561,297.24617268027094,60.95509247018515,oblique
stress,3,KITTI_odometry,05,5.0,100,2579,798,4.414061751292578,358.2012651504561,299.15816088098194,59.043104269474156,oblique
stress,3,KITTI_odometry,05,5.0,100,2579,799,4.086103655072888,358.2012651504561,301.1815593576172,57.01970579283892,oblique
stress,3,KITTI_odometry,05,5.0,100,2579,800,3.7723677862542897,358.2012651504561,303.3028916664663,54.898373483989815,oblique
stress,3,KITTI_odometry,05,5.0,100,2579,801,3.4451845703265325,358.2012651504561,305.49462991404107,52.706635236415025,oblique
stress,3,KITTI_odometry,05,5.0,100,2579,802,3.128110816556219,358.2012651504561,307.7616109642112,50.43965418624492,oblique
stress,3,KITTI_odometry,05,5.0,100,2579,803,2.786945126291689,358.2012651504561,310.11577424840993,48.08549090204616,oblique
stress,3,KITTI_odometry,05,5.0,100,2579,804,2.4467041051381724,358.2012651504561,312.48764477783857,45.71362037261753,oblique
stress,3,KITTI_odometry,05,5.0,100,2579,805,2.0797512341864364,358.2012651504561,314.9256958241906,43.2755693262655,same_direction
stress,3,KITTI_odometry,05,5.0,100,2579,806,1.7050126031865607,358.2012651504561,317.4064868823645,40.79477826809159,same_direction
stress,3,KITTI_odometry,05,5.0,100,2579,807,1.3390897316046473,358.2012651504561,319.93849116727154,38.26277398318456,same_direction
stress,3,KITTI_odometry,05,5.0,100,2579,808,0.9625289856669234,358.2012651504561,322.49282582323343,35.70843932722266,same_direction
stress,3,KITTI_odometry,05,5.0,100,2579,809,0.6161599016489142,358.2012651504561,325.06030374289827,33.140961407557825,same_direction
stress,3,KITTI_odometry,05,5.0,100,2579,810,0.38678982564824504,358.2012651504561,327.63351236909887,30.56775278135723,same_direction
stress,3,KITTI_odometry,05,5.0,100,2579,811,0.516209507491868,358.2012651504561,330.17459667489817,28.026668475557926,same_direction
stress,3,KITTI_odometry,05,5.0,100,2579,812,0.8823330035315515,358.2012651504561,332.62261948849556,25.578645661960536,same_direction
stress,3,KITTI_odometry,05,5.0,100,2579,813,1.3030238987159868,358.2012651504561,335.09687339464494,23.10439175581115,same_direction
stress,3,KITTI_odometry,05,5.0,100,2579,814,1.7668133160605883,358.2012651504561,337.5121351847531,20.68912996570299,same_direction
stress,3,KITTI_odometry,05,5.0,100,2579,815,2.259165079974458,358.2012651504561,339.9231209797052,18.27814417075092,same_direction
stress,3,KITTI_odometry,05,5.0,100,2579,816,2.7691960241602462,358.2012651504561,342.4445258716696,15.756739278786483,same_direction
stress,3,KITTI_odometry,05,5.0,100,2579,817,3.2920927573567704,358.2012651504561,344.9112113306584,13.29005381979772,same_direction
stress,3,KITTI_odometry,05,5.0,100,2579,818,3.818263210377331,358.2012651504561,347.3144999014494,10.886765249006714,same_direction
stress,3,KITTI_odometry,05,5.0,100,2579,819,4.379488011857544,358.2012651504561,349.60438284993404,8.596882300522054,same_direction
stress,3,KITTI_odometry,05,5.0,100,2579,820,4.951804041518601,358.2012651504561,351.6948549296574,6.506410220798671,same_direction
stress,3,KITTI_odometry,05,5.0,100,2579,1547,4.876289744320065,358.2012651504561,274.00425657387973,84.19700857657637,oblique
stress,3,KITTI_odometry,05,5.0,100,2579,1548,4.733679321121794,358.2012651504561,273.8253355470306,84.3759296034255,oblique
stress,3,KITTI_odometry,05,5.0,100,2579,1549,4.5834321661856245,358.2012651504561,273.6403478018051,84.560917348651,oblique
stress,3,KITTI_odometry,05,5.0,100,2579,1550,4.425615782962763,358.2012651504561,273.4525652859495,84.74869986450659,oblique
stress,3,KITTI_odometry,05,5.0,100,2579,1551,4.265029625183856,358.2012651504561,273.25008459985054,84.95118055060556,oblique
stress,3,KITTI_odometry,05,5.0,100,2579,1552,4.1062877135441935,358.2012651504561,273.0395016663024,85.16176348415371,oblique
stress,3,KITTI_odometry,05,5.0,100,2579,1553,3.954409600686313,358.2012651504561,272.82674913966946,85.37451601078664,oblique
stress,3,KITTI_odometry,05,5.0,100,2579,1554,3.81532062922226,358.2012651504561,272.6288248064948,85.57244034396132,oblique
stress,3,KITTI_odometry,05,5.0,100,2579,1555,3.6967737282684756,358.2012651504561,272.46145741527175,85.73980773518434,oblique
stress,3,KITTI_odometry,05,5.0,100,2579,1556,3.6037975227828896,358.2012651504561,272.35795289145284,85.84331225900326,oblique
stress,3,KITTI_odometry,05,5.0,100,2579,1557,3.5454093539687412,358.2012651504561,272.3718289932233,85.8294361572328,oblique
stress,3,KITTI_odometry,05,5.0,100,2579,1558,3.527453221058516,358.2012651504561,272.4230306231891,85.77823452726699,oblique
stress,3,KITTI_odometry,05,5.0,100,2579,1559,3.55691355602369,358.2012651504561,272.48398575014255,85.71727940031354,oblique
stress,3,KITTI_odometry,05,5.0,100,2579,1560,3.642710132428876,358.2012651504561,272.5425352924115,85.65872985804458,oblique
stress,3,KITTI_odometry,05,5.0,100,2579,1561,3.7943414159299196,358.2012651504561,272.61866694068544,85.58259820977065,oblique
stress,3,KITTI_odometry,05,5.0,100,2579,1562,4.011480618949705,358.2012651504561,272.72604729580956,85.47521785464653,oblique
stress,3,KITTI_odometry,05,5.0,100,2579,1563,4.284068264326458,358.2012651504561,272.7687616412848,85.43250350917128,oblique
stress,3,KITTI_odometry,05,5.0,100,2579,1564,4.603876563076921,358.2012651504561,272.79423763471755,85.40702751573855,oblique
stress,3,KITTI_odometry,05,5.0,100,2579,1565,4.969526310828431,358.2012651504561,272.83598773599226,85.36527741446383,oblique
stress,3,KITTI_odometry,05,5.0,100,2580,799,4.921902638765725,358.12825888245163,301.1815593576172,56.94669952483446,oblique
stress,3,KITTI_odometry,05,5.0,100,2580,800,4.618087494233962,358.12825888245163,303.3028916664663,54.82536721598535,oblique
stress,3,KITTI_odometry,05,5.0,100,2580,801,4.298700766841187,358.12825888245163,305.49462991404107,52.63362896841056,oblique
stress,3,KITTI_odometry,05,5.0,100,2580,802,3.9909042511191632,358.12825888245163,307.7616109642112,50.36664791824046,oblique
stress,3,KITTI_odometry,05,5.0,100,2580,803,3.6572152370616617,358.12825888245163,310.11577424840993,48.0124846340417,oblique
stress,3,KITTI_odometry,05,5.0,100,2580,804,3.3246936011201043,358.12825888245163,312.48764477783857,45.640614104613064,oblique
stress,3,KITTI_odometry,05,5.0,100,2580,805,2.9604900783365244,358.12825888245163,314.9256958241906,43.202563058261035,same_direction
stress,3,KITTI_odometry,05,5.0,100,2580,806,2.584353814550944,358.12825888245163,317.4064868823645,40.72177200008713,same_direction
stress,3,KITTI_odometry,05,5.0,100,2580,807,2.216275219970662,358.12825888245163,319.93849116727154,38.189767715180096,same_direction
stress,3,KITTI_odometry,05,5.0,100,2580,808,1.8246075472824248,358.12825888245163,322.49282582323343,35.6354330592182,same_direction
stress,3,KITTI_odometry,05,5.0,100,2580,809,1.4372379388149323,358.12825888245163,325.06030374289827,33.06795513955336,same_direction
stress,3,KITTI_odometry,05,5.0,100,2580,810,1.0225144462177513,358.12825888245163,327.63351236909887,30.494746513352766,same_direction
stress,3,KITTI_odometry,05,5.0,100,2580,811,0.6122459987325369,358.12825888245163,330.17459667489817,27.953662207553464,same_direction
stress,3,KITTI_odometry,05,5.0,100,2580,812,0.17525254144804203,358.12825888245163,332.62261948849556,25.505639393956073,same_direction
stress,3,KITTI_odometry,05,5.0,100,2580,813,0.27055521980550085,358.12825888245163,335.09687339464494,23.031385487806688,same_direction
stress,3,KITTI_odometry,05,5.0,100,2580,814,0.7420079310869981,358.12825888245163,337.5121351847531,20.616123697698526,same_direction
stress,3,KITTI_odometry,05,5.0,100,2580,815,1.236759280154794,358.12825888245163,339.9231209797052,18.205137902746458,same_direction
stress,3,KITTI_odometry,05,5.0,100,2580,816,1.7462609122075528,358.12825888245163,342.4445258716696,15.68373301078202,same_direction
stress,3,KITTI_odometry,05,5.0,100,2580,817,2.2667893618322683,358.12825888245163,344.9112113306584,13.217047551793257,same_direction
stress,3,KITTI_odometry,05,5.0,100,2580,818,2.7906820869522226,358.12825888245163,347.3144999014494,10.813758981002252,same_direction
stress,3,KITTI_odometry,05,5.0,100,2580,819,3.3491146115594446,358.12825888245163,349.60438284993404,8.523876032517592,same_direction
stress,3,KITTI_odometry,05,5.0,100,2580,820,3.9185316269399917,358.12825888245163,351.6948549296574,6.433403952794208,same_direction
stress,3,KITTI_odometry,05,5.0,100,2580,821,4.495929888453434,358.12825888245163,353.6114899882809,4.5167688941707524,same_direction
stress,3,KITTI_odometry,05,5.0,100,2580,1553,4.93291100609864,358.12825888245163,272.82674913966946,85.30150974278217,oblique
stress,3,KITTI_odometry,05,5.0,100,2580,1554,4.817572956916782,358.12825888245163,272.6288248064948,85.49943407595686,oblique
stress,3,KITTI_odometry,05,5.0,100,2580,1555,4.720065571942936,358.12825888245163,272.46145741527175,85.66680146717988,oblique
stress,3,KITTI_odometry,05,5.0,100,2580,1556,4.643613364206919,358.12825888245163,272.35795289145284,85.77030599099879,oblique
stress,3,KITTI_odometry,05,5.0,100,2580,1557,4.594350436231442,358.12825888245163,272.3718289932233,85.75642988922834,oblique
stress,3,KITTI_odometry,05,5.0,100,2580,1558,4.575567320234848,358.12825888245163,272.4230306231891,85.70522825926253,oblique
stress,3,KITTI_odometry,05,5.0,100,2580,1559,4.592007622378702,358.12825888245163,272.48398575014255,85.64427313230908,oblique
stress,3,KITTI_odometry,05,5.0,100,2580,1560,4.651564558555431,358.12825888245163,272.5425352924115,85.58572359004012,oblique
stress,3,KITTI_odometry,05,5.0,100,2580,1561,4.764209637842994,358.12825888245163,272.61866694068544,85.50959194176619,oblique
stress,3,KITTI_odometry,05,5.0,100,2580,1562,4.932531770896173,358.12825888245163,272.72604729580956,85.40221158664207,oblique
stress,3,KITTI_odometry,05,5.0,100,2581,802,4.936131935253057,358.01596571264366,307.7616109642112,50.25435474843249,oblique
stress,3,KITTI_odometry,05,5.0,100,2581,803,4.612183842053573,358.01596571264366,310.11577424840993,47.90019146423373,oblique
stress,3,KITTI_odometry,05,5.0,100,2581,804,4.289840093933692,358.01596571264366,312.48764477783857,45.528320934805095,oblique
stress,3,KITTI_odometry,05,5.0,100,2581,805,3.93423433889252,358.01596571264366,314.9256958241906,43.090269888453065,same_direction
stress,3,KITTI_odometry,05,5.0,100,2581,806,3.5662037523865737,358.01596571264366,317.4064868823645,40.60947883027916,same_direction
stress,3,KITTI_odometry,05,5.0,100,2581,807,3.207861475285998,358.01596571264366,319.93849116727154,38.07747454537213,same_direction
stress,3,KITTI_odometry,05,5.0,100,2581,808,2.8256147471897193,358.01596571264366,322.49282582323343,35.52313988941023,same_direction
stress,3,KITTI_odometry,05,5.0,100,2581,809,2.448748138996951,358.01596571264366,325.06030374289827,32.95566196974539,same_direction
stress,3,KITTI_odometry,05,5.0,100,2581,810,2.044124312745197,358.01596571264366,327.63351236909887,30.382453343544796,same_direction
stress,3,KITTI_odometry,05,5.0,100,2581,811,1.646997420725373,358.01596571264366,330.17459667489817,27.841369037745494,same_direction
stress,3,KITTI_odometry,05,5.0,100,2581,812,1.2265495415367467,358.01596571264366,332.62261948849556,25.393346224148104,same_direction
stress,3,KITTI_odometry,05,5.0,100,2581,813,0.8137111255697587,358.01596571264366,335.09687339464494,22.919092317998718,same_direction
stress,3,KITTI_odometry,05,5.0,100,2581,814,0.4300824781411143,358.01596571264366,337.5121351847531,20.503830527890557,same_direction
stress,3,KITTI_odometry,05,5.0,100,2581,815,0.39041834322813096,358.01596571264366,339.9231209797052,18.092844732938488,same_direction
stress,3,KITTI_odometry,05,5.0,100,2581,816,0.7868752641276592,358.01596571264366,342.4445258716696,15.571439840974051,same_direction
stress,3,KITTI_odometry,05,5.0,100,2581,817,1.2725401616058925,358.01596571264366,344.9112113306584,13.104754381985288,same_direction
stress,3,KITTI_odometry,05,5.0,100,2581,818,1.7802117655211644,358.01596571264366,347.3144999014494,10.701465811194282,same_direction
stress,3,KITTI_odometry,05,5.0,100,2581,819,2.3275233953300973,358.01596571264366,349.60438284993404,8.411582862709622,same_direction
stress,3,KITTI_odometry,05,5.0,100,2581,820,2.888834599197562,358.01596571264366,351.6948549296574,6.3211107829862385,same_direction
stress,3,KITTI_odometry,05,5.0,100,2581,821,3.4602680018173264,358.01596571264366,353.6114899882809,4.404475724362783,same_direction
stress,3,KITTI_odometry,05,5.0,100,2581,822,4.059454680055416,358.01596571264366,355.25851017153707,2.7574555411065944,same_direction
stress,3,KITTI_odometry,05,5.0,100,2581,823,4.666885650624937,358.01596571264366,356.6618528260688,1.3541128865748533,same_direction
stress,3,KITTI_odometry,05,5.0,100,2582,805,4.946249293633418,357.9393612554705,314.9256958241906,43.01366543127989,same_direction
stress,3,KITTI_odometry,05,5.0,100,2582,806,4.585617760407436,357.9393612554705,317.4064868823645,40.53287437310598,same_direction
stress,3,KITTI_odometry,05,5.0,100,2582,807,4.235299234398921,357.9393612554705,319.93849116727154,38.00087008819895,same_direction
stress,3,KITTI_odometry,05,5.0,100,2582,808,3.8607387646040014,357.9393612554705,322.49282582323343,35.446535432237056,same_direction
stress,3,KITTI_odometry,05,5.0,100,2582,809,3.491526419909929,357.9393612554705,325.06030374289827,32.87905751257222,same_direction
stress,3,KITTI_odometry,05,5.0,100,2582,810,3.0938685921389806,357.9393612554705,327.63351236909887,30.30584888637162,same_direction
stress,3,KITTI_odometry,05,5.0,100,2582,811,2.703332202002568,357.9393612554705,330.17459667489817,27.76476458057232,same_direction
stress,3,KITTI_odometry,05,5.0,100,2582,812,2.287446422125775,357.9393612554705,332.62261948849556,25.31674176697493,same_direction
stress,3,KITTI_odometry,05,5.0,100,2582,813,1.8713203681849908,357.9393612554705,335.09687339464494,22.842487860825543,same_direction
stress,3,KITTI_odometry,05,5.0,100,2582,814,1.4374631160485507,357.9393612554705,337.5121351847531,20.42722607071738,same_direction
stress,3,KITTI_odometry,05,5.0,100,2582,815,1.0089898001669857,357.9393612554705,339.9231209797052,18.016240275765313,same_direction
stress,3,KITTI_odometry,05,5.0,100,2582,816,0.653677852955124,357.9393612554705,342.4445258716696,15.494835383800876,same_direction
stress,3,KITTI_odometry,05,5.0,100,2582,817,0.5780196742533918,357.9393612554705,344.9112113306584,13.028149924812112,same_direction
stress,3,KITTI_odometry,05,5.0,100,2582,818,0.8828250178059032,357.9393612554705,347.3144999014494,10.624861354021107,same_direction
stress,3,KITTI_odometry,05,5.0,100,2582,819,1.3571899307116047,357.9393612554705,349.60438284993404,8.334978405536447,same_direction
stress,3,KITTI_odometry,05,5.0,100,2582,820,1.885273213719688,357.9393612554705,351.6948549296574,6.244506325813063,same_direction
stress,3,KITTI_odometry,05,5.0,100,2582,821,2.4385244487617737,357.9393612554705,353.6114899882809,4.327871267189607,same_direction
stress,3,KITTI_odometry,05,5.0,100,2582,822,3.0260284109631006,357.9393612554705,355.25851017153707,2.680851083933419,same_direction
stress,3,KITTI_odometry,05,5.0,100,2582,823,3.6258998903754844,357.9393612554705,356.6618528260688,1.2775084294016779,same_direction
stress,3,KITTI_odometry,05,5.0,100,2582,824,4.251594084762065,357.9393612554705,357.6991719125664,0.24018934290410243,same_direction
stress,3,KITTI_odometry,05,5.0,100,2582,825,4.892487881268155,357.9393612554705,358.45155102492885,0.5121897694583595,same_direction
stress,3,KITTI_odometry,05,5.0,100,2583,808,4.917802448550459,357.9374087456974,322.49282582323343,35.44458292246395,same_direction
stress,3,KITTI_odometry,05,5.0,100,2583,809,4.553509921203195,357.9374087456974,325.06030374289827,32.87710500279911,same_direction
stress,3,KITTI_odometry,05,5.0,100,2583,810,4.15997316932224,357.9374087456974,327.63351236909887,30.303896376598516,same_direction
stress,3,KITTI_odometry,05,5.0,100,2583,811,3.7727663806232368,357.9374087456974,330.17459667489817,27.762812070799214,same_direction
stress,3,KITTI_odometry,05,5.0,100,2583,812,3.358689128964589,357.9374087456974,332.62261948849556,25.314789257201824,same_direction
stress,3,KITTI_odometry,05,5.0,100,2583,813,2.9414035486075223,357.9374087456974,335.09687339464494,22.840535351052438,same_direction
stress,3,KITTI_odometry,05,5.0,100,2583,814,2.4994635261353464,357.9374087456974,337.5121351847531,20.425273560944277,same_direction
stress,3,KITTI_odometry,05,5.0,100,2583,815,2.042632022269299,357.9374087456974,339.9231209797052,18.014287765992208,same_direction
stress,3,KITTI_odometry,05,5.0,100,2583,816,1.5851886390713952,357.9374087456974,342.4445258716696,15.49288287402777,same_direction
stress,3,KITTI_odometry,05,5.0,100,2583,817,1.1467077975356292,357.9374087456974,344.9112113306584,13.026197415039007,same_direction
stress,3,KITTI_odometry,05,5.0,100,2583,818,0.8027391484716513,357.9374087456974,347.3144999014494,10.622908844248002,same_direction
stress,3,KITTI_odometry,05,5.0,100,2583,819,0.7137722833761482,357.9374087456974,349.60438284993404,8.333025895763342,same_direction
stress,3,KITTI_odometry,05,5.0,100,2583,820,0.9970571674763713,357.9374087456974,351.6948549296574,6.242553816039958,same_direction
stress,3,KITTI_odometry,05,5.0,100,2583,821,1.4623198812968354,357.9374087456974,353.6114899882809,4.325918757416503,same_direction
stress,3,KITTI_odometry,05,5.0,100,2583,822,2.0102781886159375,357.9374087456974,355.25851017153707,2.678898574160314,same_direction
stress,3,KITTI_odometry,05,5.0,100,2583,823,2.5901360348282947,357.9374087456974,356.6618528260688,1.275555919628573,same_direction
stress,3,KITTI_odometry,05,5.0,100,2583,824,3.203888992047155,357.9374087456974,357.6991719125664,0.23823683313099764,same_direction
stress,3,KITTI_odometry,05,5.0,100,2583,825,3.837441989870978,357.9374087456974,358.45155102492885,0.5141422792314643,same_direction
stress,3,KITTI_odometry,05,5.0,100,2583,826,4.490240297099474,357.9374087456974,359.12582484111203,1.1884160954146523,same_direction
stress,3,KITTI_odometry,05,5.0,100,2584,811,4.851704625052509,358.01582706486056,330.17459667489817,27.84123038996239,same_direction
stress,3,KITTI_odometry,05,5.0,100,2584,812,4.438742644578963,358.01582706486056,332.62261948849556,25.393207576365,same_direction
stress,3,KITTI_odometry,05,5.0,100,2584,813,4.021029201679076,358.01582706486056,335.09687339464494,22.918953670215615,same_direction
stress,3,KITTI_odometry,05,5.0,100,2584,814,3.5760354482364805,358.01582706486056,337.5121351847531,20.503691880107453,same_direction
stress,3,KITTI_odometry,05,5.0,100,2584,815,3.1110571177477477,358.01582706486056,339.9231209797052,18.092706085155385,same_direction
stress,3,KITTI_odometry,05,5.0,100,2584,816,2.634825155674664,358.01582706486056,342.4445258716696,15.571301193190948,same_direction
stress,3,KITTI_odometry,05,5.0,100,2584,817,2.152021105124206,358.01582706486056,344.9112113306584,13.104615734202184,same_direction
stress,3,KITTI_odometry,05,5.0,100,2584,818,1.68408316210927,358.01582706486056,347.3144999014494,10.701327163411179,same_direction
stress,3,KITTI_odometry,05,5.0,100,2584,819,1.2223966664912769,358.01582706486056,349.60438284993404,8.411444214926519,same_direction
stress,3,KITTI_odometry,05,5.0,100,2584,820,0.8610668035646202,358.01582706486056,351.6948549296574,6.320972135203135,same_direction
stress,3,KITTI_odometry,05,5.0,100,2584,821,0.7922830556568782,358.01582706486056,353.6114899882809,4.404337076579679,same_direction
stress,3,KITTI_odometry,05,5.0,100,2584,822,1.1010323274018772,358.01582706486056,355.25851017153707,2.757316893323491,same_direction
stress,3,KITTI_odometry,05,5.0,100,2584,823,1.5957092236523023,358.01582706486056,356.6618528260688,1.35397423879175,same_direction
stress,3,KITTI_odometry,05,5.0,100,2584,824,2.1721524755771573,358.01582706486056,357.6991719125664,0.3166551522941745,same_direction
stress,3,KITTI_odometry,05,5.0,100,2584,825,2.7871811191926463,358.01582706486056,358.45155102492885,0.4357239600682874,same_direction
stress,3,KITTI_odometry,05,5.0,100,2584,826,3.4296248352391268,358.01582706486056,359.12582484111203,1.1099977762514754,same_direction
stress,3,KITTI_odometry,05,5.0,100,2584,827,4.098217881060514,358.01582706486056,359.64472039581244,1.6288933309518825,same_direction
stress,3,KITTI_odometry,05,5.0,100,2584,828,4.786521184062697,358.01582706486056,359.9823509834575,1.9665239185969199,same_direction
stress,3,KITTI_odometry,05,5.0,100,2585,814,4.661912257552775,358.0702073361688,337.5121351847531,20.558072151415672,same_direction
stress,3,KITTI_odometry,05,5.0,100,2585,815,4.193055529303644,358.0702073361688,339.9231209797052,18.147086356463603,same_direction
stress,3,KITTI_odometry,05,5.0,100,2585,816,3.7094846137609183,358.0702073361688,342.4445258716696,15.625681464499166,same_direction
stress,3,KITTI_odometry,05,5.0,100,2585,817,3.2136520903546777,358.0702073361688,344.9112113306584,13.158996005510403,same_direction
stress,3,KITTI_odometry,05,5.0,100,2585,818,2.720215599977492,358.0702073361688,347.3144999014494,10.755707434719397,same_direction
stress,3,KITTI_odometry,05,5.0,100,2585,819,2.200405270952593,358.0702073361688,349.60438284993404,8.465824486234737,same_direction
stress,3,KITTI_odometry,05,5.0,100,2585,820,1.6859467803889787,358.0702073361688,351.6948549296574,6.375352406511354,same_direction
stress,3,KITTI_odometry,05,5.0,100,2585,821,1.2089450696222692,358.0702073361688,353.6114899882809,4.458717347887898,same_direction
stress,3,KITTI_odometry,05,5.0,100,2585,822,0.8475207484946901,358.0702073361688,355.25851017153707,2.8116971646317097,same_direction
stress,3,KITTI_odometry,05,5.0,100,2585,823,0.8420980026315287,358.0702073361688,356.6618528260688,1.4083545100999686,same_direction
stress,3,KITTI_odometry,05,5.0,100,2585,824,1.2194358119593651,358.0702073361688,357.6991719125664,0.37103542360239317,same_direction
stress,3,KITTI_odometry,05,5.0,100,2585,825,1.76525984090983,358.0702073361688,358.45155102492885,0.38134368876006874,same_direction
stress,3,KITTI_odometry,05,5.0,100,2585,826,2.378538482483734,358.0702073361688,359.12582484111203,1.0556175049432568,same_direction
stress,3,KITTI_odometry,05,5.0,100,2585,827,3.0325914789039956,358.0702073361688,359.64472039581244,1.5745130596436638,same_direction
stress,3,KITTI_odometry,05,5.0,100,2585,828,3.712853514988708,358.0702073361688,359.9823509834575,1.9121436472887012,same_direction
stress,3,KITTI_odometry,05,5.0,100,2585,829,4.414313845770847,358.0702073361688,0.17137150154366054,2.1011641653749393,same_direction
stress,3,KITTI_odometry,05,5.0,100,2586,816,4.799897575424308,358.133993988813,342.4445258716696,15.689468117143406,same_direction
stress,3,KITTI_odometry,05,5.0,100,2586,817,4.29850648717716,358.133993988813,344.9112113306584,13.222782658154642,same_direction
stress,3,KITTI_odometry,05,5.0,100,2586,818,3.7958412826334027,358.133993988813,347.3144999014494,10.819494087363637,same_direction
stress,3,KITTI_odometry,05,5.0,100,2586,819,3.2597399989301357,358.133993988813,349.60438284993404,8.529611138878977,same_direction
stress,3,KITTI_odometry,05,5.0,100,2586,820,2.7148771346948695,358.133993988813,351.6948549296574,6.439139059155593,same_direction
stress,3,KITTI_odometry,05,5.0,100,2586,821,2.1708683214163527,358.133993988813,353.6114899882809,4.5225040005321375,same_direction
stress,3,KITTI_odometry,05,5.0,100,2586,822,1.6220211876902364,358.133993988813,355.25851017153707,2.875483817275949,same_direction
stress,3,KITTI_odometry,05,5.0,100,2586,823,1.125907400999301,358.133993988813,356.6618528260688,1.472141162744208,same_direction
stress,3,KITTI_odometry,05,5.0,100,2586,824,0.7999496411049928,358.133993988813,357.6991719125664,0.4348220762466326,same_direction
stress,3,KITTI_odometry,05,5.0,100,2586,825,0.9143916828777386,358.133993988813,358.45155102492885,0.3175570361158293,same_direction
stress,3,KITTI_odometry,05,5.0,100,2586,826,1.3829360416248373,358.133993988813,359.12582484111203,0.9918308522990174,same_direction
stress,3,KITTI_odometry,05,5.0,100,2586,827,1.986229491373042,358.133993988813,359.64472039581244,1.5107264069994244,same_direction
stress,3,KITTI_odometry,05,5.0,100,2586,828,2.644626545380069,358.133993988813,359.9823509834575,1.8483569946444618,same_direction
stress,3,KITTI_odometry,05,5.0,100,2586,829,3.335037556509528,358.133993988813,0.17137150154366054,2.0373775127307,same_direction
stress,3,KITTI_odometry,05,5.0,100,2586,830,4.045427581581939,358.133993988813,0.2081349910753829,2.0741410022624223,same_direction
stress,3,KITTI_odometry,05,5.0,100,2586,831,4.77746256879696,358.133993988813,0.1465724939069446,2.0125785050938703,same_direction
stress,3,KITTI_odometry,05,5.0,100,2587,818,4.886125322129574,358.10881717599045,347.3144999014494,10.794317274541072,same_direction
stress,3,KITTI_odometry,05,5.0,100,2587,819,4.343019561274036,358.10881717599045,349.60438284993404,8.504434326056412,same_direction
stress,3,KITTI_odometry,05,5.0,100,2587,820,3.787488716554139,358.10881717599045,351.6948549296574,6.413962246333028,same_direction
stress,3,KITTI_odometry,05,5.0,100,2587,821,3.2256117081919484,358.10881717599045,353.6114899882809,4.497327187709573,same_direction
stress,3,KITTI_odometry,05,5.0,100,2587,822,2.641676261879188,358.10881717599045,355.25851017153707,2.8503070044533843,same_direction
stress,3,KITTI_odometry,05,5.0,100,2587,823,2.062761668106362,358.10881717599045,356.6618528260688,1.4469643499216431,same_direction
stress,3,KITTI_odometry,05,5.0,100,2587,824,1.4883697419996178,358.10881717599045,357.6991719125664,0.4096452634240677,same_direction
stress,3,KITTI_odometry,05,5.0,100,2587,825,0.9859044193916582,358.10881717599045,358.45155102492885,0.3427338489383942,same_direction
stress,3,KITTI_odometry,05,5.0,100,2587,826,0.7594954297222601,358.10881717599045,359.12582484111203,1.0170076651215822,same_direction
stress,3,KITTI_odometry,05,5.0,100,2587,827,1.0468903626283077,358.10881717599045,359.64472039581244,1.5359032198219893,same_direction
stress,3,KITTI_odometry,05,5.0,100,2587,828,1.611877317299614,358.10881717599045,359.9823509834575,1.8735338074670267,same_direction
stress,3,KITTI_odometry,05,5.0,100,2587,829,2.268679666243143,358.10881717599045,0.17137150154366054,2.062554325553265,same_direction
stress,3,KITTI_odometry,05,5.0,100,2587,830,2.9642299622863297,358.10881717599045,0.2081349910753829,2.099317815084987,same_direction
stress,3,KITTI_odometry,05,5.0,100,2587,831,3.6887936577201157,358.10881717599045,0.1465724939069446,2.037755317916435,same_direction
stress,3,KITTI_odometry,05,5.0,100,2587,832,4.437526916917698,358.10881717599045,0.01772740431829334,1.9089102283278407,same_direction
stress,3,KITTI_odometry,05,5.0,100,2588,820,4.878400295277238,358.1358376207185,351.6948549296574,6.440982691061095,same_direction
stress,3,KITTI_odometry,05,5.0,100,2588,821,4.309062290647596,358.1358376207185,353.6114899882809,4.524347632437639,same_direction
stress,3,KITTI_odometry,05,5.0,100,2588,822,3.7134436931371555,358.1358376207185,355.25851017153707,2.8773274491814504,same_direction
stress,3,KITTI_odometry,05,5.0,100,2588,823,3.1141938968408827,358.1358376207185,356.6618528260688,1.4739847946497093,same_direction
stress,3,KITTI_odometry,05,5.0,100,2588,824,2.497700125927068,358.1358376207185,357.6991719125664,0.4366657081521339,same_direction
stress,3,KITTI_odometry,05,5.0,100,2588,825,1.8835586521529033,358.1358376207185,358.45155102492885,0.315713404210328,same_direction
stress,3,KITTI_odometry,05,5.0,100,2588,826,1.2933955742931178,358.1358376207185,359.12582484111203,0.989987220393516,same_direction
stress,3,KITTI_odometry,05,5.0,100,2588,827,0.8186618879219902,358.1358376207185,359.64472039581244,1.508882775093923,same_direction
stress,3,KITTI_odometry,05,5.0,100,2588,828,0.7855519202961637,358.1358376207185,359.9823509834575,1.8465133627389605,same_direction
stress,3,KITTI_odometry,05,5.0,100,2588,829,1.2559944665009533,358.1358376207185,0.17137150154366054,2.0355338808251418,same_direction
stress,3,KITTI_odometry,05,5.0,100,2588,830,1.8987417691260582,358.1358376207185,0.2081349910753829,2.072297370356864,same_direction
stress,3,KITTI_odometry,05,5.0,100,2588,831,2.6035712685463452,358.1358376207185,0.1465724939069446,2.010734873188426,same_direction
stress,3,KITTI_odometry,05,5.0,100,2588,832,3.3432902738770625,358.1358376207185,0.01772740431829334,1.8818897835997177,same_direction
stress,3,KITTI_odometry,05,5.0,100,2588,833,4.105049439945872,358.1358376207185,359.8471503413163,1.711312720597789,same_direction
stress,3,KITTI_odometry,05,5.0,100,2588,834,4.881437976869615,358.1358376207185,359.66782506587055,1.5319874451520263,same_direction
stress,3,KITTI_odometry,05,5.0,100,2589,822,4.807386299165183,358.1490405390922,355.25851017153707,2.8905303675551295,same_direction
stress,3,KITTI_odometry,05,5.0,100,2589,823,4.200590617865537,358.1490405390922,356.6618528260688,1.4871877130233884,same_direction
stress,3,KITTI_odometry,05,5.0,100,2589,824,3.571896802827471,358.1490405390922,357.6991719125664,0.44986862652581294,same_direction
stress,3,KITTI_odometry,05,5.0,100,2589,825,2.9348310203146415,358.1490405390922,358.45155102492885,0.30251048583664897,same_direction
stress,3,KITTI_odometry,05,5.0,100,2589,826,2.2915846158499216,358.1490405390922,359.12582484111203,0.976784302019837,same_direction
stress,3,KITTI_odometry,05,5.0,100,2589,827,1.6490770570913227,358.1490405390922,359.64472039581244,1.495679856720244,same_direction
stress,3,KITTI_odometry,05,5.0,100,2589,828,1.0504511514221027,358.1490405390922,359.9823509834575,1.8333104443652815,same_direction
stress,3,KITTI_odometry,05,5.0,100,2589,829,0.6839345526612903,358.1490405390922,0.17137150154366054,2.022330962451406,same_direction
stress,3,KITTI_odometry,05,5.0,100,2589,830,0.9356893214785493,358.1490405390922,0.2081349910753829,2.0590944519831282,same_direction
stress,3,KITTI_odometry,05,5.0,100,2589,831,1.5471459313978837,358.1490405390922,0.1465724939069446,1.9975319548148036,same_direction
stress,3,KITTI_odometry,05,5.0,100,2589,832,2.2581031928589956,358.1490405390922,0.01772740431829334,1.8686868652260955,same_direction
stress,3,KITTI_odometry,05,5.0,100,2589,833,3.0080017352922126,358.1490405390922,359.8471503413163,1.69810980222411,same_direction
stress,3,KITTI_odometry,05,5.0,100,2589,834,3.7782809811468447,358.1490405390922,359.66782506587055,1.5187845267783473,same_direction
stress,3,KITTI_odometry,05,5.0,100,2589,835,4.558120668384724,358.1490405390922,359.4975178749187,1.3484773358264874,same_direction
stress,3,KITTI_odometry,05,5.0,100,2590,824,4.6731354871781985,358.2045551385673,357.6991719125664,0.5053832260009017,same_direction
stress,3,KITTI_odometry,05,5.0,100,2590,825,4.028099175112771,358.2045551385673,358.45155102492885,0.24699588636156022,same_direction
stress,3,KITTI_odometry,05,5.0,100,2590,826,3.3709993703649825,358.2045551385673,359.12582484111203,0.9212697025447483,same_direction
stress,3,KITTI_odometry,05,5.0,100,2590,827,2.6998241477762965,358.2045551385673,359.64472039581244,1.4401652572451553,same_direction
stress,3,KITTI_odometry,05,5.0,100,2590,828,2.023970127014992,358.2045551385673,359.9823509834575,1.7777958448901927,same_direction
stress,3,KITTI_odometry,05,5.0,100,2590,829,1.3604091826538796,358.2045551385673,0.17137150154366054,1.966816362976374,same_direction
stress,3,KITTI_odometry,05,5.0,100,2590,830,0.7901559739418647,358.2045551385673,0.2081349910753829,2.0035798525080963,same_direction
stress,3,KITTI_odometry,05,5.0,100,2590,831,0.6875504283498041,358.2045551385673,0.1465724939069446,1.942017355339658,same_direction
stress,3,KITTI_odometry,05,5.0,100,2590,832,1.2122237793414947,358.2045551385673,0.01772740431829334,1.8131722657510636,same_direction
stress,3,KITTI_odometry,05,5.0,100,2590,833,1.9179251612312573,358.2045551385673,359.8471503413163,1.6425952027490212,same_direction
stress,3,KITTI_odometry,05,5.0,100,2590,834,2.6721983664033866,358.2045551385673,359.66782506587055,1.4632699273032586,same_direction
stress,3,KITTI_odometry,05,5.0,100,2590,835,3.4448196343392117,358.2045551385673,359.4975178749187,1.2929627363513987,same_direction
stress,3,KITTI_odometry,05,5.0,100,2590,836,4.232793559747983,358.2045551385673,359.3775473354386,1.1729921968712915,same_direction
stress,3,KITTI_odometry,05,5.0,100,2591,826,4.47304375412359,358.2564726759178,359.12582484111203,0.8693521651942433,same_direction
stress,3,KITTI_odometry,05,5.0,100,2591,827,3.793471383391331,358.2564726759178,359.64472039581244,1.3882477198946503,same_direction
stress,3,KITTI_odometry,05,5.0,100,2591,828,3.1017381503982686,358.2564726759178,359.9823509834575,1.7258783075396877,same_direction
stress,3,KITTI_odometry,05,5.0,100,2591,829,2.400933467890343,358.2564726759178,0.17137150154366054,1.914898825625869,same_direction
stress,3,KITTI_odometry,05,5.0,100,2591,830,1.7039664360617632,358.2564726759178,0.2081349910753829,1.9516623151575914,same_direction
stress,3,KITTI_odometry,05,5.0,100,2591,831,1.0400249315708654,358.2564726759178,0.1465724939069446,1.890099817989153,same_direction
stress,3,KITTI_odometry,05,5.0,100,2591,832,0.6077689846512407,358.2564726759178,0.01772740431829334,1.761254728400445,same_direction
stress,3,KITTI_odometry,05,5.0,100,2591,833,0.9153369784560176,358.2564726759178,359.8471503413163,1.5906776653985162,same_direction
stress,3,KITTI_odometry,05,5.0,100,2591,834,1.592004886394507,358.2564726759178,359.66782506587055,1.4113523899527536,same_direction
stress,3,KITTI_odometry,05,5.0,100,2591,835,2.342059486879871,358.2564726759178,359.4975178749187,1.2410451990008937,same_direction
stress,3,KITTI_odometry,05,5.0,100,2591,836,3.1211585993219018,358.2564726759178,359.3775473354386,1.1210746595207866,same_direction
stress,3,KITTI_odometry,05,5.0,100,2591,837,3.912895068912644,358.2564726759178,359.2773944199271,1.0209217440092857,same_direction
stress,3,KITTI_odometry,05,5.0,100,2591,838,4.715497657414426,358.2564726759178,359.18470285679683,0.9282301808790407,same_direction
stress,3,KITTI_odometry,05,5.0,100,2592,827,4.904032182188037,358.2842103906904,359.64472039581244,1.3605100051220234,same_direction
stress,3,KITTI_odometry,05,5.0,100,2592,828,4.206969453808898,358.2842103906904,359.9823509834575,1.6981405927670608,same_direction
stress,3,KITTI_odometry,05,5.0,100,2592,829,3.49676800283933,358.2842103906904,0.17137150154366054,1.8871611108531852,same_direction
stress,3,KITTI_odometry,05,5.0,100,2592,830,2.779816565427308,358.2842103906904,0.2081349910753829,1.9239246003849075,same_direction
stress,3,KITTI_odometry,05,5.0,100,2592,831,2.056897601826591,358.2842103906904,0.1465724939069446,1.862362103216583,same_direction
stress,3,KITTI_odometry,05,5.0,100,2592,832,1.3434993790847156,358.2842103906904,0.01772740431829334,1.7335170136278748,same_direction
stress,3,KITTI_odometry,05,5.0,100,2592,833,0.7268826111553435,358.2842103906904,359.8471503413163,1.5629399506258892,same_direction
stress,3,KITTI_odometry,05,5.0,100,2592,834,0.6743374622731518,358.2842103906904,359.66782506587055,1.3836146751801266,same_direction
stress,3,KITTI_odometry,05,5.0,100,2592,835,1.2749076792556362,358.2842103906904,359.4975178749187,1.2133074842282667,same_direction
stress,3,KITTI_odometry,05,5.0,100,2592,836,2.0208108561901628,358.2842103906904,359.3775473354386,1.0933369447481596,same_direction
stress,3,KITTI_odometry,05,5.0,100,2592,837,2.8006151374410395,358.2842103906904,359.2773944199271,0.9931840292366587,same_direction
stress,3,KITTI_odometry,05,5.0,100,2592,838,3.597706106998725,358.2842103906904,359.18470285679683,0.9004924661064138,same_direction
stress,3,KITTI_odometry,05,5.0,100,2592,839,4.401287886476971,358.2842103906904,359.1507987396939,0.8665883490035071,same_direction
stress,3,KITTI_odometry,05,5.0,100,2593,829,4.606830958920019,358.33721592631474,0.17137150154366054,1.8341555752289196,same_direction
stress,3,KITTI_odometry,05,5.0,100,2593,830,3.8839753038464475,358.33721592631474,0.2081349910753829,1.870919064760642,same_direction
stress,3,KITTI_odometry,05,5.0,100,2593,831,3.1488860904391207,358.33721592631474,0.1465724939069446,1.8093565675922036,same_direction
stress,3,KITTI_odometry,05,5.0,100,2593,832,2.403669832256508,358.33721592631474,0.01772740431829334,1.6805114780036092,same_direction
stress,3,KITTI_odometry,05,5.0,100,2593,833,1.6605751503142017,358.33721592631474,359.8471503413163,1.5099344150015668,same_direction
stress,3,KITTI_odometry,05,5.0,100,2593,834,0.9566672103276116,358.33721592631474,359.66782506587055,1.3306091395558042,same_direction
stress,3,KITTI_odometry,05,5.0,100,2593,835,0.5544020084523507,358.33721592631474,359.4975178749187,1.1603019486039443,same_direction
stress,3,KITTI_odometry,05,5.0,100,2593,836,0.9844840346948281,358.33721592631474,359.3775473354386,1.0403314091238371,same_direction
stress,3,KITTI_odometry,05,5.0,100,2593,837,1.7091809259645205,358.33721592631474,359.2773944199271,0.9401784936123363,same_direction
stress,3,KITTI_odometry,05,5.0,100,2593,838,2.4895588170294243,358.33721592631474,359.18470285679683,0.8474869304820913,same_direction
stress,3,KITTI_odometry,05,5.0,100,2593,839,3.286161303963021,358.33721592631474,359.1507987396939,0.8135828133791847,same_direction
stress,3,KITTI_odometry,05,5.0,100,2593,840,4.088293597192948,358.33721592631474,359.10998147031313,0.7727655439983891,same_direction
stress,3,KITTI_odometry,05,5.0,100,2593,841,4.892394542044206,358.33721592631474,359.0896668406439,0.7524509143291311,same_direction
stress,3,KITTI_odometry,05,5.0,100,2594,830,4.9893326977065975,358.3633384325683,0.2081349910753829,1.8447965585071415,same_direction
stress,3,KITTI_odometry,05,5.0,100,2594,831,4.250049760002818,358.3633384325683,0.1465724939069446,1.7832340613385895,same_direction
stress,3,KITTI_odometry,05,5.0,100,2594,832,3.4965467244927644,358.3633384325683,0.01772740431829334,1.654388971749995,same_direction
stress,3,KITTI_odometry,05,5.0,100,2594,833,2.73409260817919,358.3633384325683,359.8471503413163,1.4838119087480095,same_direction
stress,3,KITTI_odometry,05,5.0,100,2594,834,1.9691381064377014,358.3633384325683,359.66782506587055,1.304486633302247,same_direction
stress,3,KITTI_odometry,05,5.0,100,2594,835,1.2265510865940403,358.3633384325683,359.4975178749187,1.134179442350387,same_direction
stress,3,KITTI_odometry,05,5.0,100,2594,836,0.6190810393123027,358.3633384325683,359.3775473354386,1.0142089028702799,same_direction
stress,3,KITTI_odometry,05,5.0,100,2594,837,0.7356519492830664,358.3633384325683,359.2773944199271,0.914055987358779,same_direction
stress,3,KITTI_odometry,05,5.0,100,2594,838,1.4170303094415297,358.3633384325683,359.18470285679683,0.8213644242285341,same_direction
stress,3,KITTI_odometry,05,5.0,100,2594,839,2.189906564017958,358.3633384325683,359.1507987396939,0.7874603071256274,same_direction
stress,3,KITTI_odometry,05,5.0,100,2594,840,2.983312026229214,358.3633384325683,359.10998147031313,0.7466430377448319,same_direction
stress,3,KITTI_odometry,05,5.0,100,2594,841,3.783043635830931,358.3633384325683,359.0896668406439,0.7263284080755739,same_direction
stress,3,KITTI_odometry,05,5.0,100,2594,842,4.5874754576019185,358.3633384325683,359.06176333032585,0.6984248977575476,same_direction
stress,3,KITTI_odometry,05,5.0,100,2595,832,4.600739353322362,358.3953515040885,0.01772740431829334,1.6223759002298266,same_direction
stress,3,KITTI_odometry,05,5.0,100,2595,833,3.832263070703274,358.3953515040885,359.8471503413163,1.4517988372277841,same_direction
stress,3,KITTI_odometry,05,5.0,100,2595,834,3.055077329397909,358.3953515040885,359.66782506587055,1.2724735617820215,same_direction
stress,3,KITTI_odometry,05,5.0,100,2595,835,2.2794011440378417,358.3953515040885,359.4975178749187,1.1021663708301617,same_direction
stress,3,KITTI_odometry,05,5.0,100,2595,836,1.5139277961976882,358.3953515040885,359.3775473354386,0.9821958313500545,same_direction
stress,3,KITTI_odometry,05,5.0,100,2595,837,0.8100752759120758,358.3953515040885,359.2773944199271,0.8820429158385537,same_direction
stress,3,KITTI_odometry,05,5.0,100,2595,838,0.5600850007811274,358.3953515040885,359.18470285679683,0.7893513527083087,same_direction
stress,3,KITTI_odometry,05,5.0,100,2595,839,1.1351964058791677,358.3953515040885,359.1507987396939,0.7554472356054021,same_direction
stress,3,KITTI_odometry,05,5.0,100,2595,840,1.8928294660945895,358.3953515040885,359.10998147031313,0.7146299662246065,same_direction
stress,3,KITTI_odometry,05,5.0,100,2595,841,2.680383687501654,358.3953515040885,359.0896668406439,0.6943153365553485,same_direction
stress,3,KITTI_odometry,05,5.0,100,2595,842,3.4794920790304977,358.3953515040885,359.06176333032585,0.6664118262373222,same_direction
stress,3,KITTI_odometry,05,5.0,100,2595,843,4.2896863615961465,358.3953515040885,359.0303600727282,0.6350085686396483,same_direction
stress,3,KITTI_odometry,05,5.0,100,2596,833,4.944316410741118,358.4047265252458,359.8471503413163,1.4424238160705158,same_direction
stress,3,KITTI_odometry,05,5.0,100,2596,834,4.162899909852378,358.4047265252458,359.66782506587055,1.2630985406247532,same_direction
stress,3,KITTI_odometry,05,5.0,100,2596,835,3.379098401486543,358.4047265252458,359.4975178749187,1.0927913496728934,same_direction
stress,3,KITTI_odometry,05,5.0,100,2596,836,2.5929045500279972,358.4047265252458,359.3775473354386,0.9728208101927862,same_direction
stress,3,KITTI_odometry,05,5.0,100,2596,837,1.8123826131465757,358.4047265252458,359.2773944199271,0.8726678946812854,same_direction
stress,3,KITTI_odometry,05,5.0,100,2596,838,1.0601027871465998,358.4047265252458,359.18470285679683,0.7799763315510404,same_direction
stress,3,KITTI_odometry,05,5.0,100,2596,839,0.5262787579078203,358.4047265252458,359.1507987396939,0.7460722144481338,same_direction
stress,3,KITTI_odometry,05,5.0,100,2596,840,0.8670105386326031,358.4047265252458,359.10998147031313,0.7052549450673382,same_direction
stress,3,KITTI_odometry,05,5.0,100,2596,841,1.5920669068355862,358.4047265252458,359.0896668406439,0.6849403153980802,same_direction
stress,3,KITTI_odometry,05,5.0,100,2596,842,2.374217506009941,358.4047265252458,359.06176333032585,0.6570368050800539,same_direction
stress,3,KITTI_odometry,05,5.0,100,2596,843,3.1774305895651134,358.4047265252458,359.0303600727282,0.62563354748238,same_direction
stress,3,KITTI_odometry,05,5.0,100,2596,844,3.9924391921932973,358.4047265252458,358.9957508865476,0.5910243613018338,same_direction
stress,3,KITTI_odometry,05,5.0,100,2596,845,4.815034170430068,358.4047265252458,358.970624898949,0.5658983737031917,same_direction
stress,3,KITTI_odometry,05,5.0,100,2597,835,4.488325207091049,358.4458458658658,359.4975178749187,1.0516720090528793,same_direction
stress,3,KITTI_odometry,05,5.0,100,2597,836,3.695959153638452,358.4458458658658,359.3775473354386,0.9317014695727721,same_direction
stress,3,KITTI_odometry,05,5.0,100,2597,837,2.9018440473085443,358.4458458658658,359.2773944199271,0.8315485540612713,same_direction
stress,3,KITTI_odometry,05,5.0,100,2597,838,2.1078635980736484,358.4458458658658,359.18470285679683,0.7388569909310263,same_direction
stress,3,KITTI_odometry,05,5.0,100,2597,839,1.3327016208592932,358.4458458658658,359.1507987396939,0.7049528738281197,same_direction
stress,3,KITTI_odometry,05,5.0,100,2597,840,0.6580716998899158,358.4458458658658,359.10998147031313,0.6641356044473241,same_direction
stress,3,KITTI_odometry,05,5.0,100,2597,841,0.6316794004944327,358.4458458658658,359.0896668406439,0.6438209747780661,same_direction
stress,3,KITTI_odometry,05,5.0,100,2597,842,1.297196842520065,358.4458458658658,359.06176333032585,0.6159174644600398,same_direction
stress,3,KITTI_odometry,05,5.0,100,2597,843,2.0756104457667517,358.4458458658658,359.0303600727282,0.5845142068623659,same_direction
stress,3,KITTI_odometry,05,5.0,100,2597,844,2.8818523966450873,358.4458458658658,358.9957508865476,0.5499050206818197,same_direction
stress,3,KITTI_odometry,05,5.0,100,2597,845,3.700370847243437,358.4458458658658,358.970624898949,0.5247790330831776,same_direction
stress,3,KITTI_odometry,05,5.0,100,2597,846,4.520231899064594,358.4458458658658,358.946758200343,0.5009123344772206,same_direction
stress,3,KITTI_odometry,05,5.0,100,2598,836,4.8020798221108105,358.5113335677455,359.3775473354386,0.8662137676930683,same_direction
stress,3,KITTI_odometry,05,5.0,100,2598,837,4.003506338211546,358.5113335677455,359.2773944199271,0.7660608521815675,same_direction
stress,3,KITTI_odometry,05,5.0,100,2598,838,3.200363929781106,358.5113335677455,359.18470285679683,0.6733692890513225,same_direction
stress,3,KITTI_odometry,05,5.0,100,2598,839,2.400786137772576,358.5113335677455,359.1507987396939,0.6394651719484159,same_direction
stress,3,KITTI_odometry,05,5.0,100,2598,840,1.6160233084569062,358.5113335677455,359.10998147031313,0.5986479025676203,same_direction
stress,3,KITTI_odometry,05,5.0,100,2598,841,0.8769575821948203,358.5113335677455,359.0896668406439,0.5783332728983623,same_direction
stress,3,KITTI_odometry,05,5.0,100,2598,842,0.4927454609471324,358.5113335677455,359.06176333032585,0.550429762580336,same_direction
stress,3,KITTI_odometry,05,5.0,100,2598,843,1.0213555195405903,358.5113335677455,359.0303600727282,0.5190265049826621,same_direction
stress,3,KITTI_odometry,05,5.0,100,2598,844,1.7894679798222235,358.5113335677455,358.9957508865476,0.4844173188021159,same_direction
stress,3,KITTI_odometry,05,5.0,100,2598,845,2.5964035941989243,358.5113335677455,358.970624898949,0.4592913312034739,same_direction
stress,3,KITTI_odometry,05,5.0,100,2598,846,3.411343440968836,358.5113335677455,358.946758200343,0.43542463259751685,same_direction
stress,3,KITTI_odometry,05,5.0,100,2598,847,4.230405731747741,358.5113335677455,358.86897598777,0.3576424200244901,same_direction
stress,3,KITTI_odometry,05,5.0,100,2599,838,4.298067225090953,358.57573079850545,359.18470285679683,0.6089720582913856,same_direction
stress,3,KITTI_odometry,05,5.0,100,2599,839,3.4921637694272043,358.57573079850545,359.1507987396939,0.5750679411884789,same_direction
stress,3,KITTI_odometry,05,5.0,100,2599,840,2.691788548572318,358.57573079850545,359.10998147031313,0.5342506718076834,same_direction
stress,3,KITTI_odometry,05,5.0,100,2599,841,1.89913987864928,358.57573079850545,359.0896668406439,0.5139360421384254,same_direction
stress,3,KITTI_odometry,05,5.0,100,2599,842,1.1324631502565514,358.57573079850545,359.06176333032585,0.48603253182039907,same_direction
stress,3,KITTI_odometry,05,5.0,100,2599,843,0.519439467896884,358.57573079850545,359.0303600727282,0.45462927422272514,same_direction
stress,3,KITTI_odometry,05,5.0,100,2599,844,0.7765966889550825,358.57573079850545,358.9957508865476,0.42002008804217894,same_direction
stress,3,KITTI_odometry,05,5.0,100,2599,845,1.5185092383992997,358.57573079850545,358.970624898949,0.3948941004435369,same_direction
stress,3,KITTI_odometry,05,5.0,100,2599,846,2.3173670331270397,358.57573079850545,358.946758200343,0.3710274018375799,same_direction
stress,3,KITTI_odometry,05,5.0,100,2599,847,3.130333207804089,358.57573079850545,358.86897598777,0.2932451892645531,same_direction
stress,3,KITTI_odometry,05,5.0,100,2599,848,3.947966201995644,358.57573079850545,358.76359614333364,0.1878653448281966,same_direction
stress,3,KITTI_odometry,05,5.0,100,2599,849,4.76543323093966,358.57573079850545,358.6587530679536,0.08302226944817903,same_direction
stress,3,KITTI_odometry,05,5.0,100,2600,839,4.592939221889287,358.56839542813003,359.1507987396939,0.582403311563894,same_direction
stress,3,KITTI_odometry,05,5.0,100,2600,840,3.7876659112841575,358.56839542813003,359.10998147031313,0.5415860421830985,same_direction
stress,3,KITTI_odometry,05,5.0,100,2600,841,2.9847866290857317,358.56839542813003,359.0896668406439,0.5212714125138405,same_direction
stress,3,KITTI_odometry,05,5.0,100,2600,842,2.1874033402223647,358.56839542813003,359.06176333032585,0.49336790219581417,same_direction
stress,3,KITTI_odometry,05,5.0,100,2600,843,1.3989576312740741,358.56839542813003,359.0303600727282,0.46196464459814024,same_direction
stress,3,KITTI_odometry,05,5.0,100,2600,844,0.680175113870682,358.56839542813003,358.9957508865476,0.42735545841759404,same_direction
stress,3,KITTI_odometry,05,5.0,100,2600,845,0.5718925408859677,358.56839542813003,358.970624898949,0.402229470818952,same_direction
stress,3,KITTI_odometry,05,5.0,100,2600,846,1.24810129758166,358.56839542813003,358.946758200343,0.37836277221299497,same_direction
stress,3,KITTI_odometry,05,5.0,100,2600,847,2.038207169152353,358.56839542813003,358.86897598777,0.3005805596399682,same_direction
stress,3,KITTI_odometry,05,5.0,100,2600,848,2.847945050581027,358.56839542813003,358.76359614333364,0.1952007152036117,same_direction
stress,3,KITTI_odometry,05,5.0,100,2600,849,3.661748798815267,358.56839542813003,358.6587530679536,0.09035763982359413,same_direction
stress,3,KITTI_odometry,05,5.0,100,2600,850,4.479466207843199,358.56839542813003,358.5609660316917,0.0074293964383400635,same_direction
stress,3,KITTI_odometry,05,5.0,100,2601,840,4.888213469528949,358.58966346022254,359.10998147031313,0.5203180100905911,same_direction
stress,3,KITTI_odometry,05,5.0,100,2601,841,4.081870974796865,358.58966346022254,359.0896668406439,0.5000033804213331,same_direction
stress,3,KITTI_odometry,05,5.0,100,2601,842,3.277267355324564,358.58966346022254,359.06176333032585,0.4720998701033068,same_direction
stress,3,KITTI_odometry,05,5.0,100,2601,843,2.469988173979794,358.58966346022254,359.0303600727282,0.44069661250563286,same_direction
stress,3,KITTI_odometry,05,5.0,100,2601,844,1.6678438687865986,358.58966346022254,358.9957508865476,0.40608742632508665,same_direction
stress,3,KITTI_odometry,05,5.0,100,2601,845,0.9004611838835745,358.58966346022254,358.970624898949,0.3809614387264446,same_direction
stress,3,KITTI_odometry,05,5.0,100,2601,846,0.4592801548347146,358.58966346022254,358.946758200343,0.3570947401204876,same_direction
stress,3,KITTI_odometry,05,5.0,100,2601,847,0.9890686726431023,358.58966346022254,358.86897598777,0.27931252754746083,same_direction
stress,3,KITTI_odometry,05,5.0,100,2601,848,1.7626291248611876,358.58966346022254,358.76359614333364,0.17393268311110432,same_direction
stress,3,KITTI_odometry,05,5.0,100,2601,849,2.565580594724114,358.58966346022254,358.6587530679536,0.06908960773108674,same_direction
stress,3,KITTI_odometry,05,5.0,100,2601,850,3.3786929414388887,358.58966346022254,358.5609660316917,0.028697428530847446,same_direction
stress,3,KITTI_odometry,05,5.0,100,2601,851,4.1927006125227795,358.58966346022254,358.4803302933246,0.10933316689795447,same_direction
stress,3,KITTI_odometry,05,5.0,100,2602,842,4.36797104767145,358.5229181005793,359.06176333032585,0.5388452297465278,same_direction
stress,3,KITTI_odometry,05,5.0,100,2602,843,3.555490326422504,358.5229181005793,359.0303600727282,0.5074419721488539,same_direction
stress,3,KITTI_odometry,05,5.0,100,2602,844,2.7407578143690556,358.5229181005793,358.9957508865476,0.4728327859683077,same_direction
stress,3,KITTI_odometry,05,5.0,100,2602,845,1.9286620984612606,358.5229181005793,358.970624898949,0.44770679836966565,same_direction
stress,3,KITTI_odometry,05,5.0,100,2602,846,1.1416515889574206,358.5229181005793,358.946758200343,0.4238400997637086,same_direction
stress,3,KITTI_odometry,05,5.0,100,2602,847,0.5055611670213601,358.5229181005793,358.86897598777,0.34605788719068187,same_direction
stress,3,KITTI_odometry,05,5.0,100,2602,848,0.7552537815072355,358.5229181005793,358.76359614333364,0.24067804275432536,same_direction
stress,3,KITTI_odometry,05,5.0,100,2602,849,1.495839896930479,358.5229181005793,358.6587530679536,0.13583496737430778,same_direction
stress,3,KITTI_odometry,05,5.0,100,2602,850,2.293713270708658,358.5229181005793,358.5609660316917,0.03804793111237359,same_direction
stress,3,KITTI_odometry,05,5.0,100,2602,851,3.1020612062886452,358.5229181005793,358.4803302933246,0.042587807254733434,same_direction
stress,3,KITTI_odometry,05,5.0,100,2602,852,3.9106823598191767,358.5229181005793,358.37333613053323,0.14958197004608564,same_direction
stress,3,KITTI_odometry,05,5.0,100,2602,853,4.719619840612585,358.5229181005793,358.25718293874525,0.26573516183407264,same_direction
stress,3,KITTI_odometry,05,5.0,100,2603,843,4.646293799896963,358.5305642214488,359.0303600727282,0.499795851279373,same_direction
stress,3,KITTI_odometry,05,5.0,100,2603,844,3.8273809983857134,358.5305642214488,358.9957508865476,0.4651866650988268,same_direction
stress,3,KITTI_odometry,05,5.0,100,2603,845,3.006139927402575,358.5305642214488,358.970624898949,0.44006067750018474,same_direction
stress,3,KITTI_odometry,05,5.0,100,2603,846,2.1920834618134375,358.5305642214488,358.946758200343,0.4161939788942277,same_direction
stress,3,KITTI_odometry,05,5.0,100,2603,847,1.3941022782597356,358.5305642214488,358.86897598777,0.33841176632120096,same_direction
stress,3,KITTI_odometry,05,5.0,100,2603,848,0.6676132856197613,358.5305642214488,358.76359614333364,0.23303192188484445,same_direction
stress,3,KITTI_odometry,05,5.0,100,2603,849,0.5529874039397286,358.5305642214488,358.6587530679536,0.12818884650482687,same_direction
stress,3,KITTI_odometry,05,5.0,100,2603,850,1.2331940939787287,358.5305642214488,358.5609660316917,0.03040181024289268,same_direction
stress,3,KITTI_odometry,05,5.0,100,2603,851,2.020399560249407,358.5305642214488,358.4803302933246,0.050233928124214344,same_direction
stress,3,KITTI_odometry,05,5.0,100,2603,852,2.8216517378329926,358.5305642214488,358.37333613053323,0.15722809091556655,same_direction
stress,3,KITTI_odometry,05,5.0,100,2603,853,3.62718873179009,358.5305642214488,358.25718293874525,0.27338128270355355,same_direction
stress,3,KITTI_odometry,05,5.0,100,2603,854,4.434413212222774,358.5305642214488,358.1553638131608,0.37520040828798074,same_direction
stress,3,KITTI_odometry,05,5.0,100,2604,844,4.9126391814241686,358.52838185848327,358.9957508865476,0.4673690280643541,same_direction
stress,3,KITTI_odometry,05,5.0,100,2604,845,4.088251035939924,358.52838185848327,358.970624898949,0.44224304046571206,same_direction
stress,3,KITTI_odometry,05,5.0,100,2604,846,3.267801448218038,358.52838185848327,358.946758200343,0.41837634185975503,same_direction
stress,3,KITTI_odometry,05,5.0,100,2604,847,2.452459277991976,358.52838185848327,358.86897598777,0.3405941292867283,same_direction
stress,3,KITTI_odometry,05,5.0,100,2604,848,1.6479618017769728,358.52838185848327,358.76359614333364,0.23521428485037177,same_direction
stress,3,KITTI_odometry,05,5.0,100,2604,849,0.8834260047881677,358.52838185848327,358.6587530679536,0.1303712094703542,same_direction
stress,3,KITTI_odometry,05,5.0,100,2604,850,0.44545962205793815,358.52838185848327,358.5609660316917,0.03258417320842,same_direction
stress,3,KITTI_odometry,05,5.0,100,2604,851,0.9853381484729071,358.52838185848327,358.4803302933246,0.048051565158687026,same_direction
stress,3,KITTI_odometry,05,5.0,100,2604,852,1.7524868832022686,358.52838185848327,358.37333613053323,0.15504572795003924,same_direction
stress,3,KITTI_odometry,05,5.0,100,2604,853,2.5477314179922996,358.52838185848327,358.25718293874525,0.27119891973802623,same_direction
stress,3,KITTI_odometry,05,5.0,100,2604,854,3.350599321273135,358.52838185848327,358.1553638131608,0.3730180453224534,same_direction
stress,3,KITTI_odometry,05,5.0,100,2604,855,4.152546424714474,358.52838185848327,358.0614538383867,0.4669280200965886,same_direction
stress,3,KITTI_odometry,05,5.0,100,2604,856,4.950506548283325,358.52838185848327,357.9957814491521,0.5326004093311667,same_direction
stress,3,KITTI_odometry,05,5.0,100,2605,846,4.345621533822865,358.5393927727012,358.946758200343,0.40736542764182104,same_direction
stress,3,KITTI_odometry,05,5.0,100,2605,847,3.5251595677563277,358.5393927727012,358.86897598777,0.3295832150687943,same_direction
stress,3,KITTI_odometry,05,5.0,100,2605,848,2.7084222889293095,358.5393927727012,358.76359614333364,0.22420337063243778,same_direction
stress,3,KITTI_odometry,05,5.0,100,2605,849,1.9008762637859962,358.5393927727012,358.6587530679536,0.1193602952524202,same_direction
stress,3,KITTI_odometry,05,5.0,100,2605,850,1.1148469177286129,358.5393927727012,358.5609660316917,0.02157325899048601,same_direction
stress,3,KITTI_odometry,05,5.0,100,2605,851,0.4847321408871101,358.5393927727012,358.4803302933246,0.05906247937662101,same_direction
stress,3,KITTI_odometry,05,5.0,100,2605,852,0.7511810391170597,358.5393927727012,358.37333613053323,0.16605664216797322,same_direction
stress,3,KITTI_odometry,05,5.0,100,2605,853,1.4890557974018284,358.5393927727012,358.25718293874525,0.2822098339559602,same_direction
stress,3,KITTI_odometry,05,5.0,100,2605,854,2.27798395854074,358.5393927727012,358.1553638131608,0.3840289595403874,same_direction
stress,3,KITTI_odometry,05,5.0,100,2605,855,3.0745883114563317,358.5393927727012,358.0614538383867,0.4779389343145226,same_direction
stress,3,KITTI_odometry,05,5.0,100,2605,856,3.869850044915044,358.5393927727012,357.9957814491521,0.5436113235491007,same_direction
stress,3,KITTI_odometry,05,5.0,100,2605,857,4.659380885743947,358.5393927727012,357.9111452551502,0.6282475175510172,same_direction
stress,3,KITTI_odometry,05,5.0,100,2606,847,4.5910279336463224,358.58515577170635,358.86897598777,0.2838202160636456,same_direction
stress,3,KITTI_odometry,05,5.0,100,2606,848,3.7705018796043577,358.58515577170635,358.76359614333364,0.1784403716272891,same_direction
stress,3,KITTI_odometry,05,5.0,100,2606,849,2.9547010784957455,358.58515577170635,358.6587530679536,0.07359729624727152,same_direction
stress,3,KITTI_odometry,05,5.0,100,2606,850,2.143379587426341,358.58515577170635,358.5609660316917,0.024189740014662675,same_direction
stress,3,KITTI_odometry,05,5.0,100,2606,851,1.3522020725098625,358.58515577170635,358.4803302933246,0.1048254783817697,same_direction
stress,3,KITTI_odometry,05,5.0,100,2606,852,0.6397600663530012,358.58515577170635,358.37333613053323,0.2118196411731219,same_direction
stress,3,KITTI_odometry,05,5.0,100,2606,853,0.5639992556741626,358.58515577170635,358.25718293874525,0.3279728329611089,same_direction
stress,3,KITTI_odometry,05,5.0,100,2606,854,1.2445302447510085,358.58515577170635,358.1553638131608,0.4297919585455361,same_direction
stress,3,KITTI_odometry,05,5.0,100,2606,855,2.020369609037167,358.58515577170635,358.0614538383867,0.5237019333196713,same_direction
stress,3,KITTI_odometry,05,5.0,100,2606,856,2.8081218567754616,358.58515577170635,357.9957814491521,0.5893743225542494,same_direction
stress,3,KITTI_odometry,05,5.0,100,2606,857,3.5940798081413203,358.58515577170635,357.9111452551502,0.6740105165561658,same_direction
stress,3,KITTI_odometry,05,5.0,100,2606,858,4.380091551050519,358.58515577170635,357.8859506616285,0.6992051100778554,same_direction
stress,3,KITTI_odometry,05,5.0,100,2607,848,4.821315204194927,358.63677676130675,358.76359614333364,0.1268193820268948,same_direction
stress,3,KITTI_odometry,05,5.0,100,2607,849,4.002622790197577,358.63677676130675,358.6587530679536,0.02197630664687722,same_direction
stress,3,KITTI_odometry,05,5.0,100,2607,850,3.1852215803025357,358.63677676130675,358.5609660316917,0.07581072961505697,same_direction
stress,3,KITTI_odometry,05,5.0,100,2607,851,2.3767147590910076,358.63677676130675,358.4803302933246,0.156446467982164,same_direction
stress,3,KITTI_odometry,05,5.0,100,2607,852,1.5835022691240592,358.63677676130675,358.37333613053323,0.2634406307735162,same_direction
stress,3,KITTI_odometry,05,5.0,100,2607,853,0.8356659288519586,358.63677676130675,358.25718293874525,0.3795938225615032,same_direction
stress,3,KITTI_odometry,05,5.0,100,2607,854,0.46278399237764994,358.63677676130675,358.1553638131608,0.4814129481459304,same_direction
stress,3,KITTI_odometry,05,5.0,100,2607,855,1.0210072538919424,358.63677676130675,358.0614538383867,0.5753229229200656,same_direction
stress,3,KITTI_odometry,05,5.0,100,2607,856,1.7756776150306615,358.63677676130675,357.9957814491521,0.6409953121546437,same_direction
stress,3,KITTI_odometry,05,5.0,100,2607,857,2.5511408918238945,358.63677676130675,357.9111452551502,0.7256315061565601,same_direction
stress,3,KITTI_odometry,05,5.0,100,2607,858,3.332533438285202,358.63677676130675,357.8859506616285,0.7508260996782496,same_direction
stress,3,KITTI_odometry,05,5.0,100,2607,859,4.109477601457878,358.63677676130675,357.89235121665456,0.7444255446521879,same_direction
stress,3,KITTI_odometry,05,5.0,100,2607,860,4.878719778844555,358.63677676130675,357.91565939619113,0.7211173651156173,same_direction
stress,3,KITTI_odometry,05,5.0,100,2608,850,4.218128562788102,358.7117931210583,358.5609660316917,0.15082708936660083,same_direction
stress,3,KITTI_odometry,05,5.0,100,2608,851,3.404655276260567,358.7117931210583,358.4803302933246,0.23146282773370785,same_direction
stress,3,KITTI_odometry,05,5.0,100,2608,852,2.5990909144716317,358.7117931210583,358.37333613053323,0.33845699052506006,same_direction
stress,3,KITTI_odometry,05,5.0,100,2608,853,1.8042039958541143,358.7117931210583,358.25718293874525,0.45461018231304706,same_direction
stress,3,KITTI_odometry,05,5.0,100,2608,854,1.0406688908240678,358.7117931210583,358.1553638131608,0.5564293078974742,same_direction
stress,3,KITTI_odometry,05,5.0,100,2608,855,0.48304017967866864,358.7117931210583,358.0614538383867,0.6503392826716095,same_direction
stress,3,KITTI_odometry,05,5.0,100,2608,856,0.8230640013322262,358.7117931210583,357.9957814491521,0.7160116719061875,same_direction
stress,3,KITTI_odometry,05,5.0,100,2608,857,1.543534943030465,358.7117931210583,357.9111452551502,0.800647865908104,same_direction
stress,3,KITTI_odometry,05,5.0,100,2608,858,2.309954716011782,358.7117931210583,357.8859506616285,0.8258424594297935,same_direction
stress,3,KITTI_odometry,05,5.0,100,2608,859,3.080783405359115,358.7117931210583,357.89235121665456,0.8194419044037318,same_direction
stress,3,KITTI_odometry,05,5.0,100,2608,860,3.8467981479304565,358.7117931210583,357.91565939619113,0.7961337248671612,same_direction
stress,3,KITTI_odometry,05,5.0,100,2608,861,4.599896517863877,358.7117931210583,357.9588193861916,0.752973734866714,same_direction
stress,3,KITTI_odometry,05,5.0,100,2609,851,4.417669850440263,358.78290875909147,358.4803302933246,0.3025784657668851,same_direction
stress,3,KITTI_odometry,05,5.0,100,2609,852,3.607850617723657,358.78290875909147,358.37333613053323,0.4095726285582373,same_direction
stress,3,KITTI_odometry,05,5.0,100,2609,853,2.8031568179671873,358.78290875909147,358.25718293874525,0.5257258203462243,same_direction
stress,3,KITTI_odometry,05,5.0,100,2609,854,2.007394128727339,358.78290875909147,358.1553638131608,0.6275449459306515,same_direction
stress,3,KITTI_odometry,05,5.0,100,2609,855,1.2384916328195374,358.78290875909147,358.0614538383867,0.7214549207047867,same_direction
stress,3,KITTI_odometry,05,5.0,100,2609,856,0.5857823848572026,358.78290875909147,357.9957814491521,0.7871273099393647,same_direction
stress,3,KITTI_odometry,05,5.0,100,2609,857,0.6552273496245542,358.78290875909147,357.9111452551502,0.8717635039412812,same_direction
stress,3,KITTI_odometry,05,5.0,100,2609,858,1.330350891917256,358.78290875909147,357.8859506616285,0.8969580974629707,same_direction
stress,3,KITTI_odometry,05,5.0,100,2609,859,2.0806963547322486,358.78290875909147,357.89235121665456,0.890557542436909,same_direction
stress,3,KITTI_odometry,05,5.0,100,2609,860,2.8388273330868747,358.78290875909147,357.91565939619113,0.8672493629003384,same_direction
stress,3,KITTI_odometry,05,5.0,100,2609,861,3.587974801109419,358.78290875909147,357.9588193861916,0.8240893728998913,same_direction
stress,3,KITTI_odometry,05,5.0,100,2609,862,4.324706004075783,358.78290875909147,357.9754286488593,0.8074801102321771,same_direction
stress,3,KITTI_odometry,05,5.0,100,2610,852,4.600145762541028,358.8358547335959,358.37333613053323,0.46251860306267645,same_direction
stress,3,KITTI_odometry,05,5.0,100,2610,853,3.7919455619722533,358.8358547335959,358.25718293874525,0.5786717948506634,same_direction
stress,3,KITTI_odometry,05,5.0,100,2610,854,2.988315299305634,358.8358547335959,358.1553638131608,0.6804909204350906,same_direction
stress,3,KITTI_odometry,05,5.0,100,2610,855,2.196152219689952,358.8358547335959,358.0614538383867,0.7744008952092258,same_direction
stress,3,KITTI_odometry,05,5.0,100,2610,856,1.4255620618633305,358.8358547335959,357.9957814491521,0.8400732844438039,same_direction
stress,3,KITTI_odometry,05,5.0,100,2610,857,0.7306683187336109,358.8358547335959,357.9111452551502,0.9247094784457204,same_direction
stress,3,KITTI_odometry,05,5.0,100,2610,858,0.543815470633189,358.8358547335959,357.8859506616285,0.9499040719674099,same_direction
stress,3,KITTI_odometry,05,5.0,100,2610,859,1.137189764393344,358.8358547335959,357.89235121665456,0.9435035169413482,same_direction
stress,3,KITTI_odometry,05,5.0,100,2610,860,1.8652950825743386,358.8358547335959,357.91565939619113,0.9201953374047775,same_direction
stress,3,KITTI_odometry,05,5.0,100,2610,861,2.6038804045502957,358.8358547335959,357.9588193861916,0.8770353474043304,same_direction
stress,3,KITTI_odometry,05,5.0,100,2610,862,3.3357600210332805,358.8358547335959,357.9754286488593,0.8604260847366163,same_direction
stress,3,KITTI_odometry,05,5.0,100,2610,863,4.052223567100393,358.8358547335959,357.9791629023373,0.8566918312586154,same_direction
stress,3,KITTI_odometry,05,5.0,100,2610,864,4.753773030213361,358.8358547335959,357.94627039641466,0.8895843371812475,same_direction
stress,3,KITTI_odometry,05,5.0,100,2611,853,4.766975054267547,358.9117809158069,358.25718293874525,0.6545979770616555,same_direction
stress,3,KITTI_odometry,05,5.0,100,2611,854,3.9602201736474396,358.9117809158069,358.1553638131608,0.7564171026460826,same_direction
stress,3,KITTI_odometry,05,5.0,100,2611,855,3.1613181938364177,358.9117809158069,358.0614538383867,0.8503270774202178,same_direction
stress,3,KITTI_odometry,05,5.0,100,2611,856,2.3730675247038486,358.9117809158069,357.9957814491521,0.9159994666547959,same_direction
stress,3,KITTI_odometry,05,5.0,100,2611,857,1.6052410835214141,358.9117809158069,357.9111452551502,1.0006356606567124,same_direction
stress,3,KITTI_odometry,05,5.0,100,2611,858,0.8877685082137171,358.9117809158069,357.8859506616285,1.025830254178402,same_direction
stress,3,KITTI_odometry,05,5.0,100,2611,859,0.501424985186219,358.9117809158069,357.89235121665456,1.0194296991523402,same_direction
stress,3,KITTI_odometry,05,5.0,100,2611,860,0.9599656112924069,358.9117809158069,357.91565939619113,0.9961215196157696,same_direction
stress,3,KITTI_odometry,05,5.0,100,2611,861,1.6539708108745474,358.9117809158069,357.9588193861916,0.9529615296153224,same_direction
stress,3,KITTI_odometry,05,5.0,100,2611,862,2.3720704814688722,358.9117809158069,357.9754286488593,0.9363522669476083,same_direction
stress,3,KITTI_odometry,05,5.0,100,2611,863,3.0826368815959944,358.9117809158069,357.9791629023373,0.9326180134696074,same_direction
stress,3,KITTI_odometry,05,5.0,100,2611,864,3.78111608999723,358.9117809158069,357.94627039641466,0.9655105193922395,same_direction
stress,3,KITTI_odometry,05,5.0,100,2611,865,4.465089746629492,358.9117809158069,357.86311570688025,1.04866520892665,same_direction
stress,3,KITTI_odometry,05,5.0,100,2612,854,4.929625684613384,358.9755355611287,358.1553638131608,0.8201717479678905,same_direction
stress,3,KITTI_odometry,05,5.0,100,2612,855,4.127777483033819,358.9755355611287,358.0614538383867,0.9140817227420257,same_direction
stress,3,KITTI_odometry,05,5.0,100,2612,856,3.333705990275676,358.9755355611287,357.9957814491521,0.9797541119766038,same_direction
stress,3,KITTI_odometry,05,5.0,100,2612,857,2.551806436963606,358.9755355611287,357.9111452551502,1.0643903059785202,same_direction
stress,3,KITTI_odometry,05,5.0,100,2612,858,1.7836901155312666,358.9755355611287,357.8859506616285,1.0895848995002098,same_direction
stress,3,KITTI_odometry,05,5.0,100,2612,859,1.0581069197396678,358.9755355611287,357.89235121665456,1.083184344474148,same_direction
stress,3,KITTI_odometry,05,5.0,100,2612,860,0.5315075639311175,358.9755355611287,357.91565939619113,1.0598761649375774,same_direction
stress,3,KITTI_odometry,05,5.0,100,2612,861,0.7864314994511784,358.9755355611287,357.9588193861916,1.0167161749371303,same_direction
stress,3,KITTI_odometry,05,5.0,100,2612,862,1.4359870992860764,358.9755355611287,357.9754286488593,1.0001069122694162,same_direction
stress,3,KITTI_odometry,05,5.0,100,2612,863,2.1281329968298524,358.9755355611287,357.9791629023373,0.9963726587914152,same_direction
stress,3,KITTI_odometry,05,5.0,100,2612,864,2.819135680866758,358.9755355611287,357.94627039641466,1.0292651647140474,same_direction
stress,3,KITTI_odometry,05,5.0,100,2612,865,3.499314711151887,358.9755355611287,357.86311570688025,1.1124198542484578,same_direction
stress,3,KITTI_odometry,05,5.0,100,2612,866,4.162750132607172,358.9755355611287,357.78493489437795,1.190600666750754,same_direction
stress,3,KITTI_odometry,05,5.0,100,2612,867,4.8127380714849926,358.9755355611287,357.6685717923276,1.306963768801097,same_direction
stress,3,KITTI_odometry,05,5.0,100,2613,856,4.286154730090366,358.9761684257534,357.9957814491521,0.9803869766012667,same_direction
stress,3,KITTI_odometry,05,5.0,100,2613,857,3.499495510505614,358.9761684257534,357.9111452551502,1.0650231706031832,same_direction
stress,3,KITTI_odometry,05,5.0,100,2613,858,2.7201460928442764,358.9761684257534,357.8859506616285,1.0902177641248727,same_direction
stress,3,KITTI_odometry,05,5.0,100,2613,859,1.958608096895595,358.9761684257534,357.89235121665456,1.083817209098811,same_direction
stress,3,KITTI_odometry,05,5.0,100,2613,860,1.2311437480651772,358.9761684257534,357.91565939619113,1.0605090295622404,same_direction
stress,3,KITTI_odometry,05,5.0,100,2613,861,0.6300222039333142,358.9761684257534,357.9588193861916,1.0173490395617932,same_direction
stress,3,KITTI_odometry,05,5.0,100,2613,862,0.6448808762430478,358.9761684257534,357.9754286488593,1.0007397768940791,same_direction
stress,3,KITTI_odometry,05,5.0,100,2613,863,1.2231191365946226,358.9761684257534,357.9791629023373,0.9970055234160782,same_direction
stress,3,KITTI_odometry,05,5.0,100,2613,864,1.887003305371775,358.9761684257534,357.94627039641466,1.0298980293387103,same_direction
stress,3,KITTI_odometry,05,5.0,100,2613,865,2.556802110202498,358.9761684257534,357.86311570688025,1.1130527188731207,same_direction
stress,3,KITTI_odometry,05,5.0,100,2613,866,3.215034798618662,358.9761684257534,357.78493489437795,1.191233531375417,same_direction
stress,3,KITTI_odometry,05,5.0,100,2613,867,3.8620797096933366,358.9761684257534,357.6685717923276,1.30759663342576,same_direction
stress,3,KITTI_odometry,05,5.0,100,2613,868,4.4926912267463806,358.9761684257534,357.5243249048504,1.451843520902969,same_direction
stress,3,KITTI_odometry,05,5.0,100,2614,857,4.446331229641896,358.9511831065389,357.9111452551502,1.0400378513887176,same_direction
stress,3,KITTI_odometry,05,5.0,100,2614,858,3.6626176043485468,358.9511831065389,357.8859506616285,1.0652324449104071,same_direction
stress,3,KITTI_odometry,05,5.0,100,2614,859,2.8913347506853833,358.9511831065389,357.89235121665456,1.0588318898843454,same_direction
stress,3,KITTI_odometry,05,5.0,100,2614,860,2.136615595945115,358.9511831065389,357.91565939619113,1.0355237103477748,same_direction
stress,3,KITTI_odometry,05,5.0,100,2614,861,1.4143867000537498,358.9511831065389,357.9588193861916,0.9923637203473277,same_direction
stress,3,KITTI_odometry,05,5.0,100,2614,862,0.7768644400382756,358.9511831065389,357.9754286488593,0.9757544576796136,same_direction
stress,3,KITTI_odometry,05,5.0,100,2614,863,0.5526441823415862,358.9511831065389,357.9791629023373,0.9720202042016126,same_direction
stress,3,KITTI_odometry,05,5.0,100,2614,864,1.0122484550820627,358.9511831065389,357.94627039641466,1.0049127101242448,same_direction
stress,3,KITTI_odometry,05,5.0,100,2614,865,1.6395012980549926,358.9511831065389,357.86311570688025,1.0880673996586552,same_direction
stress,3,KITTI_odometry,05,5.0,100,2614,866,2.2827532235441073,358.9511831065389,357.78493489437795,1.1662482121609514,same_direction
stress,3,KITTI_odometry,05,5.0,100,2614,867,2.9228587435661413,358.9511831065389,357.6685717923276,1.2826113142112945,same_direction
stress,3,KITTI_odometry,05,5.0,100,2614,868,3.5498038581735756,358.9511831065389,357.5243249048504,1.4268582016885034,same_direction
stress,3,KITTI_odometry,05,5.0,100,2614,869,4.153743437168953,358.9511831065389,357.3404966045896,1.610686501949317,same_direction
stress,3,KITTI_odometry,05,5.0,100,2614,870,4.739424706760941,358.9511831065389,357.16962058551775,1.7815625210211579,same_direction
stress,3,KITTI_odometry,05,5.0,100,2615,858,4.602333637321941,358.9301519123248,357.8859506616285,1.0442012506962897,same_direction
stress,3,KITTI_odometry,05,5.0,100,2615,859,3.8271273270713113,358.9301519123248,357.89235121665456,1.037800695670228,same_direction
stress,3,KITTI_odometry,05,5.0,100,2615,860,3.064323024127997,358.9301519123248,357.91565939619113,1.0144925161336573,same_direction
stress,3,KITTI_odometry,05,5.0,100,2615,861,2.321949569343823,358.9301519123248,357.9588193861916,0.9713325261332102,same_direction
stress,3,KITTI_odometry,05,5.0,100,2615,862,1.6094043758636318,358.9301519123248,357.9754286488593,0.9547232634654961,same_direction
stress,3,KITTI_odometry,05,5.0,100,2615,863,0.9618514203810405,358.9301519123248,357.9791629023373,0.9509890099874951,same_direction
stress,3,KITTI_odometry,05,5.0,100,2615,864,0.5567213507752337,358.9301519123248,357.94627039641466,0.9838815159101273,same_direction
stress,3,KITTI_odometry,05,5.0,100,2615,865,0.8191090346376255,358.9301519123248,357.86311570688025,1.0670362054445377,same_direction
stress,3,KITTI_odometry,05,5.0,100,2615,866,1.388605604685494,358.9301519123248,357.78493489437795,1.145217017946834,same_direction
stress,3,KITTI_odometry,05,5.0,100,2615,867,2.005883441104185,358.9301519123248,357.6685717923276,1.261580119997177,same_direction
stress,3,KITTI_odometry,05,5.0,100,2615,868,2.6231594177786675,358.9301519123248,357.5243249048504,1.405827007474386,same_direction
stress,3,KITTI_odometry,05,5.0,100,2615,869,3.222053970780907,358.9301519123248,357.3404966045896,1.5896553077351996,same_direction
stress,3,KITTI_odometry,05,5.0,100,2615,870,3.804712862527329,358.9301519123248,357.16962058551775,1.7605313268070404,same_direction
stress,3,KITTI_odometry,05,5.0,100,2615,871,4.367142166141255,358.9301519123248,357.00441233245704,1.9257395798677521,same_direction
stress,3,KITTI_odometry,05,5.0,100,2615,872,4.912737553415192,358.9301519123248,356.8354088441263,2.094743068198511,same_direction
stress,3,KITTI_odometry,05,5.0,100,2616,859,4.761878999101198,358.93767086600434,357.89235121665456,1.0453196493497785,same_direction
stress,3,KITTI_odometry,05,5.0,100,2616,860,3.9954413438462537,358.93767086600434,357.91565939619113,1.022011469813208,same_direction
stress,3,KITTI_odometry,05,5.0,100,2616,861,3.2462067631253815,358.93767086600434,357.9588193861916,0.9788514798127608,same_direction
stress,3,KITTI_odometry,05,5.0,100,2616,862,2.5177507811227113,358.93767086600434,357.9754286488593,0.9622422171450467,same_direction
stress,3,KITTI_odometry,05,5.0,100,2616,863,1.8203554085079274,358.93767086600434,357.9791629023373,0.9585079636670457,same_direction
stress,3,KITTI_odometry,05,5.0,100,2616,864,1.1706487018333092,358.93767086600434,357.94627039641466,0.9914004695896779,same_direction
stress,3,KITTI_odometry,05,5.0,100,2616,865,0.6597979394481411,358.93767086600434,357.86311570688025,1.0745551591240883,same_direction
stress,3,KITTI_odometry,05,5.0,100,2616,866,0.6580118798387996,358.93767086600434,357.78493489437795,1.1527359716263845,same_direction
stress,3,KITTI_odometry,05,5.0,100,2616,867,1.139055388188379,358.93767086600434,357.6685717923276,1.2690990736767276,same_direction
stress,3,KITTI_odometry,05,5.0,100,2616,868,1.7204507553591708,358.93767086600434,357.5243249048504,1.4133459611539365,same_direction
stress,3,KITTI_odometry,05,5.0,100,2616,869,2.305271710319631,358.93767086600434,357.3404966045896,1.5971742614147502,same_direction
stress,3,KITTI_odometry,05,5.0,100,2616,870,2.8808711448615525,358.93767086600434,357.16962058551775,1.768050280486591,same_direction
stress,3,KITTI_odometry,05,5.0,100,2616,871,3.43929512890126,358.93767086600434,357.00441233245704,1.9332585335473027,same_direction
stress,3,KITTI_odometry,05,5.0,100,2616,872,3.982391136817287,358.93767086600434,356.8354088441263,2.1022620218780617,same_direction
stress,3,KITTI_odometry,05,5.0,100,2616,873,4.505737248757509,358.93767086600434,356.69605576654806,2.2416150994562827,same_direction
stress,3,KITTI_odometry,05,5.0,100,2617,860,4.9292889847912,358.9811332803323,357.91565939619113,1.06547388414117,same_direction
stress,3,KITTI_odometry,05,5.0,100,2617,861,4.1769598686155565,358.9811332803323,357.9588193861916,1.0223138941407228,same_direction
stress,3,KITTI_odometry,05,5.0,100,2617,862,3.442747336371923,358.9811332803323,357.9754286488593,1.0057046314730087,same_direction
stress,3,KITTI_odometry,05,5.0,100,2617,863,2.732867798342256,358.9811332803323,357.9791629023373,1.0019703779950078,same_direction
stress,3,KITTI_odometry,05,5.0,100,2617,864,2.0491413403364804,358.9811332803323,357.94627039641466,1.03486288391764,same_direction
stress,3,KITTI_odometry,05,5.0,100,2617,865,1.4033939522514776,358.9811332803323,357.86311570688025,1.1180175734520503,same_direction
stress,3,KITTI_odometry,05,5.0,100,2617,866,0.842125356251081,358.9811332803323,357.78493489437795,1.1961983859543466,same_direction
stress,3,KITTI_odometry,05,5.0,100,2617,867,0.5868438816661552,358.9811332803323,357.6685717923276,1.3125614880046896,same_direction
stress,3,KITTI_odometry,05,5.0,100,2617,868,0.9019838462522417,358.9811332803323,357.5243249048504,1.4568083754818986,same_direction
stress,3,KITTI_odometry,05,5.0,100,2617,869,1.4223498492691664,358.9811332803323,357.3404966045896,1.6406366757427122,same_direction
stress,3,KITTI_odometry,05,5.0,100,2617,870,1.9749991889223588,358.9811332803323,357.16962058551775,1.811512694814553,same_direction
stress,3,KITTI_odometry,05,5.0,100,2617,871,2.5228183744407753,358.9811332803323,357.00441233245704,1.9767209478752648,same_direction
stress,3,KITTI_odometry,05,5.0,100,2617,872,3.0601150869418237,358.9811332803323,356.8354088441263,2.1457244362060237,same_direction
stress,3,KITTI_odometry,05,5.0,100,2617,873,3.5798662969481096,358.9811332803323,356.69605576654806,2.2850775137842447,same_direction
stress,3,KITTI_odometry,05,5.0,100,2617,874,4.081224541433605,358.9811332803323,356.6380715936877,2.343061686644603,same_direction
stress,3,KITTI_odometry,05,5.0,100,2617,875,4.561884785817814,358.9811332803323,356.73054704056153,2.2505862397707688,same_direction
stress,3,KITTI_odometry,05,5.0,100,2618,862,4.368878868925518,358.9989227245548,357.9754286488593,1.0234940756955098,same_direction
stress,3,KITTI_odometry,05,5.0,100,2618,863,3.654235357606845,358.9989227245548,357.9791629023373,1.0197598222175088,same_direction
stress,3,KITTI_odometry,05,5.0,100,2618,864,2.9607770709062082,358.9989227245548,357.94627039641466,1.052652328140141,same_direction
stress,3,KITTI_odometry,05,5.0,100,2618,865,2.291467298130177,358.9989227245548,357.86311570688025,1.1358070176745514,same_direction
stress,3,KITTI_odometry,05,5.0,100,2618,866,1.655506894280119,358.9989227245548,357.78493489437795,1.2139878301768476,same_direction
stress,3,KITTI_odometry,05,5.0,100,2618,867,1.074565276454155,358.9989227245548,357.6685717923276,1.3303509322271907,same_direction
stress,3,KITTI_odometry,05,5.0,100,2618,868,0.6621285812559387,358.9989227245548,357.5243249048504,1.4745978197043996,same_direction
stress,3,KITTI_odometry,05,5.0,100,2618,869,0.7145915343047451,358.9989227245548,357.3404966045896,1.6584261199652133,same_direction
stress,3,KITTI_odometry,05,5.0,100,2618,870,1.1348544936669187,358.9989227245548,357.16962058551775,1.829302139037054,same_direction
stress,3,KITTI_odometry,05,5.0,100,2618,871,1.641218254585299,358.9989227245548,357.00441233245704,1.9945103920977658,same_direction
stress,3,KITTI_odometry,05,5.0,100,2618,872,2.1608204813452225,358.9989227245548,356.8354088441263,2.1635138804285248,same_direction
stress,3,KITTI_odometry,05,5.0,100,2618,873,2.6712877744340857,358.9989227245548,356.69605576654806,2.302866958006746,same_direction
stress,3,KITTI_odometry,05,5.0,100,2618,874,3.167159522742104,358.9989227245548,356.6380715936877,2.360851130867104,same_direction
stress,3,KITTI_odometry,05,5.0,100,2618,875,3.6442094391519375,358.9989227245548,356.73054704056153,2.26837568399327,same_direction
stress,3,KITTI_odometry,05,5.0,100,2618,876,4.101871826140959,358.9989227245548,356.9394161249567,2.0595065995980804,same_direction
stress,3,KITTI_odometry,05,5.0,100,2618,877,4.547021382915299,358.9989227245548,357.299656426211,1.6992662983437867,same_direction
stress,3,KITTI_odometry,05,5.0,100,2618,878,4.984763782849601,358.9989227245548,357.807435411243,1.191487313311825,same_direction
stress,3,KITTI_odometry,05,5.0,100,2619,863,4.5811941643567335,359.0405227804632,357.9791629023373,1.061359878125927,same_direction
stress,3,KITTI_odometry,05,5.0,100,2619,864,3.883469050253402,359.0405227804632,357.94627039641466,1.0942523840485592,same_direction
stress,3,KITTI_odometry,05,5.0,100,2619,865,3.2060782567966313,359.0405227804632,357.86311570688025,1.1774070735829696,same_direction
stress,3,KITTI_odometry,05,5.0,100,2619,866,2.5530328096914645,359.0405227804632,357.78493489437795,1.2555878860852658,same_direction
stress,3,KITTI_odometry,05,5.0,100,2619,867,1.926057313706176,359.0405227804632,357.6685717923276,1.371950988135609,same_direction
stress,3,KITTI_odometry,05,5.0,100,2619,868,1.3442176911215131,359.0405227804632,357.5243249048504,1.5161978756128178,same_direction
stress,3,KITTI_odometry,05,5.0,100,2619,869,0.8607395536421021,359.0405227804632,357.3404966045896,1.7000261758736315,same_direction
stress,3,KITTI_odometry,05,5.0,100,2619,870,0.6456530679831088,359.0405227804632,357.16962058551775,1.8709021949454723,same_direction
stress,3,KITTI_odometry,05,5.0,100,2619,871,0.8736936719102334,359.0405227804632,357.00441233245704,2.036110448006184,same_direction
stress,3,KITTI_odometry,05,5.0,100,2619,872,1.3091303880213618,359.0405227804632,356.8354088441263,2.205113936336943,same_direction
stress,3,KITTI_odometry,05,5.0,100,2619,873,1.7874744110193437,359.0405227804632,356.69605576654806,2.344467013915164,same_direction
stress,3,KITTI_odometry,05,5.0,100,2619,874,2.2679287974854767,359.0405227804632,356.6380715936877,2.4024511867755223,same_direction
stress,3,KITTI_odometry,05,5.0,100,2619,875,2.7362411987754234,359.0405227804632,356.73054704056153,2.309975739901688,same_direction
stress,3,KITTI_odometry,05,5.0,100,2619,876,3.188223886762169,359.0405227804632,356.9394161249567,2.1011066555064986,same_direction
stress,3,KITTI_odometry,05,5.0,100,2619,877,3.6293922202375484,359.0405227804632,357.299656426211,1.740866354252205,same_direction
stress,3,KITTI_odometry,05,5.0,100,2619,878,4.064050234674876,359.0405227804632,357.807435411243,1.233087369220243,same_direction
stress,3,KITTI_odometry,05,5.0,100,2619,879,4.494999584229664,359.0405227804632,358.4886868657593,0.5518359147039291,same_direction
stress,3,KITTI_odometry,05,5.0,100,2619,880,4.926541380892782,359.0405227804632,359.3957595847033,0.35523680424006443,same_direction
stress,3,KITTI_odometry,05,5.0,100,2620,864,4.806338541930757,359.1232187364514,357.94627039641466,1.1769483400367449,same_direction
stress,3,KITTI_odometry,05,5.0,100,2620,865,4.12532011422643,359.1232187364514,357.86311570688025,1.2601030295711553,same_direction
stress,3,KITTI_odometry,05,5.0,100,2620,866,3.465984053027961,359.1232187364514,357.78493489437795,1.3382838420734515,same_direction
stress,3,KITTI_odometry,05,5.0,100,2620,867,2.8264710438283425,359.1232187364514,357.6685717923276,1.4546469441237946,same_direction
stress,3,KITTI_odometry,05,5.0,100,2620,868,2.2149359185243016,359.1232187364514,357.5243249048504,1.5988938316010035,same_direction
stress,3,KITTI_odometry,05,5.0,100,2620,869,1.6454929652967263,359.1232187364514,357.3404966045896,1.7827221318618172,same_direction
stress,3,KITTI_odometry,05,5.0,100,2620,870,1.1349990083806398,359.1232187364514,357.16962058551775,1.953598150933658,same_direction
stress,3,KITTI_odometry,05,5.0,100,2620,871,0.7622948479223839,359.1232187364514,357.00441233245704,2.1188064039943697,same_direction
stress,3,KITTI_odometry,05,5.0,100,2620,872,0.715520027392661,359.1232187364514,356.8354088441263,2.2878098923251287,same_direction
stress,3,KITTI_odometry,05,5.0,100,2620,873,1.0065128375952186,359.1232187364514,356.69605576654806,2.4271629699033497,same_direction
stress,3,KITTI_odometry,05,5.0,100,2620,874,1.4212198967538257,359.1232187364514,356.6380715936877,2.485147142763708,same_direction
stress,3,KITTI_odometry,05,5.0,100,2620,875,1.8607401954192793,359.1232187364514,356.73054704056153,2.3926716958898737,same_direction
stress,3,KITTI_odometry,05,5.0,100,2620,876,2.2972515802506064,359.1232187364514,356.9394161249567,2.1838026114946842,same_direction
stress,3,KITTI_odometry,05,5.0,100,2620,877,2.7289527802554376,359.1232187364514,357.299656426211,1.8235623102403906,same_direction
stress,3,KITTI_odometry,05,5.0,100,2620,878,3.157067195760004,359.1232187364514,357.807435411243,1.3157833252084288,same_direction
stress,3,KITTI_odometry,05,5.0,100,2620,879,3.583171188488749,359.1232187364514,358.4886868657593,0.6345318706921148,same_direction
stress,3,KITTI_odometry,05,5.0,100,2620,880,4.010928420986338,359.1232187364514,359.3957595847033,0.27254084825187874,same_direction
stress,3,KITTI_odometry,05,5.0,100,2620,881,4.4318367257059395,359.1232187364514,0.42491880405816573,1.3017000676068164,same_direction
stress,3,KITTI_odometry,05,5.0,100,2620,882,4.853405460384388,359.1232187364514,1.5740150266735213,2.450796290222115,same_direction
stress,3,KITTI_odometry,05,5.0,100,2621,866,4.384595816517775,359.1885027635264,357.78493489437795,1.4035678691484463,same_direction
stress,3,KITTI_odometry,05,5.0,100,2621,867,3.7399293711043673,359.1885027635264,357.6685717923276,1.5199309711987894,same_direction
stress,3,KITTI_odometry,05,5.0,100,2621,868,3.1186737272045844,359.1885027635264,357.5243249048504,1.6641778586759983,same_direction
stress,3,KITTI_odometry,05,5.0,100,2621,869,2.529381792755697,359.1885027635264,357.3404966045896,1.848006158936812,same_direction
stress,3,KITTI_odometry,05,5.0,100,2621,870,1.971052009360502,359.1885027635264,357.16962058551775,2.0188821780086528,same_direction
stress,3,KITTI_odometry,05,5.0,100,2621,871,1.4582040658289346,359.1885027635264,357.00441233245704,2.1840904310693645,same_direction
stress,3,KITTI_odometry,05,5.0,100,2621,872,1.019615254774578,359.1885027635264,356.8354088441263,2.3530939194001235,same_direction
stress,3,KITTI_odometry,05,5.0,100,2621,873,0.7499871700776005,359.1885027635264,356.69605576654806,2.4924469969783445,same_direction
stress,3,KITTI_odometry,05,5.0,100,2621,874,0.793396451325558,359.1885027635264,356.6380715936877,2.5504311698387028,same_direction
stress,3,KITTI_odometry,05,5.0,100,2621,875,1.0829094717934589,359.1885027635264,356.73054704056153,2.4579557229648685,same_direction
stress,3,KITTI_odometry,05,5.0,100,2621,876,1.4582938846559519,359.1885027635264,356.9394161249567,2.249086638569679,same_direction
stress,3,KITTI_odometry,05,5.0,100,2621,877,1.8601460112111956,359.1885027635264,357.299656426211,1.8888463373153854,same_direction
stress,3,KITTI_odometry,05,5.0,100,2621,878,2.271003492561152,359.1885027635264,357.807435411243,1.3810673522834236,same_direction
stress,3,KITTI_odometry,05,5.0,100,2621,879,2.6859881637864502,359.1885027635264,358.4886868657593,0.6998158977671096,same_direction
stress,3,KITTI_odometry,05,5.0,100,2621,880,3.1059754975416287,359.1885027635264,359.3957595847033,0.20725682117688393,same_direction
stress,3,KITTI_odometry,05,5.0,100,2621,881,3.521171196093843,359.1885027635264,0.42491880405816573,1.2364160405318216,same_direction
stress,3,KITTI_odometry,05,5.0,100,2621,882,3.938181518784525,359.1885027635264,1.5740150266735213,2.3855122631471204,same_direction
stress,3,KITTI_odometry,05,5.0,100,2621,883,4.343321018649315,359.1885027635264,2.8650379608733374,3.6765351973469933,same_direction
stress,3,KITTI_odometry,05,5.0,100,2621,884,4.748095307267957,359.1885027635264,4.345177176769937,5.156674413243536,same_direction
stress,3,KITTI_odometry,05,5.0,100,2622,867,4.657590287640282,359.2897250919818,357.6685717923276,1.6211532996541678,same_direction
stress,3,KITTI_odometry,05,5.0,100,2622,868,4.031973474907311,359.2897250919818,357.5243249048504,1.7654001871313767,same_direction
stress,3,KITTI_odometry,05,5.0,100,2622,869,3.435237446305567,359.2897250919818,357.3404966045896,1.9492284873921903,same_direction
stress,3,KITTI_odometry,05,5.0,100,2622,870,2.86307724463663,359.2897250919818,357.16962058551775,2.120104506464031,same_direction
stress,3,KITTI_odometry,05,5.0,100,2622,871,2.321479779464821,359.2897250919818,357.00441233245704,2.285312759524743,same_direction
stress,3,KITTI_odometry,05,5.0,100,2622,872,1.813048050648698,359.2897250919818,356.8354088441263,2.454316247855502,same_direction
stress,3,KITTI_odometry,05,5.0,100,2622,873,1.3542251401007979,359.2897250919818,356.69605576654806,2.593669325433723,same_direction
stress,3,KITTI_odometry,05,5.0,100,2622,874,0.9814236192063129,359.2897250919818,356.6380715936877,2.651653498294081,same_direction
stress,3,KITTI_odometry,05,5.0,100,2622,875,0.7804544925131769,359.2897250919818,356.73054704056153,2.559178051420247,same_direction
stress,3,KITTI_odometry,05,5.0,100,2622,876,0.8389425046861028,359.2897250919818,356.9394161249567,2.3503089670250574,same_direction
stress,3,KITTI_odometry,05,5.0,100,2622,877,1.096745230565866,359.2897250919818,357.299656426211,1.9900686657707638,same_direction
stress,3,KITTI_odometry,05,5.0,100,2622,878,1.4419868300678016,359.2897250919818,357.807435411243,1.482289680738802,same_direction
stress,3,KITTI_odometry,05,5.0,100,2622,879,1.8229431137281709,359.2897250919818,358.4886868657593,0.801038226222488,same_direction
stress,3,KITTI_odometry,05,5.0,100,2622,880,2.2229356533703357,359.2897250919818,359.3957595847033,0.10603449272150556,same_direction
stress,3,KITTI_odometry,05,5.0,100,2622,881,2.625358777479564,359.2897250919818,0.42491880405816573,1.1351937120764433,same_direction
stress,3,KITTI_odometry,05,5.0,100,2622,882,3.0332980058042476,359.2897250919818,1.5740150266735213,2.284289934691742,same_direction
stress,3,KITTI_odometry,05,5.0,100,2622,883,3.432214968123206,359.2897250919818,2.8650379608733374,3.575312868891615,same_direction
stress,3,KITTI_odometry,05,5.0,100,2622,884,3.832511035788943,359.2897250919818,4.345177176769937,5.055452084788158,same_direction
stress,3,KITTI_odometry,05,5.0,100,2622,885,4.233577725529091,359.2897250919818,6.052095237590606,6.762370145608884,same_direction
stress,3,KITTI_odometry,05,5.0,100,2622,886,4.617375764467185,359.2897250919818,7.935090344853904,8.645365252872125,same_direction
stress,3,KITTI_odometry,05,5.0,100,2623,868,4.9479535192854245,359.3891914505263,357.5243249048504,1.864866545675909,same_direction
stress,3,KITTI_odometry,05,5.0,100,2623,869,4.347532738711562,359.3891914505263,357.3404966045896,2.0486948459367227,same_direction
stress,3,KITTI_odometry,05,5.0,100,2623,870,3.76944947973056,359.3891914505263,357.16962058551775,2.2195708650085635,same_direction
stress,3,KITTI_odometry,05,5.0,100,2623,871,3.217721309691216,359.3891914505263,357.00441233245704,2.3847791180692752,same_direction
stress,3,KITTI_odometry,05,5.0,100,2623,872,2.6904139943205743,359.3891914505263,356.8354088441263,2.553782606400034,same_direction
stress,3,KITTI_odometry,05,5.0,100,2623,873,2.193410452966791,359.3891914505263,356.69605576654806,2.693135683978255,same_direction
stress,3,KITTI_odometry,05,5.0,100,2623,874,1.7333568982321543,359.3891914505263,356.6380715936877,2.7511198568386135,same_direction
stress,3,KITTI_odometry,05,5.0,100,2623,875,1.3247661523759464,359.3891914505263,356.73054704056153,2.6586444099647792,same_direction
stress,3,KITTI_odometry,05,5.0,100,2623,876,0.9961433570405425,359.3891914505263,356.9394161249567,2.4497753255695898,same_direction
stress,3,KITTI_odometry,05,5.0,100,2623,877,0.8115307014993339,359.3891914505263,357.299656426211,2.089535024315296,same_direction
stress,3,KITTI_odometry,05,5.0,100,2623,878,0.8461449554987633,359.3891914505263,357.807435411243,1.5817560392833343,same_direction
stress,3,KITTI_odometry,05,5.0,100,2623,879,1.0715513813625566,359.3891914505263,358.4886868657593,0.9005045847670203,same_direction
stress,3,KITTI_odometry,05,5.0,100,2623,880,1.3978854554161562,359.3891914505263,359.3957595847033,0.006568134176973217,same_direction
stress,3,KITTI_odometry,05,5.0,100,2623,881,1.7625045969869246,359.3891914505263,0.42491880405816573,1.035727353531911,same_direction
stress,3,KITTI_odometry,05,5.0,100,2623,882,2.1481123353980065,359.3891914505263,1.5740150266735213,2.1848235761472097,same_direction
stress,3,KITTI_odometry,05,5.0,100,2623,883,2.5336552657376377,359.3891914505263,2.8650379608733374,3.4758465103470826,same_direction
stress,3,KITTI_odometry,05,5.0,100,2623,884,2.925288280016367,359.3891914505263,4.345177176769937,4.955985726243625,same_direction
stress,3,KITTI_odometry,05,5.0,100,2623,885,3.320294884645211,359.3891914505263,6.052095237590606,6.6629037870643515,same_direction
stress,3,KITTI_odometry,05,5.0,100,2623,886,3.699747810175722,359.3891914505263,7.935090344853904,8.545898894327593,same_direction
stress,3,KITTI_odometry,05,5.0,100,2623,887,4.088529840343113,359.3891914505263,9.955855257100723,10.566663806574411,same_direction
stress,3,KITTI_odometry,05,5.0,100,2623,888,4.456841278209957,359.3891914505263,12.08493803442542,12.695746583899108,same_direction
stress,3,KITTI_odometry,05,5.0,100,2623,889,4.833492538176619,359.3891914505263,14.297812858999578,14.90862140847321,same_direction
stress,3,KITTI_odometry,05,5.0,100,2624,870,4.683123709757089,359.50159717702337,357.16962058551775,2.3319765915056223,same_direction
stress,3,KITTI_odometry,05,5.0,100,2624,871,4.126607506854142,359.50159717702337,357.00441233245704,2.497184844566334,same_direction
stress,3,KITTI_odometry,05,5.0,100,2624,872,3.5915957424387273,359.50159717702337,356.8354088441263,2.666188332897093,same_direction
stress,3,KITTI_odometry,05,5.0,100,2624,873,3.081817353490629,359.50159717702337,356.69605576654806,2.805541410475314,same_direction
stress,3,KITTI_odometry,05,5.0,100,2624,874,2.5989774506372694,359.50159717702337,356.6380715936877,2.8635255833356723,same_direction
stress,3,KITTI_odometry,05,5.0,100,2624,875,2.14689399552585,359.50159717702337,356.73054704056153,2.771050136461838,same_direction
stress,3,KITTI_odometry,05,5.0,100,2624,876,1.7287271557131298,359.50159717702337,356.9394161249567,2.5621810520666486,same_direction
stress,3,KITTI_odometry,05,5.0,100,2624,877,1.3496390155889866,359.50159717702337,357.299656426211,2.201940750812355,same_direction
stress,3,KITTI_odometry,05,5.0,100,2624,878,1.029237270992451,359.50159717702337,357.807435411243,1.6941617657803931,same_direction
stress,3,KITTI_odometry,05,5.0,100,2624,879,0.8243814810244097,359.50159717702337,358.4886868657593,1.0129103112640792,same_direction
stress,3,KITTI_odometry,05,5.0,100,2624,880,0.8201098379144135,359.50159717702337,359.3957595847033,0.1058375923200856,same_direction
stress,3,KITTI_odometry,05,5.0,100,2624,881,1.0128209752745125,359.50159717702337,0.42491880405816573,0.9233216270347384,same_direction
stress,3,KITTI_odometry,05,5.0,100,2624,882,1.3164371937320212,359.50159717702337,1.5740150266735213,2.072417849650151,same_direction
stress,3,KITTI_odometry,05,5.0,100,2624,883,1.6623924216008783,359.50159717702337,2.8650379608733374,3.36344078384991,same_direction
stress,3,KITTI_odometry,05,5.0,100,2624,884,2.032495120787519,359.50159717702337,4.345177176769937,4.8435799997465665,same_direction
stress,3,KITTI_odometry,05,5.0,100,2624,885,2.414509601970782,359.50159717702337,6.052095237590606,6.550498060567179,same_direction
stress,3,KITTI_odometry,05,5.0,100,2624,886,2.7857264286099648,359.50159717702337,7.935090344853904,8.433493167830534,same_direction
stress,3,KITTI_odometry,05,5.0,100,2624,887,3.1690912159299,359.50159717702337,9.955855257100723,10.454258080077352,same_direction
stress,3,KITTI_odometry,05,5.0,100,2624,888,3.534113383996631,359.50159717702337,12.08493803442542,12.58334085740205,same_direction
stress,3,KITTI_odometry,05,5.0,100,2624,889,3.909070885108255,359.50159717702337,14.297812858999578,14.796215681976264,same_direction
stress,3,KITTI_odometry,05,5.0,100,2624,890,4.262692560375563,359.50159717702337,16.55498581963917,17.0533886426158,same_direction
stress,3,KITTI_odometry,05,5.0,100,2624,891,4.633320234182081,359.50159717702337,18.870817390625575,19.369220213602148,same_direction
stress,3,KITTI_odometry,05,5.0,100,2624,892,4.983600871082683,359.50159717702337,21.25998686144186,21.75838968441849,same_direction
stress,3,KITTI_odometry,05,5.0,100,2625,872,4.501638356909645,359.62013955278246,356.8354088441263,2.784730708656184,same_direction
stress,3,KITTI_odometry,05,5.0,100,2625,873,3.9860044050858914,359.62013955278246,356.69605576654806,2.924083786234405,same_direction
stress,3,KITTI_odometry,05,5.0,100,2625,874,3.4941442811436874,359.62013955278246,356.6380715936877,2.9820679590947634,same_direction
stress,3,KITTI_odometry,05,5.0,100,2625,875,3.0278088011512625,359.62013955278246,356.73054704056153,2.889592512220929,same_direction
stress,3,KITTI_odometry,05,5.0,100,2625,876,2.5863410977371317,359.62013955278246,356.9394161249567,2.6807234278257397,same_direction
stress,3,KITTI_odometry,05,5.0,100,2625,877,2.1654317910624883,359.62013955278246,357.299656426211,2.320483126571446,same_direction
stress,3,KITTI_odometry,05,5.0,100,2625,878,1.7628159825188892,359.62013955278246,357.807435411243,1.8127041415394842,same_direction
stress,3,KITTI_odometry,05,5.0,100,2625,879,1.3842145674193878,359.62013955278246,358.4886868657593,1.1314526870231703,same_direction
stress,3,KITTI_odometry,05,5.0,100,2625,880,1.0471051080173415,359.62013955278246,359.3957595847033,0.2243799680791767,same_direction
stress,3,KITTI_odometry,05,5.0,100,2625,881,0.8067793824559502,359.62013955278246,0.42491880405816573,0.8047792512757042,same_direction
stress,3,KITTI_odometry,05,5.0,100,2625,882,0.7468411315728402,359.62013955278246,1.5740150266735213,1.953875473891003,same_direction
stress,3,KITTI_odometry,05,5.0,100,2625,883,0.9023939457443131,359.62013955278246,2.8650379608733374,3.244898408090876,same_direction
stress,3,KITTI_odometry,05,5.0,100,2625,884,1.1882391133812245,359.62013955278246,4.345177176769937,4.7250376239874186,same_direction
stress,3,KITTI_odometry,05,5.0,100,2625,885,1.530722020885898,359.62013955278246,6.052095237590606,6.431955684808145,same_direction
stress,3,KITTI_odometry,05,5.0,100,2625,886,1.88171938924377,359.62013955278246,7.935090344853904,8.314950792071386,same_direction
stress,3,KITTI_odometry,05,5.0,100,2625,887,2.2537711179487476,359.62013955278246,9.955855257100723,10.335715704318318,same_direction
stress,3,KITTI_odometry,05,5.0,100,2625,888,2.6127946322663753,359.62013955278246,12.08493803442542,12.464798481642902,same_direction
stress,3,KITTI_odometry,05,5.0,100,2625,889,2.98501175821619,359.62013955278246,14.297812858999578,14.677673306217116,same_direction
stress,3,KITTI_odometry,05,5.0,100,2625,890,3.33822274516381,359.62013955278246,16.55498581963917,16.934846266856766,same_direction
stress,3,KITTI_odometry,05,5.0,100,2625,891,3.710038726338167,359.62013955278246,18.870817390625575,19.250677837843114,same_direction
stress,3,KITTI_odometry,05,5.0,100,2625,892,4.062704379044074,359.62013955278246,21.25998686144186,21.639847308659455,same_direction
stress,3,KITTI_odometry,05,5.0,100,2625,893,4.42093385025845,359.62013955278246,23.74686182057161,24.12672226778909,same_direction
stress,3,KITTI_odometry,05,5.0,100,2625,894,4.756430391604181,359.62013955278246,26.309163263333744,26.689023710551282,same_direction
stress,3,KITTI_odometry,05,5.0,100,2626,873,4.902283137055229,359.745079202991,356.69605576654806,3.049023436442951,same_direction
stress,3,KITTI_odometry,05,5.0,100,2626,874,4.4062807772316415,359.745079202991,356.6380715936877,3.1070076093033094,same_direction
stress,3,KITTI_odometry,05,5.0,100,2626,875,3.9340088947821372,359.745079202991,356.73054704056153,3.014532162429475,same_direction
stress,3,KITTI_odometry,05,5.0,100,2626,876,3.4840357665213597,359.745079202991,356.9394161249567,2.8056630780342857,same_direction
stress,3,KITTI_odometry,05,5.0,100,2626,877,3.0501879317347114,359.745079202991,357.299656426211,2.445422776779992,same_direction
stress,3,KITTI_odometry,05,5.0,100,2626,878,2.626941456922861,359.745079202991,357.807435411243,1.9376437917480303,same_direction
stress,3,KITTI_odometry,05,5.0,100,2626,879,2.2125838367564814,359.745079202991,358.4886868657593,1.2563923372317163,same_direction
stress,3,KITTI_odometry,05,5.0,100,2626,880,1.805819012831569,359.745079202991,359.3957595847033,0.34931961828772273,same_direction
stress,3,KITTI_odometry,05,5.0,100,2626,881,1.4191795987034173,359.745079202991,0.42491880405816573,0.679839601067215,same_direction
stress,3,KITTI_odometry,05,5.0,100,2626,882,1.0571457471517285,359.745079202991,1.5740150266735213,1.8289358236825137,same_direction
stress,3,KITTI_odometry,05,5.0,100,2626,883,0.7725662257800292,359.745079202991,2.8650379608733374,3.1199587578823866,same_direction
stress,3,KITTI_odometry,05,5.0,100,2626,884,0.6489359051747721,359.745079202991,4.345177176769937,4.600097973778929,same_direction
stress,3,KITTI_odometry,05,5.0,100,2626,885,0.7621357681207547,359.745079202991,6.052095237590606,6.3070160345996555,same_direction
stress,3,KITTI_odometry,05,5.0,100,2626,886,1.0206136151727514,359.745079202991,7.935090344853904,8.190011141862897,same_direction
stress,3,KITTI_odometry,05,5.0,100,2626,887,1.3531834145539905,359.745079202991,9.955855257100723,10.210776054109715,same_direction
stress,3,KITTI_odometry,05,5.0,100,2626,888,1.6950824143043979,359.745079202991,12.08493803442542,12.339858831434412,same_direction
stress,3,KITTI_odometry,05,5.0,100,2626,889,2.059995070110844,359.745079202991,14.297812858999578,14.552733656008513,same_direction
stress,3,KITTI_odometry,05,5.0,100,2626,890,2.4113278104731126,359.745079202991,16.55498581963917,16.809906616648163,same_direction
stress,3,KITTI_odometry,05,5.0,100,2626,891,2.784224616614293,359.745079202991,18.870817390625575,19.125738187634624,same_direction
stress,3,KITTI_odometry,05,5.0,100,2626,892,3.139842041255578,359.745079202991,21.25998686144186,21.514907658450852,same_direction
stress,3,KITTI_odometry,05,5.0,100,2626,893,3.5019946717722292,359.745079202991,23.74686182057161,24.001782617580602,same_direction
stress,3,KITTI_odometry,05,5.0,100,2626,894,3.8422630139442564,359.745079202991,26.309163263333744,26.564084060342793,same_direction
stress,3,KITTI_odometry,05,5.0,100,2626,895,4.199808103141016,359.745079202991,28.933291849815987,29.18821264682498,same_direction
stress,3,KITTI_odometry,05,5.0,100,2626,896,4.557883266000663,359.745079202991,31.6427049070856,31.897625704094594,same_direction
stress,3,KITTI_odometry,05,5.0,100,2626,897,4.893900300805587,359.745079202991,34.334651184828715,34.58957198183771,same_direction
stress,3,KITTI_odometry,05,5.0,100,2627,875,4.842065606896384,359.7860450649129,356.73054704056153,3.0554980243513796,same_direction
stress,3,KITTI_odometry,05,5.0,100,2627,876,4.387800501880639,359.7860450649129,356.9394161249567,2.84662893995619,same_direction
stress,3,KITTI_odometry,05,5.0,100,2627,877,3.948115717048324,359.7860450649129,357.299656426211,2.4863886387018965,same_direction
stress,3,KITTI_odometry,05,5.0,100,2627,878,3.5168197379569963,359.7860450649129,357.807435411243,1.9786096536699347,same_direction
stress,3,KITTI_odometry,05,5.0,100,2627,879,3.0908615011410605,359.7860450649129,358.4886868657593,1.2973581991536207,same_direction
stress,3,KITTI_odometry,05,5.0,100,2627,880,2.6661913465945966,359.7860450649129,359.3957595847033,0.39028548020962717,same_direction
stress,3,KITTI_odometry,05,5.0,100,2627,881,2.250545333810437,359.7860450649129,0.42491880405816573,0.6388737391453105,same_direction
stress,3,KITTI_odometry,05,5.0,100,2627,882,1.835727109144746,359.7860450649129,1.5740150266735213,1.7879699617606093,same_direction
stress,3,KITTI_odometry,05,5.0,100,2627,883,1.4410911870162704,359.7860450649129,2.8650379608733374,3.078992895960482,same_direction
stress,3,KITTI_odometry,05,5.0,100,2627,884,1.0641962321531497,359.7860450649129,4.345177176769937,4.559132111857025,same_direction
stress,3,KITTI_odometry,05,5.0,100,2627,885,0.7251000038787594,359.7860450649129,6.052095237590606,6.266050172677751,same_direction
stress,3,KITTI_odometry,05,5.0,100,2627,886,0.5045939342045235,359.7860450649129,7.935090344853904,8.149045279940992,same_direction
stress,3,KITTI_odometry,05,5.0,100,2627,887,0.5478971071287091,359.7860450649129,9.955855257100723,10.16981019218781,same_direction
stress,3,KITTI_odometry,05,5.0,100,2627,888,0.8016519245283646,359.7860450649129,12.08493803442542,12.298892969512508,same_direction
stress,3,KITTI_odometry,05,5.0,100,2627,889,1.1424285634248728,359.7860450649129,14.297812858999578,14.511767794086609,same_direction
stress,3,KITTI_odometry,05,5.0,100,2627,890,1.4896091216722165,359.7860450649129,16.55498581963917,16.76894075472626,same_direction
stress,3,KITTI_odometry,05,5.0,100,2627,891,1.8651484734382549,359.7860450649129,18.870817390625575,19.08477232571272,same_direction
stress,3,KITTI_odometry,05,5.0,100,2627,892,2.2263325216696748,359.7860450649129,21.25998686144186,21.473941796528948,same_direction
stress,3,KITTI_odometry,05,5.0,100,2627,893,2.594952976576093,359.7860450649129,23.74686182057161,23.960816755658698,same_direction
stress,3,KITTI_odometry,05,5.0,100,2627,894,2.9424906095000667,359.7860450649129,26.309163263333744,26.52311819842089,same_direction
stress,3,KITTI_odometry,05,5.0,100,2627,895,3.3075807786394327,359.7860450649129,28.933291849815987,29.147246784903075,same_direction
stress,3,KITTI_odometry,05,5.0,100,2627,896,3.6742427422837745,359.7860450649129,31.6427049070856,31.85665984217269,same_direction
stress,3,KITTI_odometry,05,5.0,100,2627,897,4.020421539029099,359.7860450649129,34.334651184828715,34.5486061199158,same_direction
stress,3,KITTI_odometry,05,5.0,100,2627,898,4.3910231801985535,359.7860450649129,37.062031995396296,37.275986930483384,same_direction
stress,3,KITTI_odometry,05,5.0,100,2627,899,4.73615390345637,359.7860450649129,39.82043604033885,40.034390975425936,same_direction
stress,3,KITTI_odometry,05,5.0,100,2628,877,4.849835416859536,359.8687134038681,357.299656426211,2.5690569776571124,same_direction
stress,3,KITTI_odometry,05,5.0,100,2628,878,4.414557394578193,359.8687134038681,357.807435411243,2.0612779926251505,same_direction
stress,3,KITTI_odometry,05,5.0,100,2628,879,3.9834962265127163,359.8687134038681,358.4886868657593,1.3800265381088366,same_direction
stress,3,KITTI_odometry,05,5.0,100,2628,880,3.552042048068823,359.8687134038681,359.3957595847033,0.472953819164843,same_direction
stress,3,KITTI_odometry,05,5.0,100,2628,881,3.1273995726227524,359.8687134038681,0.42491880405816573,0.5562054001900378,same_direction
stress,3,KITTI_odometry,05,5.0,100,2628,882,2.700211516280891,359.8687134038681,1.5740150266735213,1.7053016228053366,same_direction
stress,3,KITTI_odometry,05,5.0,100,2628,883,2.286836264029628,359.8687134038681,2.8650379608733374,2.9963245570052095,same_direction
stress,3,KITTI_odometry,05,5.0,100,2628,884,1.8764420621218127,359.8687134038681,4.345177176769937,4.476463772901752,same_direction
stress,3,KITTI_odometry,05,5.0,100,2628,885,1.4669955139345046,359.8687134038681,6.052095237590606,6.183381833722478,same_direction
stress,3,KITTI_odometry,05,5.0,100,2628,886,1.0738945476353836,359.8687134038681,7.935090344853904,8.06637694098572,same_direction
stress,3,KITTI_odometry,05,5.0,100,2628,887,0.6778559533772639,359.8687134038681,9.955855257100723,10.087141853232652,same_direction
stress,3,KITTI_odometry,05,5.0,100,2628,888,0.32670725196878786,359.8687134038681,12.08493803442542,12.216224630557235,same_direction
stress,3,KITTI_odometry,05,5.0,100,2628,889,0.2573813233628242,359.8687134038681,14.297812858999578,14.42909945513145,same_direction
stress,3,KITTI_odometry,05,5.0,100,2628,890,0.5723342796792924,359.8687134038681,16.55498581963917,16.6862724157711,same_direction
stress,3,KITTI_odometry,05,5.0,100,2628,891,0.9564403352515016,359.8687134038681,18.870817390625575,19.002103986757447,same_direction
stress,3,KITTI_odometry,05,5.0,100,2628,892,1.3298329289504756,359.8687134038681,21.25998686144186,21.39127345757379,same_direction
stress,3,KITTI_odometry,05,5.0,100,2628,893,1.7095050965808913,359.8687134038681,23.74686182057161,23.878148416703425,same_direction
stress,3,KITTI_odometry,05,5.0,100,2628,894,2.06810010027779,359.8687134038681,26.309163263333744,26.440449859465616,same_direction
stress,3,KITTI_odometry,05,5.0,100,2628,895,2.4434074178621894,359.8687134038681,28.933291849815987,29.06457844594786,same_direction
stress,3,KITTI_odometry,05,5.0,100,2628,896,2.8212309497352273,359.8687134038681,31.6427049070856,31.773991503217474,same_direction
stress,3,KITTI_odometry,05,5.0,100,2628,897,3.1805436623476835,359.8687134038681,34.334651184828715,34.46593778096059,same_direction
stress,3,KITTI_odometry,05,5.0,100,2628,898,3.56387823625274,359.8687134038681,37.062031995396296,37.19331859152817,same_direction
stress,3,KITTI_odometry,05,5.0,100,2628,899,3.9225672549803305,359.8687134038681,39.82043604033885,39.95172263647072,same_direction
stress,3,KITTI_odometry,05,5.0,100,2628,900,4.31282086023532,359.8687134038681,42.76356363862743,42.8948502347593,same_direction
stress,3,KITTI_odometry,05,5.0,100,2628,901,4.68548982340428,359.8687134038681,45.713313557889705,45.84460015402158,oblique
stress,3,KITTI_odometry,05,5.0,100,2629,879,4.891157827794962,359.72443697404793,358.4886868657593,1.2357501082886415,same_direction
stress,3,KITTI_odometry,05,5.0,100,2629,880,4.456662602621364,359.72443697404793,359.3957595847033,0.32867738934464796,same_direction
stress,3,KITTI_odometry,05,5.0,100,2629,881,4.028475701167858,359.72443697404793,0.42491880405816573,0.700481830010176,same_direction
stress,3,KITTI_odometry,05,5.0,100,2629,882,3.597263378743463,359.72443697404793,1.5740150266735213,1.8495780526255885,same_direction
stress,3,KITTI_odometry,05,5.0,100,2629,883,3.1789895379664124,359.72443697404793,2.8650379608733374,3.1406009868253477,same_direction
stress,3,KITTI_odometry,05,5.0,100,2629,884,2.761969873601244,359.72443697404793,4.345177176769937,4.620740202722004,same_direction
stress,3,KITTI_odometry,05,5.0,100,2629,885,2.343607439338098,359.72443697404793,6.052095237590606,6.327658263542617,same_direction
stress,3,KITTI_odometry,05,5.0,100,2629,886,1.9393288943343163,359.72443697404793,7.935090344853904,8.210653370805971,same_direction
stress,3,KITTI_odometry,05,5.0,100,2629,887,1.5239626985579275,359.72443697404793,9.955855257100723,10.23141828305279,same_direction
stress,3,KITTI_odometry,05,5.0,100,2629,888,1.1264459091212289,359.72443697404793,12.08493803442542,12.360501060377487,same_direction
stress,3,KITTI_odometry,05,5.0,100,2629,889,0.7206469160198956,359.72443697404793,14.297812858999578,14.573375884951702,same_direction
stress,3,KITTI_odometry,05,5.0,100,2629,890,0.34949095657682205,359.72443697404793,16.55498581963917,16.830548845591238,same_direction
stress,3,KITTI_odometry,05,5.0,100,2629,891,0.17394701529201534,359.72443697404793,18.870817390625575,19.146380416577585,same_direction
stress,3,KITTI_odometry,05,5.0,100,2629,892,0.5033492746632392,359.72443697404793,21.25998686144186,21.535549887393927,same_direction
stress,3,KITTI_odometry,05,5.0,100,2629,893,0.8817535478947823,359.72443697404793,23.74686182057161,24.022424846523677,same_direction
stress,3,KITTI_odometry,05,5.0,100,2629,894,1.247312785625173,359.72443697404793,26.309163263333744,26.584726289285754,same_direction
stress,3,KITTI_odometry,05,5.0,100,2629,895,1.628966258766896,359.72443697404793,28.933291849815987,29.208854875768054,same_direction
stress,3,KITTI_odometry,05,5.0,100,2629,896,2.016080846504177,359.72443697404793,31.6427049070856,31.91826793303767,same_direction
stress,3,KITTI_odometry,05,5.0,100,2629,897,2.388835647163919,359.72443697404793,34.334651184828715,34.61021421078078,same_direction
stress,3,KITTI_odometry,05,5.0,100,2629,898,2.784269085994566,359.72443697404793,37.062031995396296,37.33759502134836,same_direction
stress,3,KITTI_odometry,05,5.0,100,2629,899,3.156742360320368,359.72443697404793,39.82043604033885,40.095999066290915,same_direction
stress,3,KITTI_odometry,05,5.0,100,2629,900,3.5561752013223438,359.72443697404793,42.76356363862743,43.0391266645795,same_direction
stress,3,KITTI_odometry,05,5.0,100,2629,901,3.9397301569569625,359.72443697404793,45.713313557889705,45.98887658384177,oblique
stress,3,KITTI_odometry,05,5.0,100,2629,902,4.344937273522957,359.72443697404793,48.51411399620383,48.7896770221559,oblique
stress,3,KITTI_odometry,05,5.0,100,2629,903,4.747415619998844,359.72443697404793,51.4111716420191,51.686734667971166,oblique
stress,3,KITTI_odometry,05,5.0,100,2630,881,4.944105403553694,359.49191538998605,0.42491880405816573,0.9330034140721182,same_direction
stress,3,KITTI_odometry,05,5.0,100,2630,882,4.511147731114089,359.49191538998605,1.5740150266735213,2.082099636687417,same_direction
stress,3,KITTI_odometry,05,5.0,100,2630,883,4.091097437212768,359.49191538998605,2.8650379608733374,3.37312257088729,same_direction
stress,3,KITTI_odometry,05,5.0,100,2630,884,3.672134043044157,359.49191538998605,4.345177176769937,4.853261786783833,same_direction
stress,3,KITTI_odometry,05,5.0,100,2630,885,3.252025777354144,359.49191538998605,6.052095237590606,6.560179847604559,same_direction
stress,3,KITTI_odometry,05,5.0,100,2630,886,2.8471343974686096,359.49191538998605,7.935090344853904,8.4431749548678,same_direction
stress,3,KITTI_odometry,05,5.0,100,2630,887,2.43263525671255,359.49191538998605,9.955855257100723,10.463939867114732,same_direction
stress,3,KITTI_odometry,05,5.0,100,2630,888,2.0393210939233946,359.49191538998605,12.08493803442542,12.593022644439316,same_direction
stress,3,KITTI_odometry,05,5.0,100,2630,889,1.641944089601095,359.49191538998605,14.297812858999578,14.80589746901353,same_direction
stress,3,KITTI_odometry,05,5.0,100,2630,890,1.2793121073826883,359.49191538998605,16.55498581963917,17.06307042965318,same_direction
stress,3,KITTI_odometry,05,5.0,100,2630,891,0.9284797148543271,359.49191538998605,18.870817390625575,19.378902000639528,same_direction
stress,3,KITTI_odometry,05,5.0,100,2630,892,0.6720316273219475,359.49191538998605,21.25998686144186,21.76807147145587,same_direction
stress,3,KITTI_odometry,05,5.0,100,2630,893,0.5856803968752822,359.49191538998605,23.74686182057161,24.254946430585505,same_direction
stress,3,KITTI_odometry,05,5.0,100,2630,894,0.7366784008134095,359.49191538998605,26.309163263333744,26.817247873347696,same_direction
stress,3,KITTI_odometry,05,5.0,100,2630,895,1.0211223110362473,359.49191538998605,28.933291849815987,29.44137645982994,same_direction
stress,3,KITTI_odometry,05,5.0,100,2630,896,1.3689002443772154,359.49191538998605,31.6427049070856,32.150789517099554,same_direction
stress,3,KITTI_odometry,05,5.0,100,2630,897,1.7321601983431072,359.49191538998605,34.334651184828715,34.84273579484267,same_direction
stress,3,KITTI_odometry,05,5.0,100,2630,898,2.1225903811343367,359.49191538998605,37.062031995396296,37.57011660541025,same_direction
stress,3,KITTI_odometry,05,5.0,100,2630,899,2.4991360368647415,359.49191538998605,39.82043604033885,40.3285206503528,same_direction
stress,3,KITTI_odometry,05,5.0,100,2630,900,2.8972148147434647,359.49191538998605,42.76356363862743,43.271648248641384,same_direction
stress,3,KITTI_odometry,05,5.0,100,2630,901,3.284906818564127,359.49191538998605,45.713313557889705,46.22139816790366,oblique
stress,3,KITTI_odometry,05,5.0,100,2630,902,3.6957259799530697,359.49191538998605,48.51411399620383,49.022198606217785,oblique
stress,3,KITTI_odometry,05,5.0,100,2630,903,4.108990506761486,359.49191538998605,51.4111716420191,51.91925625203305,oblique
stress,3,KITTI_odometry,05,5.0,100,2630,904,4.500572231410588,359.49191538998605,54.37287223105716,54.88095684107111,oblique
stress,3,KITTI_odometry,05,5.0,100,2630,905,4.9200597656000085,359.49191538998605,57.3713213717831,57.87940598179705,oblique
stress,3,KITTI_odometry,05,5.0,100,2631,884,4.599778190565275,359.16934470749845,4.345177176769937,5.175832469271427,same_direction
stress,3,KITTI_odometry,05,5.0,100,2631,885,4.179499679636779,359.16934470749845,6.052095237590606,6.882750530092153,same_direction
stress,3,KITTI_odometry,05,5.0,100,2631,886,3.775419543876027,359.16934470749845,7.935090344853904,8.765745637355394,same_direction
stress,3,KITTI_odometry,05,5.0,100,2631,887,3.362873565153623,359.16934470749845,9.955855257100723,10.786510549602326,same_direction
stress,3,KITTI_odometry,05,5.0,100,2631,888,2.9731180220046736,359.16934470749845,12.08493803442542,12.91559332692691,same_direction
stress,3,KITTI_odometry,05,5.0,100,2631,889,2.5804080450727263,359.16934470749845,14.297812858999578,15.128468151501124,same_direction
stress,3,KITTI_odometry,05,5.0,100,2631,890,2.2210846425915363,359.16934470749845,16.55498581963917,17.385641112140775,same_direction
stress,3,KITTI_odometry,05,5.0,100,2631,891,1.863447467130752,359.16934470749845,18.870817390625575,19.701472683127122,same_direction
stress,3,KITTI_odometry,05,5.0,100,2631,892,1.5575283693342532,359.16934470749845,21.25998686144186,22.090642153943463,same_direction
stress,3,KITTI_odometry,05,5.0,100,2631,893,1.2969767711782596,359.16934470749845,23.74686182057161,24.5775171130731,same_direction
stress,3,KITTI_odometry,05,5.0,100,2631,894,1.1409539256644012,359.16934470749845,26.309163263333744,27.13981855583529,same_direction
stress,3,KITTI_odometry,05,5.0,100,2631,895,1.0966953858952875,359.16934470749845,28.933291849815987,29.763947142317534,same_direction
stress,3,KITTI_odometry,05,5.0,100,2631,896,1.2057069064760344,359.16934470749845,31.6427049070856,32.47336019958715,same_direction
stress,3,KITTI_odometry,05,5.0,100,2631,897,1.4373351454688634,359.16934470749845,34.334651184828715,35.16530647733026,same_direction
stress,3,KITTI_odometry,05,5.0,100,2631,898,1.7411952574527614,359.16934470749845,37.062031995396296,37.89268728789784,same_direction
stress,3,KITTI_odometry,05,5.0,100,2631,899,2.074131537155727,359.16934470749845,39.82043604033885,40.651091332840394,same_direction
stress,3,KITTI_odometry,05,5.0,100,2631,900,2.4328611898587575,359.16934470749845,42.76356363862743,43.59421893112898,same_direction
stress,3,KITTI_odometry,05,5.0,100,2631,901,2.8000085871341547,359.16934470749845,45.713313557889705,46.54396885039125,oblique
stress,3,KITTI_odometry,05,5.0,100,2631,902,3.1971914679330653,359.16934470749845,48.51411399620383,49.34476928870538,oblique
stress,3,KITTI_odometry,05,5.0,100,2631,903,3.608096025744872,359.16934470749845,51.4111716420191,52.241826934520645,oblique
stress,3,KITTI_odometry,05,5.0,100,2631,904,4.008686155961324,359.16934470749845,54.37287223105716,55.203527523558705,oblique
stress,3,KITTI_odometry,05,5.0,100,2631,905,4.434313576572582,359.16934470749845,57.3713213717831,58.20197666428464,oblique
stress,3,KITTI_odometry,05,5.0,100,2631,906,4.854761007152564,359.16934470749845,60.43945825759613,61.270113550097676,oblique
stress,3,KITTI_odometry,05,5.0,100,2632,886,4.708195191593495,358.7128011034517,7.935090344853904,9.222289241402223,same_direction
stress,3,KITTI_odometry,05,5.0,100,2632,887,4.297328876364488,358.7128011034517,9.955855257100723,11.243054153649041,same_direction
stress,3,KITTI_odometry,05,5.0,100,2632,888,3.9100274598340095,358.7128011034517,12.08493803442542,13.372136930973738,same_direction
stress,3,KITTI_odometry,05,5.0,100,2632,889,3.5200660462896267,358.7128011034517,14.297812858999578,15.58501175554784,same_direction
stress,3,KITTI_odometry,05,5.0,100,2632,890,3.1624743841430516,358.7128011034517,16.55498581963917,17.84218471618749,same_direction
stress,3,KITTI_odometry,05,5.0,100,2632,891,2.8028589126392065,358.7128011034517,18.870817390625575,20.15801628717395,same_direction
stress,3,KITTI_odometry,05,5.0,100,2632,892,2.4850011080754153,358.7128011034517,21.25998686144186,22.547185757990178,same_direction
stress,3,KITTI_odometry,05,5.0,100,2632,893,2.1904853668374464,358.7128011034517,23.74686182057161,25.034060717119928,same_direction
stress,3,KITTI_odometry,05,5.0,100,2632,894,1.9595267633793692,358.7128011034517,26.309163263333744,27.59636215988212,same_direction
stress,3,KITTI_odometry,05,5.0,100,2632,895,1.77305731319691,358.7128011034517,28.933291849815987,30.220490746364305,same_direction
stress,3,KITTI_odometry,05,5.0,100,2632,896,1.6783178625162316,358.7128011034517,31.6427049070856,32.92990380363392,same_direction
stress,3,KITTI_odometry,05,5.0,100,2632,897,1.7079432687091838,358.7128011034517,34.334651184828715,35.62185008137703,same_direction
stress,3,KITTI_odometry,05,5.0,100,2632,898,1.8292871352330178,358.7128011034517,37.062031995396296,38.349230891944615,same_direction
stress,3,KITTI_odometry,05,5.0,100,2632,899,2.0369422936944024,358.7128011034517,39.82043604033885,41.107634936887166,same_direction
stress,3,KITTI_odometry,05,5.0,100,2632,900,2.2884920456414095,358.7128011034517,42.76356363862743,44.05076253517575,same_direction
stress,3,KITTI_odometry,05,5.0,100,2632,901,2.5856553433905303,358.7128011034517,45.713313557889705,47.000512454438024,oblique
stress,3,KITTI_odometry,05,5.0,100,2632,902,2.929971384881599,358.7128011034517,48.51411399620383,49.80131289275215,oblique
stress,3,KITTI_odometry,05,5.0,100,2632,903,3.309848607885408,358.7128011034517,51.4111716420191,52.69837053856742,oblique
stress,3,KITTI_odometry,05,5.0,100,2632,904,3.699917540849929,358.7128011034517,54.37287223105716,55.66007112760548,oblique
stress,3,KITTI_odometry,05,5.0,100,2632,905,4.114375960026133,358.7128011034517,57.3713213717831,58.658520268331415,oblique
stress,3,KITTI_odometry,05,5.0,100,2632,906,4.531496453281187,358.7128011034517,60.43945825759613,61.72665715414445,oblique
stress,3,KITTI_odometry,05,5.0,100,2632,907,4.974835500773966,358.7128011034517,63.47052881825732,64.75772771480564,oblique
stress,3,KITTI_odometry,05,5.0,100,2633,888,4.864316186491575,358.22984717601577,12.08493803442542,13.855090858409653,same_direction
stress,3,KITTI_odometry,05,5.0,100,2633,889,4.4763762350634755,358.22984717601577,14.297812858999578,16.067965682983868,same_direction
stress,3,KITTI_odometry,05,5.0,100,2633,890,4.120124637546893,358.22984717601577,16.55498581963917,18.325138643623404,same_direction
stress,3,KITTI_odometry,05,5.0,100,2633,891,3.7599414292141575,358.22984717601577,18.870817390625575,20.64097021460975,same_direction
stress,3,KITTI_odometry,05,5.0,100,2633,892,3.4372387946425853,358.22984717601577,21.25998686144186,23.030139685426093,same_direction
stress,3,KITTI_odometry,05,5.0,100,2633,893,3.1300038731223534,358.22984717601577,23.74686182057161,25.517014644555843,same_direction
stress,3,KITTI_odometry,05,5.0,100,2633,894,2.8729834165626515,358.22984717601577,26.309163263333744,28.079316087317977,same_direction
stress,3,KITTI_odometry,05,5.0,100,2633,895,2.637166498742361,358.22984717601577,28.933291849815987,30.70344467380022,same_direction
stress,3,KITTI_odometry,05,5.0,100,2633,896,2.458464452085705,358.22984717601577,31.6427049070856,33.412857731069835,same_direction
stress,3,KITTI_odometry,05,5.0,100,2633,897,2.372423079938525,358.22984717601577,34.334651184828715,36.10480400881295,same_direction
stress,3,KITTI_odometry,05,5.0,100,2633,898,2.3487942062601044,358.22984717601577,37.062031995396296,38.83218481938053,same_direction
stress,3,KITTI_odometry,05,5.0,100,2633,899,2.4185582084723602,358.22984717601577,39.82043604033885,41.59058886432308,same_direction
stress,3,KITTI_odometry,05,5.0,100,2633,900,2.5307887917121854,358.22984717601577,42.76356363862743,44.533716462611665,same_direction
stress,3,KITTI_odometry,05,5.0,100,2633,901,2.7162045584970196,358.22984717601577,45.713313557889705,47.48346638187394,oblique
stress,3,KITTI_odometry,05,5.0,100,2633,902,2.9650604834183394,358.22984717601577,48.51411399620383,50.284266820188066,oblique
stress,3,KITTI_odometry,05,5.0,100,2633,903,3.2764356682469757,358.22984717601577,51.4111716420191,53.18132446600333,oblique
stress,3,KITTI_odometry,05,5.0,100,2633,904,3.6267930303342375,358.22984717601577,54.37287223105716,56.14302505504139,oblique
stress,3,KITTI_odometry,05,5.0,100,2633,905,4.004791197133877,358.22984717601577,57.3713213717831,59.14147419576733,oblique
stress,3,KITTI_odometry,05,5.0,100,2633,906,4.3985840847054405,358.22984717601577,60.43945825759613,62.20961108158036,oblique
stress,3,KITTI_odometry,05,5.0,100,2633,907,4.818356678301119,358.22984717601577,63.47052881825732,65.24068164224155,oblique
stress,3,KITTI_odometry,05,5.0,100,2634,891,4.725456964498684,357.7564438473281,18.870817390625575,21.11437354329746,same_direction
stress,3,KITTI_odometry,05,5.0,100,2634,892,4.400526339144458,357.7564438473281,21.25998686144186,23.503543014113802,same_direction
stress,3,KITTI_odometry,05,5.0,100,2634,893,4.0872194332119,357.7564438473281,23.74686182057161,25.99041797324344,same_direction
stress,3,KITTI_odometry,05,5.0,100,2634,894,3.8180911413930514,357.7564438473281,26.309163263333744,28.55271941600563,same_direction
stress,3,KITTI_odometry,05,5.0,100,2634,895,3.5601888717596344,357.7564438473281,28.933291849815987,31.176848002487873,same_direction
stress,3,KITTI_odometry,05,5.0,100,2634,896,3.343841909845794,357.7564438473281,31.6427049070856,33.88626105975749,same_direction
stress,3,KITTI_odometry,05,5.0,100,2634,897,3.2017568375442043,357.7564438473281,34.334651184828715,36.5782073375006,same_direction
stress,3,KITTI_odometry,05,5.0,100,2634,898,3.098504997450402,357.7564438473281,37.062031995396296,39.30558814806818,same_direction
stress,3,KITTI_odometry,05,5.0,100,2634,899,3.076626488191427,357.7564438473281,39.82043604033885,42.06399219301073,same_direction
stress,3,KITTI_odometry,05,5.0,100,2634,900,3.080681673347653,357.7564438473281,42.76356363862743,45.00711979129932,oblique
stress,3,KITTI_odometry,05,5.0,100,2634,901,3.160806168880973,357.7564438473281,45.713313557889705,47.95686971056159,oblique
stress,3,KITTI_odometry,05,5.0,100,2634,902,3.3049138874786173,357.7564438473281,48.51411399620383,50.75767014887572,oblique
stress,3,KITTI_odometry,05,5.0,100,2634,903,3.527505832767546,357.7564438473281,51.4111716420191,53.654727794690984,oblique
stress,3,KITTI_odometry,05,5.0,100,2634,904,3.8146780743104687,357.7564438473281,54.37287223105716,56.616428383729044,oblique
stress,3,KITTI_odometry,05,5.0,100,2634,905,4.133785518549437,357.7564438473281,57.3713213717831,59.61487752445498,oblique
stress,3,KITTI_odometry,05,5.0,100,2634,906,4.4840274350191045,357.7564438473281,60.43945825759613,62.683014410268015,oblique
stress,3,KITTI_odometry,05,5.0,100,2634,907,4.861724802898763,357.7564438473281,63.47052881825732,65.7140849709292,oblique
stress,3,KITTI_odometry,05,5.0,100,2635,894,4.776958148303587,357.3368930850044,26.309163263333744,28.972270178329325,same_direction
stress,3,KITTI_odometry,05,5.0,100,2635,895,4.506923242932046,357.3368930850044,28.933291849815987,31.596398764811568,same_direction
stress,3,KITTI_odometry,05,5.0,100,2635,896,4.270288166239037,357.3368930850044,31.6427049070856,34.30581182208118,same_direction
stress,3,KITTI_odometry,05,5.0,100,2635,897,4.097714612986246,357.3368930850044,34.334651184828715,36.997758099824296,same_direction
stress,3,KITTI_odometry,05,5.0,100,2635,898,3.9499610590517347,357.3368930850044,37.062031995396296,39.72513891039188,same_direction
stress,3,KITTI_odometry,05,5.0,100,2635,899,3.873011932530173,357.3368930850044,39.82043604033885,42.48354295533443,same_direction
stress,3,KITTI_odometry,05,5.0,100,2635,900,3.8072601888497313,357.3368930850044,42.76356363862743,45.42667055362301,oblique
stress,3,KITTI_odometry,05,5.0,100,2635,901,3.8109664566164816,357.3368930850044,45.713313557889705,48.376420472885286,oblique
stress,3,KITTI_odometry,05,5.0,100,2635,902,3.869666019517577,357.3368930850044,48.51411399620383,51.17722091119941,oblique
stress,3,KITTI_odometry,05,5.0,100,2635,903,4.009273404776616,357.3368930850044,51.4111716420191,54.07427855701468,oblique
stress,3,KITTI_odometry,05,5.0,100,2635,904,4.227890506059142,357.3368930850044,54.37287223105716,57.03597914605274,oblique
stress,3,KITTI_odometry,05,5.0,100,2635,905,4.4794655303070545,357.3368930850044,57.3713213717831,60.03442828677868,oblique
stress,3,KITTI_odometry,05,5.0,100,2635,906,4.77450310818456,357.3368930850044,60.43945825759613,63.10256517259171,oblique
stress,3,KITTI_odometry,05,5.0,100,2636,898,4.850178377464608,356.9725484603495,37.062031995396296,40.08948353504678,same_direction
stress,3,KITTI_odometry,05,5.0,100,2636,899,4.738515078975819,356.9725484603495,39.82043604033885,42.84788757998933,same_direction
stress,3,KITTI_odometry,05,5.0,100,2636,900,4.6277907600603765,356.9725484603495,42.76356363862743,45.79101517827792,oblique
stress,3,KITTI_odometry,05,5.0,100,2636,901,4.579403618354255,356.9725484603495,45.713313557889705,48.74076509754019,oblique
stress,3,KITTI_odometry,05,5.0,100,2636,902,4.575910938876442,356.9725484603495,48.51411399620383,51.54156553585432,oblique
stress,3,KITTI_odometry,05,5.0,100,2636,903,4.649341196183515,356.9725484603495,51.4111716420191,54.438623181669584,oblique
stress,3,KITTI_odometry,05,5.0,100,2636,904,4.807107359631682,356.9725484603495,54.37287223105716,57.400323770707644,oblique
stress,3,KITTI_odometry,05,5.0,100,2636,905,4.995160595825638,356.9725484603495,57.3713213717831,60.39877291143358,oblique
